membrane_orthogroup	soluble_orthogroup	tmd_index	modal_tmd_count	membrane_target_relative_position	soluble_alignment_column	soluble_median_relative_position	absolute_relative_difference	species_total
orthogroup_100	orthogroup_1495	1	12	0.07307138	32	0.07416880	0.00109741	10
orthogroup_100	orthogroup_1495	2	12	0.20155039	82	0.20204604	0.00049565	10
orthogroup_100	orthogroup_1495	3	12	0.29457364	119	0.29411765	0.00045600	10
orthogroup_100	orthogroup_1495	4	12	0.36692506	147	0.36572890	0.00119616	10
orthogroup_100	orthogroup_1495	5	12	0.44702842	179	0.44757033	0.00054191	10
orthogroup_100	orthogroup_1495	6	12	0.50904393	203	0.50895141	0.00009252	10
orthogroup_100	orthogroup_1495	7	12	0.56330749	228	0.56265985	0.00064765	10
orthogroup_100	orthogroup_1495	8	12	0.60981912	246	0.60869565	0.00112347	10
orthogroup_100	orthogroup_1495	9	12	0.70542636	284	0.70588235	0.00045600	10
orthogroup_100	orthogroup_1495	10	12	0.79844961	320	0.79795396	0.00049565	10
orthogroup_100	orthogroup_1495	11	12	0.89788827	367	0.89769821	0.00019006	10
orthogroup_100	orthogroup_1495	12	12	0.97611728	398	0.97698210	0.00086481	10
orthogroup_1013	orthogroup_1523	1	4	0.17142857	31	0.17142857	0.00000000	9
orthogroup_1013	orthogroup_1523	2	4	0.35428571	63	0.35428571	0.00000000	9
orthogroup_1013	orthogroup_1523	3	4	0.48571429	86	0.48571429	0.00000000	9
orthogroup_1013	orthogroup_1523	4	4	0.92000000	162	0.92000000	0.00000000	9
orthogroup_1014	orthogroup_1395	1	6	0.15040650	41	0.15040650	0.00000000	9
orthogroup_1014	orthogroup_1395	2	6	0.41869919	107	0.41869919	0.00000000	9
orthogroup_1014	orthogroup_1395	3	6	0.56504065	143	0.56504065	0.00000000	9
orthogroup_1014	orthogroup_1395	4	6	0.64634146	163	0.64634146	0.00000000	9
orthogroup_1014	orthogroup_1395	5	6	0.83739837	210	0.83739837	0.00000000	9
orthogroup_1014	orthogroup_1395	6	6	0.96341463	241	0.96341463	0.00000000	9
orthogroup_1024	orthogroup_1351	1	7	0.05893536	32	0.05849057	0.00044480	9
orthogroup_1024	orthogroup_1351	2	7	0.12737643	69	0.12830189	0.00092546	9
orthogroup_1024	orthogroup_1351	3	7	0.19465649	104	0.19433962	0.00031687	9
orthogroup_1024	orthogroup_1351	4	7	0.28326996	151	0.28301887	0.00025109	9
orthogroup_1024	orthogroup_1351	5	7	0.32571429	174	0.32641509	0.00070081	9
orthogroup_1024	orthogroup_1351	6	7	0.38783270	207	0.38867925	0.00084655	9
orthogroup_1024	orthogroup_1351	7	7	0.44083969	235	0.44150943	0.00066974	9
orthogroup_1031	orthogroup_1555	1	4	0.18461538	25	0.18320611	0.00140928	9
orthogroup_1031	orthogroup_1555	2	4	0.45384615	60	0.45038168	0.00346447	9
orthogroup_1031	orthogroup_1555	3	4	0.69230769	92	0.69465649	0.00234880	9
orthogroup_1031	orthogroup_1555	4	4	0.92307692	122	0.92366412	0.00058720	9
orthogroup_1038	orthogroup_172	1	5	0.05160142	30	0.05141844	0.00018298	9
orthogroup_1038	orthogroup_172	2	5	0.12099644	69	0.12056738	0.00042907	9
orthogroup_1038	orthogroup_172	3	5	0.15836299	90	0.15780142	0.00056157	9
orthogroup_1038	orthogroup_172	4	5	0.24911032	141	0.24822695	0.00088337	9
orthogroup_1038	orthogroup_172	5	5	0.30960854	176	0.31028369	0.00067515	9
orthogroup_104	orthogroup_368	1	10	0.06510417	26	0.06561680	0.00051263	8
orthogroup_104	orthogroup_368	2	10	0.16666667	64	0.16535433	0.00131234	8
orthogroup_104	orthogroup_368	3	10	0.23177083	89	0.23097113	0.00079970	8
orthogroup_104	orthogroup_368	4	10	0.32812500	126	0.32808399	0.00004101	8
orthogroup_104	orthogroup_368	5	10	0.39635009	152	0.39632546	0.00002463	8
orthogroup_104	orthogroup_368	6	10	0.52343750	200	0.52230971	0.00112779	8
orthogroup_104	orthogroup_368	7	10	0.61718750	236	0.61679790	0.00038960	8
orthogroup_104	orthogroup_368	8	10	0.70404292	269	0.70341207	0.00063084	8
orthogroup_104	orthogroup_368	9	10	0.86197917	329	0.86089239	0.00108678	8
orthogroup_104	orthogroup_368	10	10	0.97526042	373	0.97637795	0.00111754	8
orthogroup_1040	orthogroup_1314	1	10	0.03804348	33	0.03825137	0.00020789	8
orthogroup_1040	orthogroup_1314	2	10	0.08333333	58	0.08378871	0.00045537	8
orthogroup_1040	orthogroup_1314	3	10	0.14855072	94	0.14936248	0.00081175	8
orthogroup_1040	orthogroup_1314	4	10	0.20652174	125	0.20582878	0.00069296	8
orthogroup_1040	orthogroup_1314	5	10	0.32065217	188	0.32058288	0.00006930	8
orthogroup_1040	orthogroup_1314	6	10	0.70108696	397	0.70127505	0.00018809	8
orthogroup_1040	orthogroup_1314	7	10	0.75181159	425	0.75227687	0.00046527	8
orthogroup_1040	orthogroup_1314	8	10	0.80978261	457	0.81056466	0.00078205	8
orthogroup_1040	orthogroup_1314	9	10	0.87840290	494	0.87795993	0.00044298	8
orthogroup_1040	orthogroup_1314	10	10	0.98550725	553	0.98542805	0.00007920	8
orthogroup_1042	orthogroup_1459	1	10	0.05704698	18	0.05666667	0.00038031	9
orthogroup_1042	orthogroup_1459	2	10	0.15436242	47	0.15333333	0.00102908	9
orthogroup_1042	orthogroup_1459	3	10	0.25167785	77	0.25333333	0.00165548	9
orthogroup_1042	orthogroup_1459	4	10	0.33557047	102	0.33666667	0.00109620	9
orthogroup_1042	orthogroup_1459	5	10	0.42617450	129	0.42617450	0.00000000	9
orthogroup_1042	orthogroup_1459	6	10	0.52348993	158	0.52333333	0.00015660	9
orthogroup_1042	orthogroup_1459	7	10	0.63758389	198	0.63666667	0.00091723	9
orthogroup_1042	orthogroup_1459	8	10	0.74832215	231	0.74747475	0.00084740	9
orthogroup_1042	orthogroup_1459	9	10	0.84563758	261	0.84511785	0.00051974	9
orthogroup_1042	orthogroup_1459	10	10	0.92281879	284	0.92255892	0.00025987	9
orthogroup_1047	orthogroup_462	1	3	0.20000000	60	0.20000000	0.00000000	9
orthogroup_1047	orthogroup_462	2	3	0.30175439	89	0.30175439	0.00000000	9
orthogroup_1047	orthogroup_462	3	3	0.37543860	110	0.37543860	0.00000000	9
orthogroup_105	orthogroup_468	1	8	0.11016949	53	0.11040340	0.00023391	9
orthogroup_105	orthogroup_468	2	8	0.20000000	95	0.19957537	0.00042463	9
orthogroup_105	orthogroup_468	3	8	0.48940678	232	0.49044586	0.00103908	9
orthogroup_105	orthogroup_468	4	8	0.57415254	271	0.57324841	0.00090413	9
orthogroup_105	orthogroup_468	5	8	0.65042373	309	0.64968153	0.00074220	9
orthogroup_105	orthogroup_468	6	8	0.73940678	361	0.73885350	0.00055328	9
orthogroup_105	orthogroup_468	7	8	0.79449153	391	0.80254777	0.00805625	9
orthogroup_105	orthogroup_468	8	8	0.93008475	452	0.92993631	0.00014844	9
orthogroup_1050	orthogroup_1	1	6	0.04021938	23	0.04000000	0.00021938	9
orthogroup_1050	orthogroup_1	2	6	0.69287020	385	0.69272727	0.00014293	9
orthogroup_1050	orthogroup_1	3	6	0.79890311	444	0.79818182	0.00072129	9
orthogroup_1050	orthogroup_1	4	6	0.87385740	486	0.87454545	0.00068805	9
orthogroup_1050	orthogroup_1	5	6	0.92870201	516	0.92909091	0.00038890	9
orthogroup_1050	orthogroup_1	6	6	0.96343693	535	0.96363636	0.00019943	9
orthogroup_1059	orthogroup_1298	1	12	0.08229426	36	0.08173077	0.00056350	8
orthogroup_1059	orthogroup_1298	2	12	0.16209476	69	0.16105769	0.00103707	8
orthogroup_1059	orthogroup_1298	3	12	0.23441397	100	0.23557692	0.00116296	8
orthogroup_1059	orthogroup_1298	4	12	0.29213529	124	0.29326923	0.00113394	8
orthogroup_1059	orthogroup_1298	5	12	0.39401496	166	0.39423077	0.00021581	8
orthogroup_1059	orthogroup_1298	6	12	0.45885287	193	0.45913462	0.00028175	8
orthogroup_1059	orthogroup_1298	7	12	0.57356608	241	0.57451923	0.00095315	8
orthogroup_1059	orthogroup_1298	8	12	0.65336658	274	0.65384615	0.00047957	8
orthogroup_1059	orthogroup_1298	9	12	0.73067332	306	0.73076923	0.00009591	8
orthogroup_1059	orthogroup_1298	10	12	0.78304239	328	0.78365385	0.00061145	8
orthogroup_1059	orthogroup_1298	11	12	0.88778055	371	0.88701923	0.00076132	8
orthogroup_1059	orthogroup_1298	12	12	0.96379364	403	0.96394231	0.00014867	8
orthogroup_1074	orthogroup_1656	1	8	0.08778626	35	0.08778626	0.00000000	9
orthogroup_1074	orthogroup_1656	2	8	0.19847328	64	0.19847328	0.00000000	9
orthogroup_1074	orthogroup_1656	3	8	0.32061069	96	0.32061069	0.00000000	9
orthogroup_1074	orthogroup_1656	4	8	0.41603053	127	0.41603053	0.00000000	9
orthogroup_1074	orthogroup_1656	5	8	0.55343511	163	0.55343511	0.00000000	9
orthogroup_1074	orthogroup_1656	6	8	0.74427481	213	0.74427481	0.00000000	9
orthogroup_1074	orthogroup_1656	7	8	0.85496183	242	0.85496183	0.00000000	9
orthogroup_1074	orthogroup_1656	8	8	0.96183206	270	0.96183206	0.00000000	9
orthogroup_110	orthogroup_173	1	3	0.33333333	39	0.33333333	0.00000000	9
orthogroup_110	orthogroup_173	2	3	0.69298246	80	0.69298246	0.00000000	9
orthogroup_110	orthogroup_173	3	3	0.98245614	111	0.96491228	0.01754386	9
orthogroup_1107	orthogroup_933	1	4	0.23664122	39	0.23484848	0.00179274	9
orthogroup_1107	orthogroup_933	2	4	0.41221374	62	0.40909091	0.00312283	9
orthogroup_1107	orthogroup_933	3	4	0.60305344	88	0.60606061	0.00300717	9
orthogroup_1107	orthogroup_933	4	4	0.86259542	122	0.86363636	0.00104094	9
orthogroup_1110	orthogroup_1016	1	5	0.18987342	47	0.19087466	0.00100124	8
orthogroup_1110	orthogroup_1016	2	5	0.32489451	79	0.32365702	0.00123749	8
orthogroup_1110	orthogroup_1016	3	5	0.50632911	123	0.50623278	0.00009633	8
orthogroup_1110	orthogroup_1016	4	5	0.75105485	188	0.75160407	0.00054922	8
orthogroup_1110	orthogroup_1016	5	5	0.92827004	231	0.92839696	0.00012692	8
orthogroup_1124	orthogroup_1209	1	4	0.11809045	53	0.11838791	0.00029746	9
orthogroup_1124	orthogroup_1209	2	4	0.72361809	293	0.72292191	0.00069618	9
orthogroup_1124	orthogroup_1209	3	4	0.84422111	341	0.84382872	0.00039239	9
orthogroup_1124	orthogroup_1209	4	4	0.95979899	387	0.95969773	0.00010126	9
orthogroup_1141	orthogroup_635	1	9	0.07671958	35	0.07702537	0.00030579	10
orthogroup_1141	orthogroup_635	2	9	0.19047619	82	0.19123540	0.00075921	10
orthogroup_1141	orthogroup_635	3	9	0.25925926	126	0.25827684	0.00098241	10
orthogroup_1141	orthogroup_635	4	9	0.37037037	171	0.36953532	0.00083505	10
orthogroup_1141	orthogroup_635	5	9	0.48677249	215	0.48609181	0.00068067	10
orthogroup_1141	orthogroup_635	6	9	0.58730159	253	0.58675424	0.00054735	10
orthogroup_1141	orthogroup_635	7	9	0.74338624	312	0.74304591	0.00034034	10
orthogroup_1141	orthogroup_635	8	9	0.82275132	342	0.82251624	0.00023508	10
orthogroup_1141	orthogroup_635	9	9	0.94973545	390	0.94966879	0.00006666	10
orthogroup_1154	orthogroup_263	1	10	0.09455587	34	0.09401709	0.00053878	9
orthogroup_1154	orthogroup_263	2	10	0.16905444	60	0.16809117	0.00096327	9
orthogroup_1154	orthogroup_263	3	10	0.25214900	90	0.25356125	0.00141226	9
orthogroup_1154	orthogroup_263	4	10	0.31623932	112	0.31623932	0.00000000	9
orthogroup_1154	orthogroup_263	5	10	0.38681948	137	0.38746439	0.00064490	9
orthogroup_1154	orthogroup_263	6	10	0.67048711	236	0.66951567	0.00097144	9
orthogroup_1154	orthogroup_263	7	10	0.73829201	260	0.73789174	0.00040027	9
orthogroup_1154	orthogroup_263	8	10	0.81542700	287	0.81481481	0.00061218	9
orthogroup_1154	orthogroup_263	9	10	0.90028490	317	0.90028490	0.00000000	9
orthogroup_1154	orthogroup_263	10	10	0.96011396	338	0.96011396	0.00000000	9
orthogroup_1158	orthogroup_1518	1	5	0.07179487	68	0.07179487	0.00000000	9
orthogroup_1158	orthogroup_1518	2	5	0.13504274	105	0.13504274	0.00000000	9
orthogroup_1158	orthogroup_1518	3	5	0.17435897	128	0.17435897	0.00000000	9
orthogroup_1158	orthogroup_1518	4	5	0.26666667	182	0.26666667	0.00000000	9
orthogroup_1158	orthogroup_1518	5	5	0.32478632	216	0.32478632	0.00000000	9
orthogroup_1177	orthogroup_254	1	6	0.12787083	46	0.12820513	0.00033430	10
orthogroup_1177	orthogroup_254	2	6	0.21474359	73	0.21474359	0.00000000	10
orthogroup_1177	orthogroup_254	3	6	0.34880089	115	0.34935897	0.00055808	10
orthogroup_1177	orthogroup_254	4	6	0.45192308	147	0.45192308	0.00000000	10
orthogroup_1177	orthogroup_254	5	6	0.57051282	184	0.57051282	0.00000000	10
orthogroup_1177	orthogroup_254	6	6	0.64423077	207	0.64423077	0.00000000	10
orthogroup_1181	orthogroup_814	1	6	0.07573150	53	0.07586207	0.00013057	10
orthogroup_1181	orthogroup_814	2	6	0.15490534	99	0.15517241	0.00026708	10
orthogroup_1181	orthogroup_814	3	6	0.27710843	171	0.27758621	0.00047777	10
orthogroup_1181	orthogroup_814	4	6	0.31841652	195	0.31896552	0.00054899	10
orthogroup_1181	orthogroup_814	5	6	0.46299484	282	0.46379310	0.00079827	10
orthogroup_1181	orthogroup_814	6	6	0.52839931	326	0.52758621	0.00081310	10
orthogroup_119	orthogroup_251	1	3	0.13245033	22	0.13461538	0.00216505	8
orthogroup_119	orthogroup_251	2	3	0.40264465	64	0.40384615	0.00120150	8
orthogroup_119	orthogroup_251	3	3	0.54966887	87	0.55128205	0.00161318	8
orthogroup_1208	orthogroup_1534	1	5	0.02961918	22	0.02953586	0.00008332	9
orthogroup_1208	orthogroup_1534	2	5	0.31170663	223	0.31223629	0.00052966	9
orthogroup_1208	orthogroup_1534	3	5	0.34555712	247	0.34599156	0.00043444	9
orthogroup_1208	orthogroup_1534	4	5	0.50352609	359	0.50351617	0.00000992	9
orthogroup_1208	orthogroup_1534	5	5	0.95338983	680	0.95358650	0.00019667	9
orthogroup_1225	orthogroup_1607	1	3	0.17218543	27	0.17333333	0.00114790	9
orthogroup_1225	orthogroup_1607	2	3	0.31788079	49	0.32000000	0.00211921	9
orthogroup_1225	orthogroup_1607	3	3	0.49006623	75	0.49333333	0.00326711	9
orthogroup_1267	orthogroup_1232	1	10	0.09485095	37	0.09510870	0.00025775	9
orthogroup_1267	orthogroup_1232	2	10	0.17615176	67	0.17663043	0.00047867	9
orthogroup_1267	orthogroup_1232	3	10	0.24661247	93	0.24728261	0.00067014	9
orthogroup_1267	orthogroup_1232	4	10	0.34417344	129	0.34510870	0.00093525	9
orthogroup_1267	orthogroup_1232	5	10	0.42005420	157	0.42119565	0.00114145	9
orthogroup_1267	orthogroup_1232	6	10	0.47425474	177	0.47554348	0.00128874	9
orthogroup_1267	orthogroup_1232	7	10	0.54200542	201	0.54076087	0.00124455	9
orthogroup_1267	orthogroup_1232	8	10	0.79403794	304	0.79347826	0.00055968	9
orthogroup_1267	orthogroup_1232	9	10	0.88888889	339	0.88858696	0.00030193	9
orthogroup_1267	orthogroup_1232	10	10	0.95663957	364	0.95652174	0.00011783	9
orthogroup_1270	orthogroup_1068	1	7	0.18025751	44	0.18025751	0.00000000	9
orthogroup_1270	orthogroup_1068	2	7	0.32618026	78	0.32618026	0.00000000	9
orthogroup_1270	orthogroup_1068	3	7	0.45064378	107	0.45064378	0.00000000	9
orthogroup_1270	orthogroup_1068	4	7	0.56223176	133	0.56223176	0.00000000	9
orthogroup_1270	orthogroup_1068	5	7	0.68669528	162	0.68669528	0.00000000	9
orthogroup_1270	orthogroup_1068	6	7	0.79399142	187	0.79399142	0.00000000	9
orthogroup_1270	orthogroup_1068	7	7	0.98283262	231	0.98283262	0.00000000	9
orthogroup_1271	orthogroup_143	1	14	0.03346457	21	0.03320312	0.00026144	10
orthogroup_1271	orthogroup_143	2	14	0.09055118	50	0.08984375	0.00070743	10
orthogroup_1271	orthogroup_143	3	14	0.20669291	110	0.20703125	0.00033834	10
orthogroup_1271	orthogroup_143	4	14	0.25984252	137	0.25976562	0.00007689	10
orthogroup_1271	orthogroup_143	5	14	0.30511811	160	0.30468750	0.00043061	10
orthogroup_1271	orthogroup_143	6	14	0.37992126	207	0.38085938	0.00093812	10
orthogroup_1271	orthogroup_143	7	14	0.47047244	253	0.47070312	0.00023068	10
orthogroup_1271	orthogroup_143	8	14	0.53346457	285	0.53320312	0.00026144	10
orthogroup_1271	orthogroup_143	9	14	0.60236220	319	0.59960938	0.00275283	10
orthogroup_1271	orthogroup_143	10	14	0.65157480	346	0.65234375	0.00076895	10
orthogroup_1271	orthogroup_143	11	14	0.70669291	374	0.70703125	0.00033834	10
orthogroup_1271	orthogroup_143	12	14	0.78163987	412	0.78125000	0.00038987	10
orthogroup_1271	orthogroup_143	13	14	0.86417323	454	0.86328125	0.00089198	10
orthogroup_1271	orthogroup_143	14	14	0.94291339	495	0.94335938	0.00044599	10
orthogroup_1294	orthogroup_73	1	4	0.06462585	23	0.06315789	0.00146796	8
orthogroup_1294	orthogroup_73	2	4	0.15986395	51	0.16140351	0.00153956	8
orthogroup_1294	orthogroup_73	3	4	0.63605442	188	0.63637142	0.00031699	8
orthogroup_1294	orthogroup_73	4	4	0.74489796	219	0.74476435	0.00013361	8
orthogroup_1309	orthogroup_78	1	12	0.11604938	47	0.11586902	0.00018037	8
orthogroup_1309	orthogroup_78	2	12	0.19753086	79	0.19647355	0.00105731	8
orthogroup_1309	orthogroup_78	3	12	0.26913580	108	0.26952141	0.00038561	8
orthogroup_1309	orthogroup_78	4	12	0.32345679	129	0.32241814	0.00103865	8
orthogroup_1309	orthogroup_78	5	12	0.42222222	169	0.42317380	0.00095158	8
orthogroup_1309	orthogroup_78	6	12	0.48395062	193	0.48362720	0.00032341	8
orthogroup_1309	orthogroup_78	7	12	0.61975309	247	0.61964736	0.00010573	8
orthogroup_1309	orthogroup_78	8	12	0.69629630	277	0.69521411	0.00108219	8
orthogroup_1309	orthogroup_78	9	12	0.77037037	308	0.77078086	0.00041049	8
orthogroup_1309	orthogroup_78	10	12	0.83209877	332	0.83123426	0.00086451	8
orthogroup_1309	orthogroup_78	11	12	0.91851852	367	0.91939547	0.00087695	8
orthogroup_1309	orthogroup_78	12	12	0.98271605	392	0.98236776	0.00034829	8
orthogroup_1311	orthogroup_873	1	3	0.15720524	37	0.15720524	0.00000000	9
orthogroup_1311	orthogroup_873	2	3	0.64192140	152	0.64069264	0.00122876	9
orthogroup_1311	orthogroup_873	3	3	0.83406114	211	0.83406114	0.00000000	9
orthogroup_1313	orthogroup_1089	1	5	0.22885572	47	0.23000000	0.00114428	9
orthogroup_1313	orthogroup_1089	2	5	0.39500000	80	0.39500000	0.00000000	9
orthogroup_1313	orthogroup_1089	3	5	0.60000000	121	0.60000000	0.00000000	9
orthogroup_1313	orthogroup_1089	4	5	0.72000000	145	0.72000000	0.00000000	9
orthogroup_1313	orthogroup_1089	5	5	0.85000000	171	0.85000000	0.00000000	9
orthogroup_1328	orthogroup_811	1	6	0.16610169	51	0.16554054	0.00056115	10
orthogroup_1328	orthogroup_811	2	6	0.34915254	106	0.34797297	0.00117957	10
orthogroup_1328	orthogroup_811	3	6	0.48474576	146	0.48310811	0.00163765	10
orthogroup_1328	orthogroup_811	4	6	0.56949153	172	0.57094595	0.00145442	10
orthogroup_1328	orthogroup_811	5	6	0.77627119	233	0.77702703	0.00075584	10
orthogroup_1328	orthogroup_811	6	6	0.96610169	291	0.96621622	0.00011452	10
orthogroup_1335	orthogroup_187	1	11	0.44354110	502	0.44335415	0.00018695	9
orthogroup_1335	orthogroup_187	2	11	0.49005425	554	0.48974130	0.00031295	9
orthogroup_1335	orthogroup_187	3	11	0.51989150	588	0.52007136	0.00017986	9
orthogroup_1335	orthogroup_187	4	11	0.55696203	629	0.55664585	0.00031617	9
orthogroup_1335	orthogroup_187	5	11	0.58446251	660	0.58429973	0.00016278	9
orthogroup_1335	orthogroup_187	6	11	0.62115732	701	0.62087422	0.00028310	9
orthogroup_1335	orthogroup_187	7	11	0.64711191	730	0.64674398	0.00036793	9
orthogroup_1335	orthogroup_187	8	11	0.72267389	816	0.72256913	0.00010476	9
orthogroup_1335	orthogroup_187	9	11	0.77145438	871	0.77163247	0.00017809	9
orthogroup_1335	orthogroup_187	10	11	0.80650995	910	0.80642284	0.00008711	9
orthogroup_1335	orthogroup_187	11	11	0.83363472	941	0.83407672	0.00044200	9
orthogroup_136	orthogroup_357	1	5	0.27027027	72	0.27027027	0.00000000	9
orthogroup_136	orthogroup_357	2	5	0.41698842	110	0.41698842	0.00000000	9
orthogroup_136	orthogroup_357	3	5	0.64478764	169	0.64478764	0.00000000	9
orthogroup_136	orthogroup_357	4	5	0.84169884	220	0.84169884	0.00000000	9
orthogroup_136	orthogroup_357	5	5	0.99613900	258	0.98841699	0.00772201	9
orthogroup_1362	orthogroup_532	1	6	0.09565217	23	0.09565217	0.00000000	9
orthogroup_1362	orthogroup_532	2	6	0.20434783	48	0.20434783	0.00000000	9
orthogroup_1362	orthogroup_532	3	6	0.33478261	78	0.33478261	0.00000000	9
orthogroup_1362	orthogroup_532	4	6	0.48695652	115	0.48695652	0.00000000	9
orthogroup_1362	orthogroup_532	5	6	0.71739130	168	0.71739130	0.00000000	9
orthogroup_1362	orthogroup_532	6	6	0.96086957	224	0.96086957	0.00000000	9
orthogroup_1363	orthogroup_1075	1	6	0.08620690	21	0.08474576	0.00146113	9
orthogroup_1363	orthogroup_1075	2	6	0.32773109	78	0.32627119	0.00145991	9
orthogroup_1363	orthogroup_1075	3	6	0.47478992	113	0.47457627	0.00021364	9
orthogroup_1363	orthogroup_1075	4	6	0.68487395	163	0.68644068	0.00156673	9
orthogroup_1363	orthogroup_1075	5	6	0.78151261	185	0.77966102	0.00185159	9
orthogroup_1363	orthogroup_1075	6	6	0.89495798	212	0.89406780	0.00089019	9
orthogroup_1365	orthogroup_1028	1	14	0.05578512	58	0.05515838	0.00062674	10
orthogroup_1365	orthogroup_1028	2	14	0.11157025	86	0.11235967	0.00078942	10
orthogroup_1365	orthogroup_1028	3	14	0.18595041	122	0.18590418	0.00004624	10
orthogroup_1365	orthogroup_1028	4	14	0.25619835	156	0.25536288	0.00083547	10
orthogroup_1365	orthogroup_1028	5	14	0.30165289	179	0.30234965	0.00069676	10
orthogroup_1365	orthogroup_1028	6	14	0.36776860	215	0.36809816	0.00032956	10
orthogroup_1365	orthogroup_1028	7	14	0.45867769	262	0.45863069	0.00004699	10
orthogroup_1365	orthogroup_1028	8	14	0.52479339	294	0.52400359	0.00078980	10
orthogroup_1365	orthogroup_1028	9	14	0.59917355	331	0.59959100	0.00041745	10
orthogroup_1365	orthogroup_1028	10	14	0.65289256	357	0.65270648	0.00018608	10
orthogroup_1365	orthogroup_1028	11	14	0.71280992	386	0.71181199	0.00099792	10
orthogroup_1365	orthogroup_1028	12	14	0.80991736	434	0.80981595	0.00010140	10
orthogroup_1365	orthogroup_1028	13	14	0.88636364	471	0.88548057	0.00088306	10
orthogroup_1365	orthogroup_1028	14	14	0.97933884	505	0.95501022	0.02432862	10
orthogroup_1379	orthogroup_180	1	10	0.08597285	46	0.08558559	0.00038727	10
orthogroup_1379	orthogroup_180	2	10	0.21266968	105	0.21171171	0.00095797	10
orthogroup_1379	orthogroup_180	3	10	0.29411765	142	0.29504505	0.00092740	10
orthogroup_1379	orthogroup_180	4	10	0.40045249	189	0.40090090	0.00044841	10
orthogroup_1379	orthogroup_180	5	10	0.44796380	210	0.44819820	0.00023440	10
orthogroup_1379	orthogroup_180	6	10	0.52941176	246	0.52927928	0.00013249	10
orthogroup_1379	orthogroup_180	7	10	0.64705882	300	0.64639640	0.00066243	10
orthogroup_1379	orthogroup_180	8	10	0.74208145	342	0.74099099	0.00109046	10
orthogroup_1379	orthogroup_180	9	10	0.88914027	408	0.88963964	0.00049937	10
orthogroup_1379	orthogroup_180	10	10	0.93438914	428	0.93468468	0.00029554	10
orthogroup_1380	orthogroup_313	1	12	0.07653061	31	0.07614262	0.00038799	8
orthogroup_1380	orthogroup_313	2	12	0.16581633	66	0.16497568	0.00084064	8
orthogroup_1380	orthogroup_313	3	12	0.23214286	92	0.23096595	0.00117690	8
orthogroup_1380	orthogroup_313	4	12	0.29846939	119	0.29949432	0.00102493	8
orthogroup_1380	orthogroup_313	5	12	0.39490510	157	0.39594164	0.00103654	8
orthogroup_1380	orthogroup_313	6	12	0.46173469	183	0.46193191	0.00019722	8
orthogroup_1380	orthogroup_313	7	12	0.57908163	229	0.57868393	0.00039770	8
orthogroup_1380	orthogroup_313	8	12	0.67346939	266	0.67259317	0.00087622	8
orthogroup_1380	orthogroup_313	9	12	0.73375894	290	0.73350726	0.00025168	8
orthogroup_1380	orthogroup_313	10	12	0.80177859	317	0.80203562	0.00025704	8
orthogroup_1380	orthogroup_313	11	12	0.88378177	349	0.88325442	0.00052735	8
orthogroup_1380	orthogroup_313	12	12	0.96815727	382	0.96701131	0.00114596	8
orthogroup_1384	orthogroup_84	1	6	0.13207547	47	0.13207547	0.00000000	10
orthogroup_1384	orthogroup_84	2	6	0.29874214	100	0.29874214	0.00000000	10
orthogroup_1384	orthogroup_84	3	6	0.42072317	139	0.42138365	0.00066048	10
orthogroup_1384	orthogroup_84	4	6	0.58805031	192	0.58805031	0.00000000	10
orthogroup_1384	orthogroup_84	5	6	0.77125330	250	0.77044025	0.00081304	10
orthogroup_1384	orthogroup_84	6	6	0.95283019	308	0.95283019	0.00000000	10
orthogroup_139	orthogroup_805	1	8	0.38780804	296	0.38815789	0.00034985	9
orthogroup_139	orthogroup_805	2	8	0.47470817	362	0.47500000	0.00029183	9
orthogroup_139	orthogroup_805	3	8	0.57457847	438	0.57500000	0.00042153	9
orthogroup_139	orthogroup_805	4	8	0.61089494	465	0.61052632	0.00036863	9
orthogroup_139	orthogroup_805	5	8	0.68741894	523	0.68684211	0.00057683	9
orthogroup_139	orthogroup_805	6	8	0.88326848	672	0.88289474	0.00037375	9
orthogroup_139	orthogroup_805	7	8	0.92607004	705	0.92631579	0.00024575	9
orthogroup_139	orthogroup_805	8	8	0.95984456	730	0.95921053	0.00063403	9
orthogroup_14	orthogroup_349	1	4	0.18647906	37	0.18848168	0.00200261	8
orthogroup_14	orthogroup_349	2	4	0.36363636	70	0.36125654	0.00237982	8
orthogroup_14	orthogroup_349	3	4	0.59358289	115	0.59162304	0.00195985	8
orthogroup_14	orthogroup_349	4	4	0.87165775	168	0.86910995	0.00254781	8
orthogroup_140	orthogroup_1600	1	6	0.12585034	45	0.12714777	0.00129743	10
orthogroup_140	orthogroup_1600	2	6	0.32653061	116	0.32646048	0.00007013	10
orthogroup_140	orthogroup_1600	3	6	0.43877551	149	0.43986254	0.00108703	10
orthogroup_140	orthogroup_1600	4	6	0.60544218	197	0.60481100	0.00063118	10
orthogroup_140	orthogroup_1600	5	6	0.79251701	252	0.79381443	0.00129743	10
orthogroup_140	orthogroup_1600	6	6	0.97619048	305	0.97594502	0.00024546	10
orthogroup_1406	orthogroup_1079	1	6	0.07167832	42	0.07130435	0.00037397	9
orthogroup_1406	orthogroup_1079	2	6	0.11713287	68	0.11652174	0.00061113	9
orthogroup_1406	orthogroup_1079	3	6	0.27447552	159	0.27478261	0.00030708	9
orthogroup_1406	orthogroup_1079	4	6	0.32167832	186	0.32173913	0.00006081	9
orthogroup_1406	orthogroup_1079	5	6	0.46153846	266	0.46086957	0.00066890	9
orthogroup_1406	orthogroup_1079	6	6	0.52447552	303	0.52521739	0.00074187	9
orthogroup_1408	orthogroup_45	1	8	0.16826923	71	0.16746411	0.00080512	9
orthogroup_1408	orthogroup_45	2	8	0.28846154	122	0.28947368	0.00101215	9
orthogroup_1408	orthogroup_45	3	8	0.38221154	161	0.38277512	0.00056358	9
orthogroup_1408	orthogroup_45	4	8	0.45192308	190	0.45215311	0.00023003	9
orthogroup_1408	orthogroup_45	5	8	0.65865385	276	0.65789474	0.00075911	9
orthogroup_1408	orthogroup_45	6	8	0.77884615	327	0.77990431	0.00105815	9
orthogroup_1408	orthogroup_45	7	8	0.88942308	373	0.88995215	0.00052908	9
orthogroup_1408	orthogroup_45	8	8	0.95913462	402	0.95933014	0.00019553	9
orthogroup_141	orthogroup_1460	1	6	0.27851085	121	0.27859238	0.00008152	10
orthogroup_141	orthogroup_1460	2	6	0.45238095	180	0.45161290	0.00076805	10
orthogroup_141	orthogroup_1460	3	6	0.61011905	239	0.60997067	0.00014837	10
orthogroup_141	orthogroup_1460	4	6	0.73809524	288	0.73900293	0.00090769	10
orthogroup_141	orthogroup_1460	5	6	0.84226190	326	0.84164223	0.00061968	10
orthogroup_141	orthogroup_1460	6	6	0.93750000	360	0.93841642	0.00091642	10
orthogroup_1410	orthogroup_903	1	4	0.11380145	49	0.11380145	0.00000000	9
orthogroup_1410	orthogroup_903	2	4	0.70217918	295	0.70217918	0.00000000	9
orthogroup_1410	orthogroup_903	3	4	0.82808717	347	0.82808717	0.00000000	9
orthogroup_1410	orthogroup_903	4	4	0.96125908	402	0.96125908	0.00000000	9
orthogroup_1412	orthogroup_1329	1	6	0.15932203	48	0.15932203	0.00000000	9
orthogroup_1412	orthogroup_1329	2	6	0.40338983	120	0.40338983	0.00000000	9
orthogroup_1412	orthogroup_1329	3	6	0.51525424	153	0.51525424	0.00000000	9
orthogroup_1412	orthogroup_1329	4	6	0.57288136	170	0.57288136	0.00000000	9
orthogroup_1412	orthogroup_1329	5	6	0.79661017	236	0.79661017	0.00000000	9
orthogroup_1412	orthogroup_1329	6	6	0.95932203	284	0.95932203	0.00000000	9
orthogroup_1435	orthogroup_1297	1	6	0.11036789	34	0.11111111	0.00074322	8
orthogroup_1435	orthogroup_1297	2	6	0.19732441	60	0.19865320	0.00132878	8
orthogroup_1435	orthogroup_1297	3	6	0.33779264	101	0.33670034	0.00109231	8
orthogroup_1435	orthogroup_1297	4	6	0.46153846	138	0.46127946	0.00025900	8
orthogroup_1435	orthogroup_1297	5	6	0.58193980	174	0.58249158	0.00055178	8
orthogroup_1435	orthogroup_1297	6	6	0.66220736	198	0.66329966	0.00109231	8
orthogroup_1439	orthogroup_1186	1	14	0.12337662	58	0.12284483	0.00053180	9
orthogroup_1439	orthogroup_1186	2	14	0.18614719	87	0.18534483	0.00080236	9
orthogroup_1439	orthogroup_1186	3	14	0.24242424	113	0.24137931	0.00104493	9
orthogroup_1439	orthogroup_1186	4	14	0.32251082	151	0.32327586	0.00076504	9
orthogroup_1439	orthogroup_1186	5	14	0.38311688	179	0.38362069	0.00050381	9
orthogroup_1439	orthogroup_1186	6	14	0.45887446	214	0.45905172	0.00017727	9
orthogroup_1439	orthogroup_1186	7	14	0.51515152	240	0.51508621	0.00006531	9
orthogroup_1439	orthogroup_1186	8	14	0.62337662	290	0.62284483	0.00053180	9
orthogroup_1439	orthogroup_1186	9	14	0.70129870	326	0.70043103	0.00086767	9
orthogroup_1439	orthogroup_1186	10	14	0.72510823	337	0.72413793	0.00097029	9
orthogroup_1439	orthogroup_1186	11	14	0.80519481	375	0.80603448	0.00083968	9
orthogroup_1439	orthogroup_1186	12	14	0.85497835	398	0.85560345	0.00062509	9
orthogroup_1439	orthogroup_1186	13	14	0.92640693	431	0.92672414	0.00031721	9
orthogroup_1439	orthogroup_1186	14	14	0.98917749	460	0.98922414	0.00004665	9
orthogroup_1443	orthogroup_1466	1	6	0.11522829	34	0.11440678	0.00082151	9
orthogroup_1443	orthogroup_1466	2	6	0.30453191	79	0.30508475	0.00055284	9
orthogroup_1443	orthogroup_1466	3	6	0.44856727	116	0.44915254	0.00058528	9
orthogroup_1443	orthogroup_1466	4	6	0.53305785	136	0.53389831	0.00084045	9
orthogroup_1443	orthogroup_1466	5	6	0.77272727	192	0.77118644	0.00154083	9
orthogroup_1443	orthogroup_1466	6	6	0.94651809	233	0.94491525	0.00160283	9
orthogroup_1444	orthogroup_1454	1	4	0.17500000	23	0.17796610	0.00296610	9
orthogroup_1444	orthogroup_1454	2	4	0.42016807	52	0.42372881	0.00356075	9
orthogroup_1444	orthogroup_1454	3	4	0.65000000	79	0.65000000	0.00000000	9
orthogroup_1444	orthogroup_1454	4	4	0.84033613	102	0.84166667	0.00133053	9
orthogroup_1445	orthogroup_1247	1	6	0.41090909	114	0.41240876	0.00149967	9
orthogroup_1445	orthogroup_1247	2	6	0.58545455	161	0.58394161	0.00151294	9
orthogroup_1445	orthogroup_1247	3	6	0.68363636	188	0.68248175	0.00115461	9
orthogroup_1445	orthogroup_1247	4	6	0.76727273	211	0.76642336	0.00084937	9
orthogroup_1445	orthogroup_1247	5	6	0.88727273	245	0.88686131	0.00041141	9
orthogroup_1445	orthogroup_1247	6	6	0.98154982	271	0.98175182	0.00020201	9
orthogroup_145	orthogroup_564	1	6	0.20761246	61	0.20905923	0.00144678	8
orthogroup_145	orthogroup_564	2	6	0.41176471	119	0.41114983	0.00061488	8
orthogroup_145	orthogroup_564	3	6	0.55017301	159	0.55052265	0.00034964	8
orthogroup_145	orthogroup_564	4	6	0.68858131	199	0.68989547	0.00131416	8
orthogroup_145	orthogroup_564	5	6	0.80935818	233	0.80836237	0.00099581	8
orthogroup_145	orthogroup_564	6	6	0.93289923	269	0.93379791	0.00089868	8
orthogroup_1457	orthogroup_267	1	10	0.15012107	74	0.15048544	0.00036437	10
orthogroup_1457	orthogroup_267	2	10	0.23970944	111	0.24029126	0.00058182	10
orthogroup_1457	orthogroup_267	3	10	0.30750605	139	0.30825243	0.00074637	10
orthogroup_1457	orthogroup_267	4	10	0.39225182	174	0.39320388	0.00095207	10
orthogroup_1457	orthogroup_267	5	10	0.46731235	205	0.46844660	0.00113425	10
orthogroup_1457	orthogroup_267	6	10	0.51573850	224	0.51456311	0.00117539	10
orthogroup_1457	orthogroup_267	7	10	0.57627119	249	0.57524272	0.00102847	10
orthogroup_1457	orthogroup_267	8	10	0.78208232	334	0.78155340	0.00052893	10
orthogroup_1457	orthogroup_267	9	10	0.87893462	374	0.87864078	0.00029385	10
orthogroup_1457	orthogroup_267	10	10	0.95342438	405	0.95388350	0.00045912	10
orthogroup_1462	orthogroup_897	1	10	0.06790123	23	0.06790123	0.00000000	9
orthogroup_1462	orthogroup_897	2	10	0.17283951	57	0.17283951	0.00000000	9
orthogroup_1462	orthogroup_897	3	10	0.27777778	91	0.27777778	0.00000000	9
orthogroup_1462	orthogroup_897	4	10	0.36728395	120	0.36728395	0.00000000	9
orthogroup_1462	orthogroup_897	5	10	0.44135802	144	0.44135802	0.00000000	9
orthogroup_1462	orthogroup_897	6	10	0.59567901	194	0.59567901	0.00000000	9
orthogroup_1462	orthogroup_897	7	10	0.70987654	231	0.70987654	0.00000000	9
orthogroup_1462	orthogroup_897	8	10	0.79320988	258	0.79320988	0.00000000	9
orthogroup_1462	orthogroup_897	9	10	0.89506173	291	0.89506173	0.00000000	9
orthogroup_1462	orthogroup_897	10	10	0.98148148	319	0.98148148	0.00000000	9
orthogroup_147	orthogroup_1125	1	8	0.06042885	36	0.06090373	0.00047488	8
orthogroup_147	orthogroup_1125	2	8	0.11111111	62	0.11198428	0.00087317	8
orthogroup_147	orthogroup_1125	3	8	0.16179337	87	0.16110020	0.00069318	8
orthogroup_147	orthogroup_1125	4	8	0.59454191	308	0.59528487	0.00074296	8
orthogroup_147	orthogroup_1125	5	8	0.64717349	334	0.64636542	0.00080807	8
orthogroup_147	orthogroup_1125	6	8	0.76023392	392	0.76031434	0.00008042	8
orthogroup_147	orthogroup_1125	7	8	0.85575049	441	0.85658153	0.00083105	8
orthogroup_147	orthogroup_1125	8	8	0.98440546	506	0.98428291	0.00012255	8
orthogroup_1477	orthogroup_1234	1	3	0.28813559	34	0.28448276	0.00365283	8
orthogroup_1477	orthogroup_1234	2	3	0.74576271	88	0.75000000	0.00423729	8
orthogroup_1477	orthogroup_1234	3	3	0.96610169	113	0.96551724	0.00058445	8
orthogroup_1481	orthogroup_1661	1	3	0.23232323	36	0.23157895	0.00074428	9
orthogroup_1481	orthogroup_1661	2	3	0.47474747	59	0.47368421	0.00106326	9
orthogroup_1481	orthogroup_1661	3	3	0.80808081	91	0.81052632	0.00244551	9
orthogroup_1515	orthogroup_161	1	4	0.25533524	43	0.25786164	0.00252639	8
orthogroup_1515	orthogroup_161	2	4	0.51417423	84	0.51572327	0.00154904	8
orthogroup_1515	orthogroup_161	3	4	0.68322981	111	0.68553459	0.00230478	8
orthogroup_1515	orthogroup_161	4	4	0.93058210	150	0.93081761	0.00023551	8
orthogroup_1519	orthogroup_1025	1	10	0.08121851	29	0.08108108	0.00013743	10
orthogroup_1519	orthogroup_1025	2	10	0.18612574	64	0.18581081	0.00031493	10
orthogroup_1519	orthogroup_1025	3	10	0.31133761	101	0.31081081	0.00052680	10
orthogroup_1519	orthogroup_1025	4	10	0.40202703	128	0.40202703	0.00000000	10
orthogroup_1519	orthogroup_1025	5	10	0.48648649	153	0.48648649	0.00000000	10
orthogroup_1519	orthogroup_1025	6	10	0.56081081	175	0.56081081	0.00000000	10
orthogroup_1519	orthogroup_1025	7	10	0.66216216	205	0.66216216	0.00000000	10
orthogroup_1519	orthogroup_1025	8	10	0.78040541	241	0.78040541	0.00000000	10
orthogroup_1519	orthogroup_1025	9	10	0.86971484	267	0.86824324	0.00147160	10
orthogroup_1519	orthogroup_1025	10	10	0.97462208	299	0.97297297	0.00164911	10
orthogroup_1524	orthogroup_701	1	3	0.37500000	58	0.37500000	0.00000000	9
orthogroup_1524	orthogroup_701	2	3	0.71875000	102	0.71875000	0.00000000	9
orthogroup_1524	orthogroup_701	3	3	0.99218750	137	0.99218750	0.00000000	9
orthogroup_1538	orthogroup_1127	1	4	0.22068966	37	0.22068966	0.00000000	9
orthogroup_1538	orthogroup_1127	2	4	0.52413793	81	0.52413793	0.00000000	9
orthogroup_1538	orthogroup_1127	3	4	0.71724138	109	0.71724138	0.00000000	9
orthogroup_1538	orthogroup_1127	4	4	0.91034483	138	0.91034483	0.00000000	9
orthogroup_1554	orthogroup_1493	1	6	0.14146341	32	0.14141414	0.00004927	8
orthogroup_1554	orthogroup_1493	2	6	0.31037495	65	0.30808081	0.00229415	8
orthogroup_1554	orthogroup_1493	3	6	0.47787890	99	0.47979798	0.00191908	8
orthogroup_1554	orthogroup_1493	4	6	0.67829391	138	0.67676768	0.00152623	8
orthogroup_1554	orthogroup_1493	5	6	0.82030093	166	0.81818182	0.00211912	8
orthogroup_1554	orthogroup_1493	6	6	0.94580755	191	0.94444444	0.00136310	8
orthogroup_1557	orthogroup_731	1	12	0.11601529	51	0.11627907	0.00026378	8
orthogroup_1557	orthogroup_731	2	12	0.19025522	83	0.19069767	0.00044245	8
orthogroup_1557	orthogroup_731	3	12	0.25986079	113	0.26046512	0.00060433	8
orthogroup_1557	orthogroup_731	4	12	0.31786543	138	0.31860465	0.00073922	8
orthogroup_1557	orthogroup_731	5	12	0.42044191	182	0.42093023	0.00048832	8
orthogroup_1557	orthogroup_731	6	12	0.48955916	212	0.49069767	0.00113851	8
orthogroup_1557	orthogroup_731	7	12	0.61484919	265	0.61395349	0.00089570	8
orthogroup_1557	orthogroup_731	8	12	0.69605568	301	0.69534884	0.00070685	8
orthogroup_1557	orthogroup_731	9	12	0.76334107	330	0.76279070	0.00055037	8
orthogroup_1557	orthogroup_731	10	12	0.82830626	358	0.82790698	0.00039929	8
orthogroup_1557	orthogroup_731	11	12	0.90487239	391	0.90465116	0.00022123	8
orthogroup_1557	orthogroup_731	12	12	0.97911833	423	0.97906977	0.00004856	8
orthogroup_156	orthogroup_1632	1	9	0.07746479	35	0.07773852	0.00027373	9
orthogroup_156	orthogroup_1632	2	9	0.15492958	57	0.15547703	0.00054745	9
orthogroup_156	orthogroup_1632	3	9	0.25000000	84	0.25088339	0.00088339	9
orthogroup_156	orthogroup_1632	4	9	0.36971831	118	0.37102473	0.00130643	9
orthogroup_156	orthogroup_1632	5	9	0.48239437	150	0.48409894	0.00170457	9
orthogroup_156	orthogroup_1632	6	9	0.61619718	192	0.61484099	0.00135619	9
orthogroup_156	orthogroup_1632	7	9	0.73591549	226	0.73498233	0.00093316	9
orthogroup_156	orthogroup_1632	8	9	0.83450704	254	0.83392226	0.00058478	9
orthogroup_156	orthogroup_1632	9	9	0.98239437	296	0.98233216	0.00006221	9
orthogroup_1575	orthogroup_60	1	5	0.15789474	37	0.15859031	0.00069557	10
orthogroup_1575	orthogroup_60	2	5	0.24561404	57	0.24669604	0.00108200	10
orthogroup_1575	orthogroup_60	3	5	0.49561404	114	0.49779736	0.00218332	10
orthogroup_1575	orthogroup_60	4	5	0.70614035	161	0.70484581	0.00129454	10
orthogroup_1575	orthogroup_60	5	5	0.95614035	218	0.95594714	0.00019321	10
orthogroup_1577	orthogroup_570	1	5	0.17194570	40	0.17194570	0.00000000	9
orthogroup_1577	orthogroup_570	2	5	0.31221719	70	0.30769231	0.00452489	9
orthogroup_1577	orthogroup_570	3	5	0.47511312	107	0.47511312	0.00000000	9
orthogroup_1577	orthogroup_570	4	5	0.71493213	160	0.71493213	0.00000000	9
orthogroup_1577	orthogroup_570	5	5	0.93665158	209	0.93665158	0.00000000	9
orthogroup_158	orthogroup_66	1	12	0.06621005	81	0.18223235	0.11602230	9
orthogroup_158	orthogroup_66	2	12	0.14155251	82	0.18451025	0.04295774	9
orthogroup_158	orthogroup_66	3	12	0.22374429	99	0.22323462	0.00050967	9
orthogroup_158	orthogroup_66	4	12	0.31278539	138	0.31207289	0.00071250	9
orthogroup_158	orthogroup_66	5	12	0.38127854	168	0.38041002	0.00086852	9
orthogroup_158	orthogroup_66	6	12	0.47716895	210	0.47608200	0.00108695	9
orthogroup_158	orthogroup_66	7	12	0.56164384	248	0.56264237	0.00099853	9
orthogroup_158	orthogroup_66	8	12	0.68036530	300	0.68109339	0.00072810	9
orthogroup_158	orthogroup_66	9	12	0.75342466	332	0.75398633	0.00056168	9
orthogroup_158	orthogroup_66	10	12	0.81278539	358	0.81321185	0.00042646	9
orthogroup_158	orthogroup_66	11	12	0.88127854	388	0.88154897	0.00027044	9
orthogroup_158	orthogroup_66	12	12	0.97260274	428	0.97266515	0.00006241	9
orthogroup_159	orthogroup_646	1	14	0.07142857	36	0.07150376	0.00007519	8
orthogroup_159	orthogroup_646	2	14	0.13673469	67	0.13641148	0.00032321	8
orthogroup_159	orthogroup_646	3	14	0.20204082	98	0.20146927	0.00057155	8
orthogroup_159	orthogroup_646	4	14	0.25918367	131	0.25867536	0.00050831	8
orthogroup_159	orthogroup_646	5	14	0.33673469	168	0.33578211	0.00095258	8
orthogroup_159	orthogroup_646	6	14	0.39183673	195	0.39244534	0.00060861	8
orthogroup_159	orthogroup_646	7	14	0.49795918	245	0.49737725	0.00058193	8
orthogroup_159	orthogroup_646	8	14	0.56938776	279	0.56873095	0.00065680	8
orthogroup_159	orthogroup_646	9	14	0.63265306	309	0.63169010	0.00096296	8
orthogroup_159	orthogroup_646	10	14	0.69591837	340	0.69674788	0.00082951	8
orthogroup_159	orthogroup_646	11	14	0.76530612	373	0.76600294	0.00069682	8
orthogroup_159	orthogroup_646	12	14	0.81632653	397	0.81637026	0.00004373	8
orthogroup_159	orthogroup_646	13	14	0.90714286	440	0.90661170	0.00053116	8
orthogroup_159	orthogroup_646	14	14	0.98367347	477	0.98426131	0.00058785	8
orthogroup_1596	orthogroup_937	1	6	0.13913043	35	0.13913043	0.00000000	9
orthogroup_1596	orthogroup_937	2	6	0.23913043	58	0.23913043	0.00000000	9
orthogroup_1596	orthogroup_937	3	6	0.37391304	89	0.37391304	0.00000000	9
orthogroup_1596	orthogroup_937	4	6	0.48695652	115	0.48695652	0.00000000	9
orthogroup_1596	orthogroup_937	5	6	0.63636364	149	0.63478261	0.00158103	9
orthogroup_1596	orthogroup_937	6	6	0.89130435	208	0.89130435	0.00000000	9
orthogroup_1619	orthogroup_97	1	6	0.14906832	25	0.14906832	0.00000000	9
orthogroup_1619	orthogroup_97	2	6	0.29192547	48	0.29192547	0.00000000	9
orthogroup_1619	orthogroup_97	3	6	0.43478261	71	0.43478261	0.00000000	9
orthogroup_1619	orthogroup_97	4	6	0.55279503	90	0.55279503	0.00000000	9
orthogroup_1619	orthogroup_97	5	6	0.73913043	123	0.73913043	0.00000000	9
orthogroup_1619	orthogroup_97	6	6	0.93788820	155	0.93788820	0.00000000	9
orthogroup_1627	orthogroup_1666	1	12	0.06542056	37	0.06505576	0.00036480	9
orthogroup_1627	orthogroup_1666	2	12	0.14953271	82	0.14869888	0.00083383	9
orthogroup_1627	orthogroup_1666	3	12	0.21308411	117	0.21375465	0.00067053	9
orthogroup_1627	orthogroup_1666	4	12	0.29532710	161	0.29553903	0.00021193	9
orthogroup_1627	orthogroup_1666	5	12	0.39813084	216	0.39776952	0.00036132	9
orthogroup_1627	orthogroup_1666	6	12	0.49158879	266	0.49070632	0.00088247	9
orthogroup_1627	orthogroup_1666	7	12	0.58052434	314	0.57992565	0.00059869	9
orthogroup_1627	orthogroup_1666	8	12	0.65981308	357	0.65985130	0.00003822	9
orthogroup_1627	orthogroup_1666	9	12	0.73457944	397	0.73420074	0.00037870	9
orthogroup_1627	orthogroup_1666	10	12	0.78504673	424	0.78438662	0.00066011	9
orthogroup_1627	orthogroup_1666	11	12	0.88411215	478	0.88475836	0.00064621	9
orthogroup_1627	orthogroup_1666	12	12	0.98691589	533	0.98698885	0.00007296	9
orthogroup_1636	orthogroup_163	1	6	0.07666099	46	0.07666099	0.00000000	10
orthogroup_1636	orthogroup_163	2	6	0.13798978	82	0.13798978	0.00000000	10
orthogroup_1636	orthogroup_163	3	6	0.27210884	161	0.27257240	0.00046356	10
orthogroup_1636	orthogroup_163	4	6	0.31005111	186	0.31005111	0.00000000	10
orthogroup_1636	orthogroup_163	5	6	0.45826235	273	0.45826235	0.00000000	10
orthogroup_1636	orthogroup_163	6	6	0.51107325	304	0.51107325	0.00000000	10
orthogroup_1642	orthogroup_1438	1	6	0.07812500	27	0.07788162	0.00024338	9
orthogroup_1642	orthogroup_1438	2	6	0.30312500	99	0.30218069	0.00094431	9
orthogroup_1642	orthogroup_1438	3	6	0.40312500	131	0.40186916	0.00125584	9
orthogroup_1642	orthogroup_1438	4	6	0.61875000	201	0.61993769	0.00118769	9
orthogroup_1642	orthogroup_1438	5	6	0.81875000	265	0.81931464	0.00056464	9
orthogroup_1642	orthogroup_1438	6	6	0.95000000	307	0.95000000	0.00000000	9
orthogroup_1644	orthogroup_1430	1	10	0.07876712	24	0.07876712	0.00000000	9
orthogroup_1644	orthogroup_1430	2	10	0.18150685	54	0.18150685	0.00000000	9
orthogroup_1644	orthogroup_1430	3	10	0.28082192	83	0.28082192	0.00000000	9
orthogroup_1644	orthogroup_1430	4	10	0.38356164	113	0.38356164	0.00000000	9
orthogroup_1644	orthogroup_1430	5	10	0.46575342	137	0.46575342	0.00000000	9
orthogroup_1644	orthogroup_1430	6	10	0.59589041	175	0.59589041	0.00000000	9
orthogroup_1644	orthogroup_1430	7	10	0.69178082	203	0.69178082	0.00000000	9
orthogroup_1644	orthogroup_1430	8	10	0.80338983	236	0.80479452	0.00140469	9
orthogroup_1644	orthogroup_1430	9	10	0.90068493	264	0.90068493	0.00000000	9
orthogroup_1644	orthogroup_1430	10	10	0.98972603	290	0.98972603	0.00000000	9
orthogroup_1651	orthogroup_854	1	16	0.03267974	1	0.00000000	0.03267974	10
orthogroup_1651	orthogroup_854	2	16	0.08006536	54	0.08646003	0.00639467	10
orthogroup_1651	orthogroup_854	3	16	0.16666667	104	0.16734462	0.00067795	10
orthogroup_1651	orthogroup_854	4	16	0.21405229	135	0.20471283	0.00933946	10
orthogroup_1651	orthogroup_854	5	16	0.25326797	163	0.25020457	0.00306340	10
orthogroup_1651	orthogroup_854	6	16	0.30392157	199	0.30456026	0.00063869	10
orthogroup_1651	orthogroup_854	7	16	0.37091503	242	0.37142815	0.00051312	10
orthogroup_1651	orthogroup_854	8	16	0.42962338	280	0.43020370	0.00058032	10
orthogroup_1651	orthogroup_854	9	16	0.48856209	320	0.48897925	0.00041716	10
orthogroup_1651	orthogroup_854	10	16	0.52941176	347	0.53306091	0.00364915	10
orthogroup_1651	orthogroup_854	11	16	0.56699346	373	0.57550992	0.00851646	10
orthogroup_1651	orthogroup_854	12	16	0.63888889	412	0.63918343	0.00029454	10
orthogroup_1651	orthogroup_854	13	16	0.70751634	454	0.70775491	0.00023857	10
orthogroup_1651	orthogroup_854	14	16	0.76960784	492	0.76979576	0.00018792	10
orthogroup_1651	orthogroup_854	15	16	0.83496732	532	0.83510193	0.00013461	10
orthogroup_1651	orthogroup_854	16	16	0.99836601	632	0.99836868	0.00000267	10
orthogroup_1663	orthogroup_951	1	13	0.04771784	24	0.04771784	0.00000000	9
orthogroup_1663	orthogroup_951	2	13	0.13278008	65	0.13278008	0.00000000	9
orthogroup_1663	orthogroup_951	3	13	0.19087137	93	0.19087137	0.00000000	9
orthogroup_1663	orthogroup_951	4	13	0.30082988	153	0.30082988	0.00000000	9
orthogroup_1663	orthogroup_951	5	13	0.36721992	186	0.36721992	0.00000000	9
orthogroup_1663	orthogroup_951	6	13	0.41493776	211	0.41493776	0.00000000	9
orthogroup_1663	orthogroup_951	7	13	0.52489627	264	0.52489627	0.00000000	9
orthogroup_1663	orthogroup_951	8	13	0.60373444	302	0.60373444	0.00000000	9
orthogroup_1663	orthogroup_951	9	13	0.70954357	353	0.70954357	0.00000000	9
orthogroup_1663	orthogroup_951	10	13	0.79875519	396	0.79875519	0.00000000	9
orthogroup_1663	orthogroup_951	11	13	0.85269710	422	0.85269710	0.00000000	9
orthogroup_1663	orthogroup_951	12	13	0.91493776	452	0.91493776	0.00000000	9
orthogroup_1663	orthogroup_951	13	13	0.96473029	476	0.96473029	0.00000000	9
orthogroup_1685	orthogroup_837	1	9	0.09183673	38	0.09278351	0.00094677	10
orthogroup_1685	orthogroup_837	2	9	0.18537051	65	0.18556701	0.00019650	10
orthogroup_1685	orthogroup_837	3	9	0.35034014	113	0.35051546	0.00017533	10
orthogroup_1685	orthogroup_837	4	9	0.41666570	132	0.41580756	0.00085814	10
orthogroup_1685	orthogroup_837	5	9	0.50933933	159	0.50859107	0.00074826	10
orthogroup_1685	orthogroup_837	6	9	0.59661017	186	0.60137457	0.00476440	10
orthogroup_1685	orthogroup_837	7	9	0.75850340	233	0.75945017	0.00094677	10
orthogroup_1685	orthogroup_837	8	9	0.83728814	256	0.83848797	0.00119984	10
orthogroup_1685	orthogroup_837	9	9	0.95918367	291	0.95876289	0.00042079	10
orthogroup_1687	orthogroup_1139	1	10	0.08955224	32	0.09036145	0.00080921	8
orthogroup_1687	orthogroup_1139	2	10	0.18507463	63	0.18373494	0.00133969	8
orthogroup_1687	orthogroup_1139	3	10	0.25671642	87	0.25602410	0.00069232	8
orthogroup_1687	orthogroup_1139	4	10	0.37611940	127	0.37650602	0.00038662	8
orthogroup_1687	orthogroup_1139	5	10	0.43880597	148	0.43975904	0.00095307	8
orthogroup_1687	orthogroup_1139	6	10	0.59104478	198	0.59036145	0.00068333	8
orthogroup_1687	orthogroup_1139	7	10	0.73432836	246	0.73493976	0.00061140	8
orthogroup_1687	orthogroup_1139	8	10	0.82388060	278	0.82530120	0.00142061	8
orthogroup_1687	orthogroup_1139	9	10	0.89850746	302	0.89759036	0.00091710	8
orthogroup_1687	orthogroup_1139	10	10	0.97313433	327	0.97289157	0.00024276	8
orthogroup_1689	orthogroup_823	1	8	0.10493827	41	0.10493827	0.00000000	10
orthogroup_1689	orthogroup_823	2	8	0.30864198	109	0.30864198	0.00000000	10
orthogroup_1689	orthogroup_823	3	8	0.41049383	143	0.41049383	0.00000000	10
orthogroup_1689	orthogroup_823	4	8	0.51543210	177	0.51543210	0.00000000	10
orthogroup_1689	orthogroup_823	5	8	0.62654321	214	0.62654321	0.00000000	10
orthogroup_1689	orthogroup_823	6	8	0.79012346	270	0.79012346	0.00000000	10
orthogroup_1689	orthogroup_823	7	8	0.87654321	301	0.87654321	0.00000000	10
orthogroup_1689	orthogroup_823	8	8	0.98456790	335	0.98148148	0.00308642	10
orthogroup_1696	orthogroup_859	1	10	0.07859079	30	0.07901907	0.00042829	9
orthogroup_1696	orthogroup_859	2	10	0.13821138	53	0.13934426	0.00113288	9
orthogroup_1696	orthogroup_859	3	10	0.23035230	86	0.22950820	0.00084411	9
orthogroup_1696	orthogroup_859	4	10	0.47696477	177	0.47814208	0.00117731	9
orthogroup_1696	orthogroup_859	5	10	0.63414634	234	0.63387978	0.00026656	9
orthogroup_1696	orthogroup_859	6	10	0.69647696	258	0.69672131	0.00024435	9
orthogroup_1696	orthogroup_859	7	10	0.72628726	269	0.72677596	0.00048869	9
orthogroup_1696	orthogroup_859	8	10	0.79674797	295	0.79781421	0.00106624	9
orthogroup_1696	orthogroup_859	9	10	0.86720867	320	0.86612022	0.00108845	9
orthogroup_1696	orthogroup_859	10	10	0.92140921	340	0.92076503	0.00064419	9
orthogroup_1701	orthogroup_1261	1	4	0.20930233	31	0.21093750	0.00163517	9
orthogroup_1701	orthogroup_1261	2	4	0.48837209	67	0.49218750	0.00381541	9
orthogroup_1701	orthogroup_1261	3	4	0.66410256	89	0.66406250	0.00004006	9
orthogroup_1701	orthogroup_1261	4	4	0.87596899	116	0.87500000	0.00096899	9
orthogroup_1723	orthogroup_795	1	5	0.21559633	92	0.21559633	0.00000000	10
orthogroup_1723	orthogroup_795	2	5	0.28440367	107	0.28440367	0.00000000	10
orthogroup_1723	orthogroup_795	3	5	0.42201835	137	0.42201835	0.00000000	10
orthogroup_1723	orthogroup_795	4	5	0.81192661	222	0.81192661	0.00000000	10
orthogroup_1723	orthogroup_795	5	5	0.94954128	252	0.94954128	0.00000000	10
orthogroup_1733	orthogroup_5	1	12	0.02634146	29	0.02676864	0.00042718	9
orthogroup_1733	orthogroup_5	2	12	0.34179688	433	0.34225621	0.00045934	9
orthogroup_1733	orthogroup_5	3	12	0.36718750	466	0.36711281	0.00007469	9
orthogroup_1733	orthogroup_5	4	12	0.39355469	525	0.39367816	0.00012347	9
orthogroup_1733	orthogroup_5	5	12	0.43847656	572	0.43869732	0.00022076	9
orthogroup_1733	orthogroup_5	6	12	0.46972656	604	0.46934866	0.00037790	9
orthogroup_1733	orthogroup_5	7	12	0.52826511	667	0.52868069	0.00041558	9
orthogroup_1733	orthogroup_5	8	12	0.84863281	1098	0.84894837	0.00031556	9
orthogroup_1733	orthogroup_5	9	12	0.87304688	1123	0.87284895	0.00019793	9
orthogroup_1733	orthogroup_5	10	12	0.90000000	1151	0.89961759	0.00038241	9
orthogroup_1733	orthogroup_5	11	12	0.94531250	1199	0.94550669	0.00019419	9
orthogroup_1733	orthogroup_5	12	12	0.97363281	1228	0.97320574	0.00042707	9
orthogroup_174	orthogroup_833	1	6	0.11564626	23	0.11564626	0.00000000	9
orthogroup_174	orthogroup_833	2	6	0.22448980	39	0.22448980	0.00000000	9
orthogroup_174	orthogroup_833	3	6	0.44217687	71	0.44217687	0.00000000	9
orthogroup_174	orthogroup_833	4	6	0.67346939	105	0.67346939	0.00000000	9
orthogroup_174	orthogroup_833	5	6	0.85714286	132	0.85714286	0.00000000	9
orthogroup_174	orthogroup_833	6	6	0.97959184	150	0.97959184	0.00000000	9
orthogroup_1742	orthogroup_1423	1	4	0.05122494	24	0.05122494	0.00000000	9
orthogroup_1742	orthogroup_1423	2	4	0.26280624	119	0.26280624	0.00000000	9
orthogroup_1742	orthogroup_1423	3	4	0.89086860	401	0.89086860	0.00000000	9
orthogroup_1742	orthogroup_1423	4	4	0.98440980	443	0.98440980	0.00000000	9
orthogroup_1769	orthogroup_544	1	12	0.06987952	31	0.06987952	0.00000000	9
orthogroup_1769	orthogroup_544	2	12	0.13975904	60	0.13975904	0.00000000	9
orthogroup_1769	orthogroup_544	3	12	0.24220624	103	0.24337349	0.00116726	9
orthogroup_1769	orthogroup_544	4	12	0.33012048	139	0.33012048	0.00000000	9
orthogroup_1769	orthogroup_544	5	12	0.40000000	168	0.40000000	0.00000000	9
orthogroup_1769	orthogroup_544	6	12	0.46746988	196	0.46746988	0.00000000	9
orthogroup_1769	orthogroup_544	7	12	0.57108434	239	0.57108434	0.00000000	9
orthogroup_1769	orthogroup_544	8	12	0.65783133	275	0.65783133	0.00000000	9
orthogroup_1769	orthogroup_544	9	12	0.75662651	316	0.75662651	0.00000000	9
orthogroup_1769	orthogroup_544	10	12	0.84578313	353	0.84578313	0.00000000	9
orthogroup_1769	orthogroup_544	11	12	0.91807229	383	0.91807229	0.00000000	9
orthogroup_1769	orthogroup_544	12	12	0.98795181	412	0.98795181	0.00000000	9
orthogroup_1773	orthogroup_602	1	6	0.17647059	35	0.17847892	0.00200833	8
orthogroup_1773	orthogroup_602	2	6	0.29411765	57	0.29396528	0.00015237	8
orthogroup_1773	orthogroup_602	3	6	0.44385027	86	0.44619730	0.00234703	8
orthogroup_1773	orthogroup_602	4	6	0.62566845	120	0.62467622	0.00099223	8
orthogroup_1773	orthogroup_602	5	6	0.75935829	146	0.76116010	0.00180181	8
orthogroup_1773	orthogroup_602	6	6	0.89839572	172	0.89764398	0.00075174	8
orthogroup_178	orthogroup_1641	1	12	0.06329114	47	0.06313131	0.00015983	10
orthogroup_178	orthogroup_1641	2	12	0.17215190	91	0.17171717	0.00043473	10
orthogroup_178	orthogroup_1641	3	12	0.23544304	116	0.23484848	0.00059455	10
orthogroup_178	orthogroup_1641	4	12	0.30126582	142	0.30050505	0.00076077	10
orthogroup_178	orthogroup_1641	5	12	0.39847972	181	0.39898990	0.00051017	10
orthogroup_178	orthogroup_1641	6	12	0.46075949	205	0.45959596	0.00116353	10
orthogroup_178	orthogroup_1641	7	12	0.59848866	260	0.59848485	0.00000382	10
orthogroup_178	orthogroup_1641	8	12	0.68513854	294	0.68434343	0.00079510	10
orthogroup_178	orthogroup_1641	9	12	0.75696203	323	0.75757576	0.00061373	10
orthogroup_178	orthogroup_1641	10	12	0.82025316	348	0.82070707	0.00045391	10
orthogroup_178	orthogroup_1641	11	12	0.91519411	386	0.91414141	0.00105269	10
orthogroup_178	orthogroup_1641	12	12	0.98232950	416	0.98989899	0.00756949	10
orthogroup_1783	orthogroup_1776	1	6	0.11229947	25	0.11351351	0.00121405	8
orthogroup_1783	orthogroup_1776	2	6	0.29946524	59	0.29729730	0.00216794	8
orthogroup_1783	orthogroup_1776	3	6	0.46809835	91	0.47027027	0.00217192	8
orthogroup_1783	orthogroup_1776	4	6	0.67914439	130	0.68108108	0.00193670	8
orthogroup_1783	orthogroup_1776	5	6	0.81818182	155	0.81621622	0.00196560	8
orthogroup_1783	orthogroup_1776	6	6	0.97326203	186	0.97297297	0.00028906	8
orthogroup_1819	orthogroup_1807	1	13	0.04990020	27	0.04965248	0.00024772	8
orthogroup_1819	orthogroup_1807	2	13	0.12774451	66	0.12711035	0.00063416	8
orthogroup_1819	orthogroup_1807	3	13	0.18063872	93	0.18073503	0.00009631	8
orthogroup_1819	orthogroup_1807	4	13	0.29341317	145	0.28401220	0.00940098	8
orthogroup_1819	orthogroup_1807	5	13	0.36726547	188	0.36742837	0.00016290	8
orthogroup_1819	orthogroup_1807	6	13	0.40918164	209	0.40913645	0.00004519	8
orthogroup_1819	orthogroup_1807	7	13	0.50698603	258	0.50644154	0.00054449	8
orthogroup_1819	orthogroup_1807	8	13	0.58283433	297	0.58374587	0.00091154	8
orthogroup_1819	orthogroup_1807	9	13	0.69261477	355	0.69276481	0.00015004	8
orthogroup_1819	orthogroup_1807	10	13	0.77944112	399	0.77997996	0.00053884	8
orthogroup_1819	orthogroup_1807	11	13	0.82834331	423	0.82755186	0.00079145	8
orthogroup_1819	orthogroup_1807	12	13	0.89021956	455	0.89098106	0.00076150	8
orthogroup_1819	orthogroup_1807	13	13	0.94011976	480	0.94023881	0.00011905	8
orthogroup_1826	orthogroup_1828	1	12	0.07726269	69	0.07795100	0.00068831	8
orthogroup_1826	orthogroup_1828	2	12	0.14348786	98	0.14253898	0.00094888	8
orthogroup_1826	orthogroup_1828	3	12	0.21192053	129	0.21158129	0.00033924	8
orthogroup_1826	orthogroup_1828	4	12	0.26710817	154	0.26726058	0.00015241	8
orthogroup_1826	orthogroup_1828	5	12	0.34657837	190	0.34743875	0.00086039	8
orthogroup_1826	orthogroup_1828	6	12	0.40838852	217	0.40757238	0.00081614	8
orthogroup_1826	orthogroup_1828	7	12	0.51655629	266	0.51670379	0.00014749	8
orthogroup_1826	orthogroup_1828	8	12	0.59381898	301	0.59465479	0.00083580	8
orthogroup_1826	orthogroup_1828	9	12	0.65562914	328	0.65478842	0.00084072	8
orthogroup_1826	orthogroup_1828	10	12	0.71081678	353	0.71046771	0.00034907	8
orthogroup_1826	orthogroup_1828	11	12	0.79470199	391	0.79510022	0.00039824	8
orthogroup_1826	orthogroup_1828	12	12	0.84768212	415	0.84855234	0.00087022	8
orthogroup_1830	orthogroup_1825	1	15	0.05147642	40	0.05222734	0.00075092	9
orthogroup_1830	orthogroup_1825	2	15	0.11933535	84	0.11981567	0.00048032	9
orthogroup_1830	orthogroup_1825	3	15	0.19033233	131	0.19047619	0.00014386	9
orthogroup_1830	orthogroup_1825	4	15	0.24471299	166	0.24423963	0.00047336	9
orthogroup_1830	orthogroup_1825	5	15	0.31419940	212	0.31490015	0.00070076	9
orthogroup_1830	orthogroup_1825	6	15	0.38066465	256	0.38095238	0.00028773	9
orthogroup_1830	orthogroup_1825	7	15	0.44561934	298	0.44546851	0.00015083	9
orthogroup_1830	orthogroup_1825	8	15	0.50604230	338	0.50537634	0.00066595	9
orthogroup_1830	orthogroup_1825	9	15	0.54833837	366	0.54838710	0.00004873	9
orthogroup_1830	orthogroup_1825	10	15	0.60725076	404	0.60675883	0.00049192	9
orthogroup_1830	orthogroup_1825	11	15	0.65709970	437	0.65745008	0.00035038	9
orthogroup_1830	orthogroup_1825	12	15	0.71752266	482	0.71735791	0.00016475	9
orthogroup_1830	orthogroup_1825	13	15	0.77945619	524	0.77880184	0.00065435	9
orthogroup_1830	orthogroup_1825	14	15	0.91691843	616	0.91705069	0.00013226	9
orthogroup_1830	orthogroup_1825	15	15	0.95015106	638	0.95084485	0.00069380	9
orthogroup_188	orthogroup_735	1	7	0.18807339	42	0.18636364	0.00170976	8
orthogroup_188	orthogroup_735	2	7	0.33486239	75	0.33636364	0.00150125	8
orthogroup_188	orthogroup_735	3	7	0.48165138	107	0.48181818	0.00016681	8
orthogroup_188	orthogroup_735	4	7	0.60550459	134	0.60454545	0.00095913	8
orthogroup_188	orthogroup_735	5	7	0.71330275	158	0.71363636	0.00033361	8
orthogroup_188	orthogroup_735	6	7	0.84862385	188	0.85000000	0.00137615	8
orthogroup_188	orthogroup_735	7	7	0.96788991	214	0.96818182	0.00029191	8
orthogroup_195	orthogroup_186	1	12	0.10933941	53	0.11011236	0.00077295	8
orthogroup_195	orthogroup_186	2	12	0.18906606	88	0.18876404	0.00030201	8
orthogroup_195	orthogroup_186	3	12	0.25512528	118	0.25617978	0.00105449	8
orthogroup_195	orthogroup_186	4	12	0.32346241	148	0.32359551	0.00013309	8
orthogroup_195	orthogroup_186	5	12	0.41685649	193	0.41797753	0.00112104	8
orthogroup_195	orthogroup_186	6	12	0.48405467	222	0.48314607	0.00090860	8
orthogroup_195	orthogroup_186	7	12	0.61731207	282	0.61797753	0.00066546	8
orthogroup_195	orthogroup_186	8	12	0.69703872	317	0.69662921	0.00040951	8
orthogroup_195	orthogroup_186	9	12	0.76309795	347	0.76404494	0.00094699	8
orthogroup_195	orthogroup_186	10	12	0.82687927	375	0.82696629	0.00008702	8
orthogroup_195	orthogroup_186	11	12	0.92027335	417	0.92134831	0.00107497	8
orthogroup_195	orthogroup_186	12	12	0.97949886	443	0.97977528	0.00027642	8
orthogroup_2	orthogroup_1558	1	3	0.46115288	185	0.46115288	0.00000000	9
orthogroup_2	orthogroup_1558	2	3	0.58646617	235	0.58646617	0.00000000	9
orthogroup_2	orthogroup_1558	3	3	0.97493734	390	0.97493734	0.00000000	9
orthogroup_203	orthogroup_1333	1	13	0.09671533	54	0.09671533	0.00000000	10
orthogroup_203	orthogroup_1333	2	13	0.16788321	93	0.16788321	0.00000000	10
orthogroup_203	orthogroup_1333	3	13	0.21532847	119	0.21532847	0.00000000	10
orthogroup_203	orthogroup_1333	4	13	0.30818182	170	0.30839416	0.00021234	10
orthogroup_203	orthogroup_1333	5	13	0.36131387	200	0.36131387	0.00000000	10
orthogroup_203	orthogroup_1333	6	13	0.40510949	224	0.40510949	0.00000000	10
orthogroup_203	orthogroup_1333	7	13	0.50547445	279	0.50547445	0.00000000	10
orthogroup_203	orthogroup_1333	8	13	0.57846715	319	0.57846715	0.00000000	10
orthogroup_203	orthogroup_1333	9	13	0.68978102	380	0.68978102	0.00000000	10
orthogroup_203	orthogroup_1333	10	13	0.77007299	430	0.77007299	0.00000000	10
orthogroup_203	orthogroup_1333	11	13	0.81569343	459	0.82299270	0.00729927	10
orthogroup_203	orthogroup_1333	12	13	0.87705039	489	0.87773723	0.00068683	10
orthogroup_203	orthogroup_1333	13	13	0.93430657	520	0.93430657	0.00000000	10
orthogroup_204	orthogroup_1222	1	8	0.33863786	202	0.33892559	0.00028773	8
orthogroup_204	orthogroup_1222	2	8	0.40796431	241	0.40776985	0.00019446	8
orthogroup_204	orthogroup_1222	3	8	0.46772726	275	0.46778792	0.00006066	8
orthogroup_204	orthogroup_1222	4	8	0.55437631	324	0.55428456	0.00009175	8
orthogroup_204	orthogroup_1222	5	8	0.61517824	358	0.61430263	0.00087561	8
orthogroup_204	orthogroup_1222	6	8	0.66931893	389	0.66902499	0.00029394	8
orthogroup_204	orthogroup_1222	7	8	0.71744943	416	0.71668640	0.00076303	8
orthogroup_204	orthogroup_1222	8	8	0.76127636	441	0.76081734	0.00045902	8
orthogroup_210	orthogroup_1591	1	6	0.12500000	25	0.12500000	0.00000000	9
orthogroup_210	orthogroup_1591	2	6	0.30208333	59	0.30208333	0.00000000	9
orthogroup_210	orthogroup_1591	3	6	0.47395833	92	0.47395833	0.00000000	9
orthogroup_210	orthogroup_1591	4	6	0.63020833	122	0.63020833	0.00000000	9
orthogroup_210	orthogroup_1591	5	6	0.79687500	154	0.79687500	0.00000000	9
orthogroup_210	orthogroup_1591	6	6	0.96875000	187	0.96875000	0.00000000	9
orthogroup_22	orthogroup_269	1	6	0.27227475	83	0.27333333	0.00105859	8
orthogroup_22	orthogroup_269	2	6	0.36092715	109	0.36000000	0.00092715	8
orthogroup_22	orthogroup_269	3	6	0.53947368	163	0.54000000	0.00052632	8
orthogroup_22	orthogroup_269	4	6	0.64026011	193	0.63000000	0.01026011	8
orthogroup_22	orthogroup_269	5	6	0.82450331	286	0.82333333	0.00116998	8
orthogroup_22	orthogroup_269	6	6	0.97228551	331	0.97333333	0.00104782	8
orthogroup_23	orthogroup_1015	1	6	0.07713499	56	0.07774855	0.00061356	8
orthogroup_23	orthogroup_1015	2	6	0.42424242	207	0.42360991	0.00063251	8
orthogroup_23	orthogroup_1015	3	6	0.52892562	246	0.52816831	0.00075731	8
orthogroup_23	orthogroup_1015	4	6	0.67493113	305	0.67543505	0.00050392	8
orthogroup_23	orthogroup_1015	5	6	0.83746556	376	0.83957219	0.00210663	8
orthogroup_23	orthogroup_1015	6	6	0.95592287	388	0.86363636	0.09228650	8
orthogroup_231	orthogroup_1606	1	4	0.16000000	36	0.16000000	0.00000000	8
orthogroup_231	orthogroup_1606	2	4	0.34285714	68	0.34285714	0.00000000	8
orthogroup_231	orthogroup_1606	3	4	0.59428571	112	0.59311987	0.00116585	8
orthogroup_231	orthogroup_1606	4	4	0.92000000	169	0.91977011	0.00022989	8
orthogroup_233	orthogroup_1422	1	12	0.07142857	28	0.07142857	0.00000000	9
orthogroup_233	orthogroup_1422	2	12	0.15608466	60	0.15608466	0.00000000	9
orthogroup_233	orthogroup_1422	3	12	0.23280423	89	0.23280423	0.00000000	9
orthogroup_233	orthogroup_1422	4	12	0.30158730	115	0.30158730	0.00000000	9
orthogroup_233	orthogroup_1422	5	12	0.39682540	183	0.39682540	0.00000000	9
orthogroup_233	orthogroup_1422	6	12	0.46296296	208	0.46296296	0.00000000	9
orthogroup_233	orthogroup_1422	7	12	0.59788360	259	0.59788360	0.00000000	9
orthogroup_233	orthogroup_1422	8	12	0.67724868	289	0.67724868	0.00000000	9
orthogroup_233	orthogroup_1422	9	12	0.75396825	318	0.75396825	0.00000000	9
orthogroup_233	orthogroup_1422	10	12	0.82275132	344	0.82275132	0.00000000	9
orthogroup_233	orthogroup_1422	11	12	0.92328042	382	0.92328042	0.00000000	9
orthogroup_233	orthogroup_1422	12	12	0.97883598	403	0.97883598	0.00000000	9
orthogroup_244	orthogroup_1088	1	12	0.07611549	31	0.07611549	0.00000000	9
orthogroup_244	orthogroup_1088	2	12	0.16797900	66	0.16797900	0.00000000	9
orthogroup_244	orthogroup_1088	3	12	0.23359580	91	0.23359580	0.00000000	9
orthogroup_244	orthogroup_1088	4	12	0.30026110	116	0.29921260	0.00104850	9
orthogroup_244	orthogroup_1088	5	12	0.39107612	151	0.39107612	0.00000000	9
orthogroup_244	orthogroup_1088	6	12	0.46456693	179	0.46456693	0.00000000	9
orthogroup_244	orthogroup_1088	7	12	0.58530184	225	0.58530184	0.00000000	9
orthogroup_244	orthogroup_1088	8	12	0.66666667	256	0.66666667	0.00000000	9
orthogroup_244	orthogroup_1088	9	12	0.74160207	285	0.74278215	0.00118009	9
orthogroup_244	orthogroup_1088	10	12	0.80577428	309	0.80577428	0.00000000	9
orthogroup_244	orthogroup_1088	11	12	0.90288714	346	0.90288714	0.00000000	9
orthogroup_244	orthogroup_1088	12	12	0.96587927	370	0.96587927	0.00000000	9
orthogroup_25	orthogroup_219	1	5	0.10382514	20	0.10382514	0.00000000	9
orthogroup_25	orthogroup_219	2	5	0.24590164	46	0.24590164	0.00000000	9
orthogroup_25	orthogroup_219	3	5	0.39344262	74	0.39344262	0.00000000	9
orthogroup_25	orthogroup_219	4	5	0.60655738	113	0.60655738	0.00000000	9
orthogroup_25	orthogroup_219	5	5	0.84699454	157	0.84699454	0.00000000	9
orthogroup_272	orthogroup_197	1	3	0.19209040	35	0.19318182	0.00109142	9
orthogroup_272	orthogroup_197	2	3	0.56497175	100	0.56250000	0.00247175	9
orthogroup_272	orthogroup_197	3	3	0.96610169	171	0.96590909	0.00019260	9
orthogroup_277	orthogroup_401	1	14	0.06808511	33	0.06823028	0.00014517	8
orthogroup_277	orthogroup_401	2	14	0.14468085	69	0.14498934	0.00030849	8
orthogroup_277	orthogroup_401	3	14	0.19787234	95	0.19829424	0.00042190	8
orthogroup_277	orthogroup_401	4	14	0.24893617	119	0.24946695	0.00053078	8
orthogroup_277	orthogroup_401	5	14	0.33404255	159	0.33475480	0.00071224	8
orthogroup_277	orthogroup_401	6	14	0.38723404	184	0.38805970	0.00082566	8
orthogroup_277	orthogroup_401	7	14	0.45319149	215	0.45415778	0.00096629	8
orthogroup_277	orthogroup_401	8	14	0.51914894	245	0.51812367	0.00102527	8
orthogroup_277	orthogroup_401	9	14	0.60063966	285	0.60127932	0.00063966	8
orthogroup_277	orthogroup_401	10	14	0.68085106	322	0.68017058	0.00068049	8
orthogroup_277	orthogroup_401	11	14	0.74014880	350	0.73987207	0.00027673	8
orthogroup_277	orthogroup_401	12	14	0.78297872	370	0.78251599	0.00046273	8
orthogroup_277	orthogroup_401	13	14	0.87659574	414	0.87633262	0.00026312	8
orthogroup_277	orthogroup_401	14	14	0.95744681	452	0.95735608	0.00009073	8
orthogroup_279	orthogroup_1032	1	10	0.05804749	23	0.05714286	0.00090464	9
orthogroup_279	orthogroup_1032	2	10	0.19531250	76	0.19480519	0.00050731	9
orthogroup_279	orthogroup_1032	3	10	0.26562500	103	0.26493506	0.00068994	9
orthogroup_279	orthogroup_1032	4	10	0.30729167	119	0.30649351	0.00079816	9
orthogroup_279	orthogroup_1032	5	10	0.39322917	152	0.39220779	0.00102137	9
orthogroup_279	orthogroup_1032	6	10	0.55989583	217	0.56103896	0.00114313	9
orthogroup_279	orthogroup_1032	7	10	0.65104167	252	0.65194805	0.00090639	9
orthogroup_279	orthogroup_1032	8	10	0.74739583	289	0.74805195	0.00065611	9
orthogroup_279	orthogroup_1032	9	10	0.83854167	325	0.83896104	0.00041937	9
orthogroup_279	orthogroup_1032	10	10	0.92187500	357	0.92207792	0.00020292	9
orthogroup_283	orthogroup_708	1	10	0.29831933	145	0.29813665	0.00018268	8
orthogroup_283	orthogroup_708	2	10	0.37815126	184	0.37888199	0.00073073	8
orthogroup_283	orthogroup_708	3	10	0.42647059	207	0.42650104	0.00003045	8
orthogroup_283	orthogroup_708	4	10	0.51162791	248	0.51138716	0.00024074	8
orthogroup_283	orthogroup_708	5	10	0.58736842	285	0.58799172	0.00062330	8
orthogroup_283	orthogroup_708	6	10	0.65336134	317	0.65424431	0.00088296	8
orthogroup_283	orthogroup_708	7	10	0.67647059	328	0.67701863	0.00054805	8
orthogroup_283	orthogroup_708	8	10	0.75000000	363	0.74948240	0.00051760	8
orthogroup_283	orthogroup_708	9	10	0.86764706	420	0.86749482	0.00015223	8
orthogroup_283	orthogroup_708	10	10	0.98308668	476	0.98343685	0.00035017	8
orthogroup_284	orthogroup_369	1	10	0.09631728	65	0.09631728	0.00000000	9
orthogroup_284	orthogroup_369	2	10	0.14488636	82	0.14447592	0.00041044	9
orthogroup_284	orthogroup_369	3	10	0.24715909	118	0.24645892	0.00070017	9
orthogroup_284	orthogroup_369	4	10	0.49717514	209	0.49858357	0.00140843	9
orthogroup_284	orthogroup_369	5	10	0.66005666	266	0.66005666	0.00000000	9
orthogroup_284	orthogroup_369	6	10	0.71306818	286	0.71388102	0.00081284	9
orthogroup_284	orthogroup_369	7	10	0.76203966	303	0.76190476	0.00013490	9
orthogroup_284	orthogroup_369	8	10	0.82386364	325	0.82352941	0.00033422	9
orthogroup_284	orthogroup_369	9	10	0.91218130	357	0.91191710	0.00026420	9
orthogroup_284	orthogroup_369	10	10	0.96056338	376	0.96113990	0.00057652	9
orthogroup_300	orthogroup_1108	1	10	0.06363636	22	0.06422018	0.00058382	8
orthogroup_300	orthogroup_1108	2	10	0.19090909	63	0.18960245	0.00130664	8
orthogroup_300	orthogroup_1108	3	10	0.28787879	95	0.28746177	0.00041701	8
orthogroup_300	orthogroup_1108	4	10	0.40303030	133	0.40366972	0.00063942	8
orthogroup_300	orthogroup_1108	5	10	0.48181818	159	0.48318043	0.00136225	8
orthogroup_300	orthogroup_1108	6	10	0.58181818	191	0.58103976	0.00077843	8
orthogroup_300	orthogroup_1108	7	10	0.66060606	217	0.66055046	0.00005560	8
orthogroup_300	orthogroup_1108	8	10	0.76782721	252	0.76758410	0.00024311	8
orthogroup_300	orthogroup_1108	9	10	0.85454545	280	0.85321101	0.00133445	8
orthogroup_300	orthogroup_1108	10	10	0.96969697	318	0.96941896	0.00027801	8
orthogroup_303	orthogroup_1255	1	11	0.05567929	38	0.05580357	0.00012428	9
orthogroup_303	orthogroup_1255	2	11	0.12694878	70	0.12723214	0.00028337	9
orthogroup_303	orthogroup_1255	3	11	0.19376392	100	0.19419643	0.00043251	9
orthogroup_303	orthogroup_1255	4	11	0.29175947	144	0.29241071	0.00065125	9
orthogroup_303	orthogroup_1255	5	11	0.38530067	186	0.38616071	0.00086005	9
orthogroup_303	orthogroup_1255	6	11	0.44295302	211	0.44196429	0.00098873	9
orthogroup_303	orthogroup_1255	7	11	0.48098434	228	0.47991071	0.00107363	9
orthogroup_303	orthogroup_1255	8	11	0.54565702	257	0.54464286	0.00101416	9
orthogroup_303	orthogroup_1255	9	11	0.81514477	378	0.81473214	0.00041262	9
orthogroup_303	orthogroup_1255	10	11	0.88418708	409	0.88392857	0.00025851	9
orthogroup_303	orthogroup_1255	11	11	0.95121951	439	0.95089286	0.00032666	9
orthogroup_322	orthogroup_1065	1	6	0.15693431	45	0.15602837	0.00090594	8
orthogroup_322	orthogroup_1065	2	6	0.37591241	111	0.37588652	0.00002588	8
orthogroup_322	orthogroup_1065	3	6	0.50000000	146	0.50000000	0.00000000	8
orthogroup_322	orthogroup_1065	4	6	0.58759124	175	0.58865248	0.00106124	8
orthogroup_322	orthogroup_1065	5	6	0.79927007	234	0.79787234	0.00139773	8
orthogroup_322	orthogroup_1065	6	6	0.94525547	276	0.94680851	0.00155304	8
orthogroup_329	orthogroup_1588	1	12	0.04788732	37	0.04735376	0.00053356	9
orthogroup_329	orthogroup_1588	2	12	0.07323944	56	0.07381616	0.00057672	9
orthogroup_329	orthogroup_1588	3	12	0.11624650	86	0.11559889	0.00064761	9
orthogroup_329	orthogroup_1588	4	12	0.14705882	109	0.14763231	0.00057349	9
orthogroup_329	orthogroup_1588	5	12	0.17980636	132	0.17966574	0.00014062	9
orthogroup_329	orthogroup_1588	6	12	0.22535211	167	0.22562674	0.00027463	9
orthogroup_329	orthogroup_1588	7	12	0.57361111	417	0.57381616	0.00020504	9
orthogroup_329	orthogroup_1588	8	12	0.59497207	432	0.59470752	0.00026455	9
orthogroup_329	orthogroup_1588	9	12	0.63966480	464	0.63927577	0.00038904	9
orthogroup_329	orthogroup_1588	10	12	0.66805556	485	0.66852368	0.00046812	9
orthogroup_329	orthogroup_1588	11	12	0.69861111	507	0.69916435	0.00055323	9
orthogroup_329	orthogroup_1588	12	12	0.73888889	536	0.73955432	0.00066543	9
orthogroup_33	orthogroup_777	1	3	0.41509434	44	0.41747573	0.00238139	8
orthogroup_33	orthogroup_777	2	3	0.69811321	73	0.69902913	0.00091592	8
orthogroup_33	orthogroup_777	3	3	0.97196262	101	0.97087379	0.00108883	8
orthogroup_331	orthogroup_409	1	5	0.23711340	49	0.23906952	0.00195612	8
orthogroup_331	orthogroup_409	2	5	0.45876289	92	0.45876289	0.00000000	8
orthogroup_331	orthogroup_409	3	5	0.64432990	128	0.64432990	0.00000000	8
orthogroup_331	orthogroup_409	4	5	0.75515464	149	0.75257732	0.00257732	8
orthogroup_331	orthogroup_409	5	5	0.94329897	189	0.94329897	0.00000000	8
orthogroup_334	orthogroup_868	1	10	0.04301075	30	0.04259259	0.00041816	9
orthogroup_334	orthogroup_868	2	10	0.14695341	86	0.14629630	0.00065711	9
orthogroup_334	orthogroup_868	3	10	0.27060932	153	0.27037037	0.00023895	9
orthogroup_334	orthogroup_868	4	10	0.33870968	191	0.33888889	0.00017921	9
orthogroup_334	orthogroup_868	5	10	0.48207885	272	0.48237477	0.00029592	9
orthogroup_334	orthogroup_868	6	10	0.54121864	304	0.54174397	0.00052533	9
orthogroup_334	orthogroup_868	7	10	0.62365591	348	0.62337662	0.00027929	9
orthogroup_334	orthogroup_868	8	10	0.77956989	434	0.77922078	0.00034911	9
orthogroup_334	orthogroup_868	9	10	0.90143369	506	0.90166976	0.00023607	9
orthogroup_334	orthogroup_868	10	10	0.97670251	508	0.90538033	0.07132218	9
orthogroup_335	orthogroup_1533	1	5	0.18834081	45	0.19196429	0.00362348	9
orthogroup_335	orthogroup_1533	2	5	0.34977578	80	0.34821429	0.00156150	9
orthogroup_335	orthogroup_1533	3	5	0.51569507	131	0.51569507	0.00000000	9
orthogroup_335	orthogroup_1533	4	5	0.75784753	191	0.75892857	0.00108104	9
orthogroup_335	orthogroup_1533	5	5	0.96412556	237	0.96412556	0.00000000	9
orthogroup_338	orthogroup_282	1	5	0.21481481	79	0.21561338	0.00079857	10
orthogroup_338	orthogroup_282	2	5	0.47777778	164	0.47955390	0.00177613	10
orthogroup_338	orthogroup_282	3	5	0.61111111	204	0.60594796	0.00516316	10
orthogroup_338	orthogroup_282	4	5	0.83703704	269	0.83643123	0.00060581	10
orthogroup_338	orthogroup_282	5	5	0.94814815	299	0.94795539	0.00019276	10
orthogroup_346	orthogroup_1277	1	5	0.08205128	17	0.08205128	0.00000000	9
orthogroup_346	orthogroup_1277	2	5	0.22564103	45	0.22564103	0.00000000	9
orthogroup_346	orthogroup_1277	3	5	0.46666667	92	0.46666667	0.00000000	9
orthogroup_346	orthogroup_1277	4	5	0.60824742	120	0.61025641	0.00200899	9
orthogroup_346	orthogroup_1277	5	5	0.82989691	163	0.83076923	0.00087232	9
orthogroup_352	orthogroup_459	1	3	0.21917808	38	0.21768707	0.00149101	10
orthogroup_352	orthogroup_459	2	3	0.58904110	98	0.59183673	0.00279564	10
orthogroup_352	orthogroup_459	3	3	0.80136986	129	0.80272109	0.00135123	10
orthogroup_354	orthogroup_1367	1	11	0.07766990	33	0.07785888	0.00018898	9
orthogroup_354	orthogroup_1367	2	11	0.16301703	69	0.16545012	0.00243309	9
orthogroup_354	orthogroup_1367	3	11	0.28710462	120	0.28710462	0.00000000	9
orthogroup_354	orthogroup_1367	4	11	0.35036496	146	0.35036496	0.00000000	9
orthogroup_354	orthogroup_1367	5	11	0.41849148	175	0.41849148	0.00000000	9
orthogroup_354	orthogroup_1367	6	11	0.51581509	214	0.51463415	0.00118094	9
orthogroup_354	orthogroup_1367	7	11	0.62287105	262	0.62195122	0.00091983	9
orthogroup_354	orthogroup_1367	8	11	0.74695864	313	0.74634146	0.00061717	9
orthogroup_354	orthogroup_1367	9	11	0.82725061	343	0.81951220	0.00773841	9
orthogroup_354	orthogroup_1367	10	11	0.88807786	371	0.88780488	0.00027298	9
orthogroup_354	orthogroup_1367	11	11	0.98540146	398	0.95365854	0.03174292	9
orthogroup_36	orthogroup_481	1	5	0.20183486	61	0.20180995	0.00002491	8
orthogroup_36	orthogroup_481	2	5	0.27522936	77	0.27356461	0.00166475	8
orthogroup_36	orthogroup_481	3	5	0.40825688	107	0.40810458	0.00015231	8
orthogroup_36	orthogroup_481	4	5	0.79816514	193	0.79590703	0.00225810	8
orthogroup_36	orthogroup_481	5	5	0.96788991	231	0.96824352	0.00035361	8
orthogroup_371	orthogroup_1507	1	4	0.24000000	31	0.24000000	0.00000000	9
orthogroup_371	orthogroup_1507	2	4	0.44000000	56	0.44000000	0.00000000	9
orthogroup_371	orthogroup_1507	3	4	0.76000000	96	0.76000000	0.00000000	9
orthogroup_371	orthogroup_1507	4	4	0.96800000	122	0.96800000	0.00000000	9
orthogroup_378	orthogroup_599	1	12	0.09829060	62	0.09777778	0.00051282	8
orthogroup_378	orthogroup_599	2	12	0.14941319	85	0.14888889	0.00052430	8
orthogroup_378	orthogroup_599	3	12	0.26680927	153	0.26888889	0.00207962	8
orthogroup_378	orthogroup_599	4	12	0.32230560	177	0.32222222	0.00008337	8
orthogroup_378	orthogroup_599	5	12	0.38847430	207	0.38888889	0.00041459	8
orthogroup_378	orthogroup_599	6	12	0.49092905	253	0.49023641	0.00069265	8
orthogroup_378	orthogroup_599	7	12	0.57203907	295	0.57177305	0.00026602	8
orthogroup_378	orthogroup_599	8	12	0.67235936	341	0.67257954	0.00022018	8
orthogroup_378	orthogroup_599	9	12	0.77694859	389	0.77656388	0.00038471	8
orthogroup_378	orthogroup_599	10	12	0.83244492	414	0.83187469	0.00057022	8
orthogroup_378	orthogroup_599	11	12	0.92636178	458	0.92661426	0.00025248	8
orthogroup_378	orthogroup_599	12	12	0.98185811	484	0.98273277	0.00087466	8
orthogroup_385	orthogroup_1109	1	10	0.08239713	57	0.08354430	0.00114717	8
orthogroup_385	orthogroup_1109	2	10	0.24000000	119	0.24050633	0.00050633	8
orthogroup_385	orthogroup_1109	3	10	0.32209788	151	0.32151899	0.00057889	8
orthogroup_385	orthogroup_1109	4	10	0.41697943	189	0.41772152	0.00074209	8
orthogroup_385	orthogroup_1109	5	10	0.53183603	234	0.53164557	0.00019047	8
orthogroup_385	orthogroup_1109	6	10	0.58427057	256	0.58734177	0.00307120	8
orthogroup_385	orthogroup_1109	7	10	0.68329602	294	0.68354430	0.00024828	8
orthogroup_385	orthogroup_1109	8	10	0.76404613	338	0.76455696	0.00051083	8
orthogroup_385	orthogroup_1109	9	10	0.84894015	371	0.84810127	0.00083888	8
orthogroup_385	orthogroup_1109	10	10	0.95630611	414	0.95696203	0.00065592	8
orthogroup_390	orthogroup_328	1	10	0.05063291	21	0.05063291	0.00000000	9
orthogroup_390	orthogroup_328	2	10	0.11779449	48	0.11898734	0.00119286	9
orthogroup_390	orthogroup_328	3	10	0.27157360	108	0.27088608	0.00068753	9
orthogroup_390	orthogroup_328	4	10	0.45822785	182	0.45822785	0.00000000	9
orthogroup_390	orthogroup_328	5	10	0.53417722	212	0.53417722	0.00000000	9
orthogroup_390	orthogroup_328	6	10	0.61904762	246	0.62025316	0.00120555	9
orthogroup_390	orthogroup_328	7	10	0.66666667	264	0.66582278	0.00084388	9
orthogroup_390	orthogroup_328	8	10	0.87563452	347	0.87594937	0.00031485	9
orthogroup_390	orthogroup_328	9	10	0.90355330	358	0.90379747	0.00024417	9
orthogroup_390	orthogroup_328	10	10	0.99498747	394	0.99493671	0.00005076	9
orthogroup_408	orthogroup_798	1	10	0.07025761	34	0.06950673	0.00075088	9
orthogroup_408	orthogroup_798	2	10	0.13817330	65	0.13901345	0.00084015	9
orthogroup_408	orthogroup_798	3	10	0.22950820	105	0.22869955	0.00080865	9
orthogroup_408	orthogroup_798	4	10	0.38173302	177	0.38116592	0.00056710	9
orthogroup_408	orthogroup_798	5	10	0.48477752	223	0.48430493	0.00047258	9
orthogroup_408	orthogroup_798	6	10	0.55269321	254	0.55381166	0.00111845	9
orthogroup_408	orthogroup_798	7	10	0.74473068	351	0.74439462	0.00033606	9
orthogroup_408	orthogroup_798	8	10	0.80327869	386	0.81838565	0.01510696	9
orthogroup_408	orthogroup_798	9	10	0.84074941	408	0.84977578	0.00902637	9
orthogroup_408	orthogroup_798	10	10	0.90866511	434	0.90807175	0.00059336	9
orthogroup_415	orthogroup_120	1	9	0.12802768	50	0.12847222	0.00044454	9
orthogroup_415	orthogroup_120	2	9	0.22491349	78	0.22569444	0.00078095	9
orthogroup_415	orthogroup_120	3	9	0.39100346	126	0.39236111	0.00135765	9
orthogroup_415	orthogroup_120	4	9	0.45674740	145	0.45833333	0.00158593	9
orthogroup_415	orthogroup_120	5	9	0.54671280	170	0.54513889	0.00157391	9
orthogroup_415	orthogroup_120	6	9	0.62975779	194	0.62847222	0.00128556	9
orthogroup_415	orthogroup_120	7	9	0.79930796	243	0.79861111	0.00069685	9
orthogroup_415	orthogroup_120	8	9	0.87108014	264	0.87152778	0.00044764	9
orthogroup_415	orthogroup_120	9	9	0.99307958	292	0.96875000	0.02432958	9
orthogroup_419	orthogroup_1288	1	6	0.07804878	42	0.10000000	0.02195122	8
orthogroup_419	orthogroup_1288	2	6	0.30731707	86	0.30952381	0.00220674	8
orthogroup_419	orthogroup_1288	3	6	0.43414634	112	0.43333333	0.00081301	8
orthogroup_419	orthogroup_1288	4	6	0.67804878	163	0.67619048	0.00185830	8
orthogroup_419	orthogroup_1288	5	6	0.82439024	194	0.82380952	0.00058072	8
orthogroup_419	orthogroup_1288	6	6	0.99024390	229	0.99047619	0.00023229	8
orthogroup_420	orthogroup_529	1	6	0.10646388	36	0.10629921	0.00016467	8
orthogroup_420	orthogroup_529	2	6	0.32442748	91	0.32283465	0.00159284	8
orthogroup_420	orthogroup_529	3	6	0.45419847	131	0.45275591	0.00144257	8
orthogroup_420	orthogroup_529	4	6	0.53435115	152	0.53543307	0.00108193	8
orthogroup_420	orthogroup_529	5	6	0.76717557	211	0.76700003	0.00017554	8
orthogroup_420	orthogroup_529	6	6	0.91984733	251	0.91945345	0.00039388	8
orthogroup_429	orthogroup_395	1	12	0.07124682	28	0.07012987	0.00111695	8
orthogroup_429	orthogroup_395	2	12	0.16284987	64	0.16363636	0.00078649	8
orthogroup_429	orthogroup_395	3	12	0.23155216	90	0.23116883	0.00038333	8
orthogroup_429	orthogroup_395	4	12	0.29770992	116	0.29870130	0.00099138	8
orthogroup_429	orthogroup_395	5	12	0.39440204	153	0.39480519	0.00040316	8
orthogroup_429	orthogroup_395	6	12	0.45801527	177	0.45714286	0.00087241	8
orthogroup_429	orthogroup_395	7	12	0.58524173	226	0.58441558	0.00082615	8
orthogroup_429	orthogroup_395	8	12	0.66666667	258	0.66753247	0.00086580	8
orthogroup_429	orthogroup_395	9	12	0.74300254	287	0.74285714	0.00014540	8
orthogroup_429	orthogroup_395	10	12	0.80916031	313	0.81038961	0.00122931	8
orthogroup_429	orthogroup_395	11	12	0.90151515	348	0.90129870	0.00021645	8
orthogroup_429	orthogroup_395	12	12	0.97201018	375	0.97142857	0.00058161	8
orthogroup_454	orthogroup_149	1	6	0.03420195	105	0.16855754	0.13435558	9
orthogroup_454	orthogroup_149	2	6	0.76547231	524	0.76547231	0.00000000	9
orthogroup_454	orthogroup_149	3	6	0.80781759	550	0.80781759	0.00000000	9
orthogroup_454	orthogroup_149	4	6	0.85179153	577	0.85179153	0.00000000	9
orthogroup_454	orthogroup_149	5	6	0.93322476	627	0.93322476	0.00000000	9
orthogroup_454	orthogroup_149	6	6	0.97068404	650	0.97068404	0.00000000	9
orthogroup_46	orthogroup_1161	1	6	0.14007782	59	0.14007782	0.00000000	10
orthogroup_46	orthogroup_1161	2	6	0.36186770	116	0.36186770	0.00000000	10
orthogroup_46	orthogroup_1161	3	6	0.50194553	159	0.50194553	0.00000000	10
orthogroup_46	orthogroup_1161	4	6	0.69514825	210	0.69649805	0.00134980	10
orthogroup_46	orthogroup_1161	5	6	0.80077821	240	0.80155642	0.00077821	10
orthogroup_46	orthogroup_1161	6	6	0.89709076	265	0.89883268	0.00174192	10
orthogroup_471	orthogroup_1469	1	6	0.13636364	31	0.13574661	0.00061703	9
orthogroup_471	orthogroup_1469	2	6	0.25000000	56	0.24886878	0.00113122	9
orthogroup_471	orthogroup_1469	3	6	0.40454545	90	0.40271493	0.00183052	9
orthogroup_471	orthogroup_1469	4	6	0.56363636	126	0.56561086	0.00197450	9
orthogroup_471	orthogroup_1469	5	6	0.74090909	165	0.74208145	0.00117236	9
orthogroup_471	orthogroup_1469	6	6	0.91363636	203	0.91402715	0.00039079	9
orthogroup_480	orthogroup_1369	1	6	0.09470752	39	0.10277778	0.00807026	9
orthogroup_480	orthogroup_1369	2	6	0.23119777	120	0.23055556	0.00064222	9
orthogroup_480	orthogroup_1369	3	6	0.34261838	160	0.34166667	0.00095172	9
orthogroup_480	orthogroup_1369	4	6	0.83008357	338	0.83055556	0.00047199	9
orthogroup_480	orthogroup_1369	5	6	0.93036212	374	0.93023256	0.00012956	9
orthogroup_480	orthogroup_1369	6	6	0.99164345	396	0.99135447	0.00028899	9
orthogroup_484	orthogroup_1045	1	6	0.19841270	52	0.19841270	0.00000000	9
orthogroup_484	orthogroup_1045	2	6	0.36111111	93	0.36111111	0.00000000	9
orthogroup_484	orthogroup_1045	3	6	0.62698413	160	0.62698413	0.00000000	9
orthogroup_484	orthogroup_1045	4	6	0.68650794	175	0.68650794	0.00000000	9
orthogroup_484	orthogroup_1045	5	6	0.87698413	223	0.87698413	0.00000000	9
orthogroup_484	orthogroup_1045	6	6	0.92460317	235	0.92460317	0.00000000	9
orthogroup_489	orthogroup_1296	1	6	0.12272727	28	0.12217195	0.00055533	9
orthogroup_489	orthogroup_1296	2	6	0.29545455	66	0.29411765	0.00133690	9
orthogroup_489	orthogroup_1296	3	6	0.40000000	89	0.39819005	0.00180995	9
orthogroup_489	orthogroup_1296	4	6	0.62727273	140	0.62895928	0.00168655	9
orthogroup_489	orthogroup_1296	5	6	0.79090909	176	0.79185520	0.00094611	9
orthogroup_489	orthogroup_1296	6	6	0.96818182	215	0.96832579	0.00014397	9
orthogroup_49	orthogroup_1174	1	4	0.25925926	37	0.26277372	0.00351446	9
orthogroup_49	orthogroup_1174	2	4	0.54814815	76	0.54744526	0.00070289	9
orthogroup_49	orthogroup_1174	3	4	0.75555556	105	0.75912409	0.00356853	9
orthogroup_49	orthogroup_1174	4	4	0.94074074	129	0.93636364	0.00437710	9
orthogroup_515	orthogroup_1646	1	3	0.40495868	51	0.40495868	0.00000000	9
orthogroup_515	orthogroup_1646	2	3	0.56198347	70	0.56198347	0.00000000	9
orthogroup_515	orthogroup_1646	3	3	0.96694215	119	0.96694215	0.00000000	9
orthogroup_526	orthogroup_1026	1	6	0.12732919	42	0.12732919	0.00000000	9
orthogroup_526	orthogroup_1026	2	6	0.50310559	163	0.50310559	0.00000000	9
orthogroup_526	orthogroup_1026	3	6	0.58074534	188	0.58074534	0.00000000	9
orthogroup_526	orthogroup_1026	4	6	0.66978193	217	0.67080745	0.00102552	9
orthogroup_526	orthogroup_1026	5	6	0.81987578	265	0.81987578	0.00000000	9
orthogroup_526	orthogroup_1026	6	6	0.90372671	292	0.90372671	0.00000000	9
orthogroup_531	orthogroup_690	1	14	0.04313725	28	0.04687500	0.00373775	9
orthogroup_531	orthogroup_690	2	14	0.08627451	48	0.08593750	0.00033701	9
orthogroup_531	orthogroup_690	3	14	0.21568627	114	0.21484375	0.00084252	9
orthogroup_531	orthogroup_690	4	14	0.29215686	154	0.29296875	0.00081189	9
orthogroup_531	orthogroup_690	5	14	0.34705882	182	0.34765625	0.00059743	9
orthogroup_531	orthogroup_690	6	14	0.40196078	210	0.40234375	0.00038297	9
orthogroup_531	orthogroup_690	7	14	0.50196078	261	0.50195312	0.00000766	9
orthogroup_531	orthogroup_690	8	14	0.55490196	288	0.55468750	0.00021446	9
orthogroup_531	orthogroup_690	9	14	0.64313725	333	0.64257812	0.00055913	9
orthogroup_531	orthogroup_690	10	14	0.72745098	376	0.72656250	0.00088848	9
orthogroup_531	orthogroup_690	11	14	0.78823529	408	0.78906250	0.00082721	9
orthogroup_531	orthogroup_690	12	14	0.83529412	432	0.83593750	0.00064338	9
orthogroup_531	orthogroup_690	13	14	0.90588235	468	0.90625000	0.00036765	9
orthogroup_531	orthogroup_690	14	14	0.97450980	503	0.97460938	0.00009957	9
orthogroup_534	orthogroup_559	1	5	0.21224490	57	0.21224490	0.00000000	10
orthogroup_534	orthogroup_559	2	5	0.35510204	94	0.35510204	0.00000000	10
orthogroup_534	orthogroup_559	3	5	0.50204082	131	0.50204082	0.00000000	10
orthogroup_534	orthogroup_559	4	5	0.73061224	188	0.73061224	0.00000000	10
orthogroup_534	orthogroup_559	5	5	0.93469388	238	0.93469388	0.00000000	10
orthogroup_540	orthogroup_505	1	6	0.18309859	53	0.18374558	0.00064699	9
orthogroup_540	orthogroup_505	2	6	0.29577465	85	0.29681979	0.00104514	9
orthogroup_540	orthogroup_505	3	6	0.46478873	133	0.46643110	0.00164236	9
orthogroup_540	orthogroup_505	4	6	0.64084507	182	0.63957597	0.00126910	9
orthogroup_540	orthogroup_505	5	6	0.72535211	207	0.72438163	0.00097049	9
orthogroup_540	orthogroup_505	6	6	0.97887324	279	0.97879859	0.00007465	9
orthogroup_547	orthogroup_1054	1	6	0.18272425	57	0.18272425	0.00000000	10
orthogroup_547	orthogroup_1054	2	6	0.41860465	128	0.41860465	0.00000000	10
orthogroup_547	orthogroup_1054	3	6	0.52491694	162	0.52491694	0.00000000	10
orthogroup_547	orthogroup_1054	4	6	0.59468439	185	0.59468439	0.00000000	10
orthogroup_547	orthogroup_1054	5	6	0.78073090	242	0.78073090	0.00000000	10
orthogroup_547	orthogroup_1054	6	6	0.96013289	297	0.96013289	0.00000000	10
orthogroup_548	orthogroup_319	1	6	0.09090909	24	0.09090909	0.00000000	9
orthogroup_548	orthogroup_319	2	6	0.25691700	66	0.25691700	0.00000000	9
orthogroup_548	orthogroup_319	3	6	0.36758893	94	0.36758893	0.00000000	9
orthogroup_548	orthogroup_319	4	6	0.69169960	176	0.69169960	0.00000000	9
orthogroup_548	orthogroup_319	5	6	0.79446640	202	0.79446640	0.00000000	9
orthogroup_548	orthogroup_319	6	6	0.91304348	232	0.91304348	0.00000000	9
orthogroup_551	orthogroup_1138	1	4	0.22222222	51	0.22222222	0.00000000	9
orthogroup_551	orthogroup_1138	2	4	0.50925926	82	0.50925926	0.00000000	9
orthogroup_551	orthogroup_1138	3	4	0.75925926	109	0.75925926	0.00000000	9
orthogroup_551	orthogroup_1138	4	4	0.99074074	134	0.99074074	0.00000000	9
orthogroup_554	orthogroup_182	1	8	0.19718310	86	0.19718310	0.00000000	9
orthogroup_554	orthogroup_182	2	8	0.31924883	138	0.31924883	0.00000000	9
orthogroup_554	orthogroup_182	3	8	0.41314554	178	0.41314554	0.00000000	9
orthogroup_554	orthogroup_182	4	8	0.47887324	206	0.47887324	0.00000000	9
orthogroup_554	orthogroup_182	5	8	0.66197183	284	0.66197183	0.00000000	9
orthogroup_554	orthogroup_182	6	8	0.78638498	337	0.78638498	0.00000000	9
orthogroup_554	orthogroup_182	7	8	0.88262911	378	0.88262911	0.00000000	9
orthogroup_554	orthogroup_182	8	8	0.95070423	407	0.95070423	0.00000000	9
orthogroup_596	orthogroup_1116	1	4	0.07191781	22	0.07167235	0.00024545	9
orthogroup_596	orthogroup_1116	2	4	0.17808219	53	0.17747440	0.00060779	9
orthogroup_596	orthogroup_1116	3	4	0.59246575	175	0.59385666	0.00139090	9
orthogroup_596	orthogroup_1116	4	4	0.73972603	218	0.74061433	0.00088831	9
orthogroup_598	orthogroup_1371	1	9	0.09195402	33	0.09195402	0.00000000	9
orthogroup_598	orthogroup_1371	2	9	0.17528736	62	0.17528736	0.00000000	9
orthogroup_598	orthogroup_1371	3	9	0.25574713	90	0.25574713	0.00000000	9
orthogroup_598	orthogroup_1371	4	9	0.35057471	123	0.35057471	0.00000000	9
orthogroup_598	orthogroup_1371	5	9	0.52586207	184	0.52586207	0.00000000	9
orthogroup_598	orthogroup_1371	6	9	0.70402299	247	0.70402299	0.00000000	9
orthogroup_598	orthogroup_1371	7	9	0.80172414	281	0.80172414	0.00000000	9
orthogroup_598	orthogroup_1371	8	9	0.88218391	309	0.88218391	0.00000000	9
orthogroup_598	orthogroup_1371	9	9	0.98563218	347	0.98563218	0.00000000	9
orthogroup_6	orthogroup_1602	1	3	0.33333333	38	0.33333333	0.00000000	9
orthogroup_6	orthogroup_1602	2	3	0.59259259	67	0.59259259	0.00000000	9
orthogroup_6	orthogroup_1602	3	3	0.90740741	101	0.90740741	0.00000000	9
orthogroup_609	orthogroup_1581	1	7	0.10606061	31	0.14705882	0.04099822	9
orthogroup_609	orthogroup_1581	2	7	0.35784314	74	0.35784314	0.00000000	9
orthogroup_609	orthogroup_1581	3	7	0.47549020	98	0.47549020	0.00000000	9
orthogroup_609	orthogroup_1581	4	7	0.57352941	118	0.57352941	0.00000000	9
orthogroup_609	orthogroup_1581	5	7	0.66176471	136	0.66176471	0.00000000	9
orthogroup_609	orthogroup_1581	6	7	0.76847291	158	0.76960784	0.00113494	9
orthogroup_609	orthogroup_1581	7	7	0.85294118	175	0.85294118	0.00000000	9
orthogroup_610	orthogroup_1475	1	5	0.19909502	46	0.20091324	0.00181822	9
orthogroup_610	orthogroup_1475	2	5	0.27397260	62	0.27397260	0.00000000	9
orthogroup_610	orthogroup_1475	3	5	0.39910314	89	0.39726027	0.00184287	9
orthogroup_610	orthogroup_1475	4	5	0.79452055	176	0.79452055	0.00000000	9
orthogroup_610	orthogroup_1475	5	5	0.95890411	212	0.95890411	0.00000000	9
orthogroup_618	orthogroup_1269	1	4	0.26495726	93	0.26361032	0.00134695	9
orthogroup_618	orthogroup_1269	2	4	0.68000000	238	0.67908309	0.00091691	9
orthogroup_618	orthogroup_1269	3	4	0.84045584	294	0.83954155	0.00091429	9
orthogroup_618	orthogroup_1269	4	4	0.96571429	338	0.96561605	0.00009824	9
orthogroup_626	orthogroup_918	1	9	0.11726384	38	0.11575563	0.00150822	9
orthogroup_626	orthogroup_918	2	9	0.20521173	66	0.20578778	0.00057605	9
orthogroup_626	orthogroup_918	3	9	0.38110749	121	0.38263666	0.00152916	9
orthogroup_626	orthogroup_918	4	9	0.46579805	147	0.46623794	0.00043990	9
orthogroup_626	orthogroup_918	5	9	0.56026059	180	0.55948553	0.00077506	9
orthogroup_626	orthogroup_918	6	9	0.64610390	207	0.64630225	0.00019835	9
orthogroup_626	orthogroup_918	7	9	0.79870130	266	0.79807692	0.00062438	9
orthogroup_626	orthogroup_918	8	9	0.85714286	284	0.85576923	0.00137363	9
orthogroup_626	orthogroup_918	9	9	0.98697068	325	0.98717949	0.00020880	9
orthogroup_627	orthogroup_224	1	4	0.23728814	29	0.23728814	0.00000000	9
orthogroup_627	orthogroup_224	2	4	0.41525424	50	0.41525424	0.00000000	9
orthogroup_627	orthogroup_224	3	4	0.68644068	82	0.68644068	0.00000000	9
orthogroup_627	orthogroup_224	4	4	0.90677966	108	0.90677966	0.00000000	9
orthogroup_65	orthogroup_1258	1	4	0.03144172	42	0.03168470	0.00024298	9
orthogroup_65	orthogroup_1258	2	4	0.07438650	97	0.07418856	0.00019794	9
orthogroup_65	orthogroup_1258	3	4	0.10046012	131	0.10046368	0.00000356	9
orthogroup_65	orthogroup_1258	4	4	0.13650307	178	0.13678516	0.00028209	9
orthogroup_663	orthogroup_1447	1	11	0.09813084	43	0.09836066	0.00022981	9
orthogroup_663	orthogroup_1447	2	11	0.15420561	67	0.15456674	0.00036114	9
orthogroup_663	orthogroup_1447	3	11	0.27803738	120	0.27868852	0.00065114	9
orthogroup_663	orthogroup_1447	4	11	0.35747664	155	0.35831382	0.00083718	9
orthogroup_663	orthogroup_1447	5	11	0.42056075	182	0.42154567	0.00098492	9
orthogroup_663	orthogroup_1447	6	11	0.53037383	228	0.52927400	0.00109983	9
orthogroup_663	orthogroup_1447	7	11	0.62850467	270	0.62763466	0.00087001	9
orthogroup_663	orthogroup_1447	8	11	0.74766355	321	0.74707260	0.00059095	9
orthogroup_663	orthogroup_1447	9	11	0.85280374	366	0.85245902	0.00034472	9
orthogroup_663	orthogroup_1447	10	11	0.91822430	394	0.91803279	0.00019151	9
orthogroup_663	orthogroup_1447	11	11	0.99532710	427	0.99531616	0.00001094	9
orthogroup_684	orthogroup_1385	1	12	0.07377049	37	0.07346939	0.00030110	9
orthogroup_684	orthogroup_1385	2	12	0.13319672	66	0.13265306	0.00054366	9
orthogroup_684	orthogroup_1385	3	12	0.24795082	122	0.24693878	0.00101204	9
orthogroup_684	orthogroup_1385	4	12	0.29918033	148	0.30000000	0.00081967	9
orthogroup_684	orthogroup_1385	5	12	0.36055777	178	0.36122449	0.00066672	9
orthogroup_684	orthogroup_1385	6	12	0.45696721	225	0.45714286	0.00017564	9
orthogroup_684	orthogroup_1385	7	12	0.53483607	263	0.53469388	0.00014219	9
orthogroup_684	orthogroup_1385	8	12	0.65368852	321	0.65306122	0.00062730	9
orthogroup_684	orthogroup_1385	9	12	0.74795082	367	0.74693878	0.00101204	9
orthogroup_684	orthogroup_1385	10	12	0.79918033	393	0.80000000	0.00081967	9
orthogroup_684	orthogroup_1385	11	12	0.88729508	437	0.88775510	0.00046002	9
orthogroup_684	orthogroup_1385	12	12	0.95687885	471	0.95714286	0.00026401	9
orthogroup_687	orthogroup_1547	1	8	0.11567164	32	0.11567164	0.00000000	9
orthogroup_687	orthogroup_1547	2	8	0.37313433	102	0.37313433	0.00000000	9
orthogroup_687	orthogroup_1547	3	8	0.46641791	127	0.46641791	0.00000000	9
orthogroup_687	orthogroup_1547	4	8	0.57677903	157	0.57835821	0.00157918	9
orthogroup_687	orthogroup_1547	5	8	0.63432836	172	0.63432836	0.00000000	9
orthogroup_687	orthogroup_1547	6	8	0.75746269	205	0.75746269	0.00000000	9
orthogroup_687	orthogroup_1547	7	8	0.83955224	227	0.83955224	0.00000000	9
orthogroup_687	orthogroup_1547	8	8	0.94776119	261	0.94776119	0.00000000	9
orthogroup_7	orthogroup_1123	1	12	0.02194656	24	0.02157598	0.00037058	9
orthogroup_7	orthogroup_1123	2	12	0.33969466	363	0.33958724	0.00010741	9
orthogroup_7	orthogroup_1123	3	12	0.36354962	389	0.36397749	0.00042787	9
orthogroup_7	orthogroup_1123	4	12	0.39026718	417	0.39024390	0.00002327	9
orthogroup_7	orthogroup_1123	5	12	0.43511450	465	0.43531634	0.00020183	9
orthogroup_7	orthogroup_1123	6	12	0.46564885	497	0.46553352	0.00011533	9
orthogroup_7	orthogroup_1123	7	12	0.52817574	567	0.52819549	0.00001975	9
orthogroup_7	orthogroup_1123	8	12	0.84813754	1070	0.84709193	0.00104560	9
orthogroup_7	orthogroup_1123	9	12	0.87201528	1102	0.87617261	0.00415733	9
orthogroup_7	orthogroup_1123	10	12	0.89875836	1150	0.89587242	0.00288594	9
orthogroup_7	orthogroup_1123	11	12	0.94364852	1246	0.94559099	0.00194247	9
orthogroup_7	orthogroup_1123	12	12	0.97134670	1273	0.96998124	0.00136547	9
orthogroup_703	orthogroup_1634	1	13	0.04308797	25	0.04332130	0.00023333	9
orthogroup_703	orthogroup_1634	2	13	0.08078995	46	0.08122744	0.00043749	9
orthogroup_703	orthogroup_1634	3	13	0.12567325	71	0.12635379	0.00068054	9
orthogroup_703	orthogroup_1634	4	13	0.19389587	108	0.19314079	0.00075508	9
orthogroup_703	orthogroup_1634	5	13	0.23698384	132	0.23646209	0.00052175	9
orthogroup_703	orthogroup_1634	6	13	0.29982047	167	0.29963899	0.00018148	9
orthogroup_703	orthogroup_1634	7	13	0.36983842	206	0.37003610	0.00019768	9
orthogroup_703	orthogroup_1634	8	13	0.43447038	242	0.43501805	0.00054767	9
orthogroup_703	orthogroup_1634	9	13	0.46858169	261	0.46931408	0.00073239	9
orthogroup_703	orthogroup_1634	10	13	0.51773050	288	0.51805054	0.00032005	9
orthogroup_703	orthogroup_1634	11	13	0.57989228	322	0.57942238	0.00046990	9
orthogroup_703	orthogroup_1634	12	13	0.62298025	346	0.62274368	0.00023657	9
orthogroup_703	orthogroup_1634	13	13	0.69120287	384	0.69133574	0.00013287	9
orthogroup_719	orthogroup_299	1	12	0.10075567	41	0.10075567	0.00000000	9
orthogroup_719	orthogroup_299	2	12	0.17128463	69	0.17128463	0.00000000	9
orthogroup_719	orthogroup_299	3	12	0.24433249	98	0.24433249	0.00000000	9
orthogroup_719	orthogroup_299	4	12	0.28607595	115	0.28715365	0.00107770	9
orthogroup_719	orthogroup_299	5	12	0.39798489	159	0.39798489	0.00000000	9
orthogroup_719	orthogroup_299	6	12	0.46347607	185	0.46347607	0.00000000	9
orthogroup_719	orthogroup_299	7	12	0.60201511	240	0.60201511	0.00000000	9
orthogroup_719	orthogroup_299	8	12	0.68434343	273	0.68513854	0.00079510	9
orthogroup_719	orthogroup_299	9	12	0.75566751	301	0.75566751	0.00000000	9
orthogroup_719	orthogroup_299	10	12	0.81360202	324	0.81360202	0.00000000	9
orthogroup_719	orthogroup_299	11	12	0.91939547	366	0.91939547	0.00000000	9
orthogroup_719	orthogroup_299	12	12	0.98740554	393	0.98740554	0.00000000	9
orthogroup_72	orthogroup_1611	1	9	0.07547170	34	0.07575758	0.00028588	8
orthogroup_72	orthogroup_1611	2	9	0.15849057	56	0.15909091	0.00060034	8
orthogroup_72	orthogroup_1611	3	9	0.22641509	74	0.22727273	0.00085763	8
orthogroup_72	orthogroup_1611	4	9	0.31320755	97	0.31439394	0.00118639	8
orthogroup_72	orthogroup_1611	5	9	0.44150943	131	0.44318182	0.00167238	8
orthogroup_72	orthogroup_1611	6	9	0.60000000	172	0.59848485	0.00151515	8
orthogroup_72	orthogroup_1611	7	9	0.75046455	212	0.75000000	0.00046455	8
orthogroup_72	orthogroup_1611	8	9	0.82641509	232	0.82575758	0.00065752	8
orthogroup_72	orthogroup_1611	9	9	0.89811321	251	0.89772727	0.00038593	8
orthogroup_741	orthogroup_1378	1	3	0.05605381	26	0.05580357	0.00025024	9
orthogroup_741	orthogroup_1378	2	3	0.17937220	81	0.17857143	0.00080077	9
orthogroup_741	orthogroup_1378	3	3	0.26233184	119	0.26339286	0.00106102	9
orthogroup_755	orthogroup_1119	1	8	0.05088063	27	0.05078125	0.00009938	9
orthogroup_755	orthogroup_1119	2	8	0.09197652	48	0.09179688	0.00017964	9
orthogroup_755	orthogroup_1119	3	8	0.13111546	68	0.13085938	0.00025608	9
orthogroup_755	orthogroup_1119	4	8	0.22504892	116	0.22460938	0.00043955	9
orthogroup_755	orthogroup_1119	5	8	0.27397260	141	0.27343750	0.00053510	9
orthogroup_755	orthogroup_1119	6	8	0.36790607	191	0.36914062	0.00123456	9
orthogroup_755	orthogroup_1119	7	8	0.40900196	211	0.40820312	0.00079883	9
orthogroup_755	orthogroup_1119	8	8	0.99217221	517	0.99218750	0.00001529	9
orthogroup_758	orthogroup_917	1	12	0.09535452	41	0.09569378	0.00033926	8
orthogroup_758	orthogroup_917	2	12	0.18337408	78	0.18421053	0.00083644	8
orthogroup_758	orthogroup_917	3	12	0.24449878	103	0.24401914	0.00047964	8
orthogroup_758	orthogroup_917	4	12	0.30806846	130	0.30861244	0.00054398	8
orthogroup_758	orthogroup_917	5	12	0.40097800	169	0.40191388	0.00093588	8
orthogroup_758	orthogroup_917	6	12	0.46210269	194	0.46172249	0.00038020	8
orthogroup_758	orthogroup_917	7	12	0.59168704	248	0.59090909	0.00077795	8
orthogroup_758	orthogroup_917	8	12	0.66992665	281	0.66985646	0.00007019	8
orthogroup_758	orthogroup_917	9	12	0.74572127	313	0.74641148	0.00069021	8
orthogroup_758	orthogroup_917	10	12	0.81662592	342	0.81578947	0.00083644	8
orthogroup_758	orthogroup_917	11	12	0.89975550	377	0.89952153	0.00023397	8
orthogroup_758	orthogroup_917	12	12	0.97066015	407	0.97129187	0.00063172	8
orthogroup_759	orthogroup_652	1	10	0.06375839	20	0.06375839	0.00000000	9
orthogroup_759	orthogroup_652	2	10	0.16442953	50	0.16442953	0.00000000	9
orthogroup_759	orthogroup_652	3	10	0.27516779	83	0.27516779	0.00000000	9
orthogroup_759	orthogroup_652	4	10	0.41275168	124	0.41275168	0.00000000	9
orthogroup_759	orthogroup_652	5	10	0.50335570	151	0.50335570	0.00000000	9
orthogroup_759	orthogroup_652	6	10	0.62751678	188	0.62751678	0.00000000	9
orthogroup_759	orthogroup_652	7	10	0.70469799	211	0.70469799	0.00000000	9
orthogroup_759	orthogroup_652	8	10	0.77181208	231	0.77181208	0.00000000	9
orthogroup_759	orthogroup_652	9	10	0.81270903	243	0.81208054	0.00062849	9
orthogroup_759	orthogroup_652	10	10	0.98993289	296	0.98993289	0.00000000	9
orthogroup_76	orthogroup_993	1	6	0.12058824	42	0.11953353	0.00105471	8
orthogroup_76	orthogroup_993	2	6	0.47941176	165	0.47813411	0.00127765	8
orthogroup_76	orthogroup_993	3	6	0.58235294	201	0.58309038	0.00073744	8
orthogroup_76	orthogroup_993	4	6	0.65000000	224	0.65014577	0.00014577	8
orthogroup_76	orthogroup_993	5	6	0.81764706	281	0.81632653	0.00132053	8
orthogroup_76	orthogroup_993	6	6	0.96176471	337	0.96209913	0.00033442	8
orthogroup_767	orthogroup_1425	1	9	0.04869918	25	0.04793028	0.00076890	10
orthogroup_767	orthogroup_1425	2	9	0.10845987	54	0.10893246	0.00047259	10
orthogroup_767	orthogroup_1425	3	9	0.16052061	79	0.16122004	0.00069944	10
orthogroup_767	orthogroup_1425	4	9	0.22402000	108	0.22440087	0.00038088	10
orthogroup_767	orthogroup_1425	5	9	0.31236443	149	0.31154684	0.00081758	10
orthogroup_767	orthogroup_1425	6	9	0.38611714	183	0.38562092	0.00049622	10
orthogroup_767	orthogroup_1425	7	9	0.44685466	211	0.44662309	0.00023157	10
orthogroup_767	orthogroup_1425	8	9	0.50759219	239	0.50762527	0.00003308	10
orthogroup_767	orthogroup_1425	9	9	0.55965293	263	0.55991285	0.00025993	10
orthogroup_768	orthogroup_571	1	14	0.08617234	52	0.08651911	0.00034677	9
orthogroup_768	orthogroup_571	2	14	0.15831663	88	0.15895372	0.00063709	9
orthogroup_768	orthogroup_571	3	14	0.21843687	118	0.21931590	0.00087902	9
orthogroup_768	orthogroup_571	4	14	0.26252505	139	0.26156942	0.00095563	9
orthogroup_768	orthogroup_571	5	14	0.34669339	181	0.34607646	0.00061693	9
orthogroup_768	orthogroup_571	6	14	0.39679359	206	0.39637827	0.00041532	9
orthogroup_768	orthogroup_571	7	14	0.47895792	247	0.47887324	0.00008468	9
orthogroup_768	orthogroup_571	8	14	0.53293413	274	0.53319920	0.00026506	9
orthogroup_768	orthogroup_571	9	14	0.58882236	302	0.58953722	0.00071487	9
orthogroup_768	orthogroup_571	10	14	0.68063872	347	0.68008048	0.00055824	9
orthogroup_768	orthogroup_571	11	14	0.74451098	379	0.74446680	0.00004418	9
orthogroup_768	orthogroup_571	12	14	0.79640719	405	0.79678068	0.00037350	9
orthogroup_768	orthogroup_571	13	14	0.86826347	441	0.86921529	0.00095182	9
orthogroup_768	orthogroup_571	14	14	0.95991984	491	0.95975855	0.00016129	9
orthogroup_772	orthogroup_982	1	8	0.08695652	19	0.08695652	0.00000000	9
orthogroup_772	orthogroup_982	2	8	0.20289855	43	0.20289855	0.00000000	9
orthogroup_772	orthogroup_982	3	8	0.33816425	71	0.33816425	0.00000000	9
orthogroup_772	orthogroup_982	4	8	0.45410628	95	0.45410628	0.00000000	9
orthogroup_772	orthogroup_982	5	8	0.58454106	122	0.58454106	0.00000000	9
orthogroup_772	orthogroup_982	6	8	0.70531401	147	0.70531401	0.00000000	9
orthogroup_772	orthogroup_982	7	8	0.85507246	178	0.85507246	0.00000000	9
orthogroup_772	orthogroup_982	8	8	0.99033816	206	0.99033816	0.00000000	9
orthogroup_784	orthogroup_818	1	10	0.05394191	27	0.05416667	0.00022476	9
orthogroup_784	orthogroup_818	2	10	0.11618257	57	0.11666667	0.00048409	9
orthogroup_784	orthogroup_818	3	10	0.18464730	90	0.18541667	0.00076936	9
orthogroup_784	orthogroup_818	4	10	0.30497925	147	0.30416667	0.00081259	9
orthogroup_784	orthogroup_818	5	10	0.41908714	202	0.41875000	0.00033714	9
orthogroup_784	orthogroup_818	6	10	0.53112033	256	0.53125000	0.00012967	9
orthogroup_784	orthogroup_818	7	10	0.60788382	293	0.60833333	0.00044952	9
orthogroup_784	orthogroup_818	8	10	0.74688797	360	0.74791667	0.00102870	9
orthogroup_784	orthogroup_818	9	10	0.86514523	416	0.86458333	0.00056189	9
orthogroup_784	orthogroup_818	10	10	0.97925311	471	0.97916667	0.00008645	9
orthogroup_790	orthogroup_236	1	6	0.05621806	34	0.05641026	0.00019220	9
orthogroup_790	orthogroup_236	2	6	0.13752122	81	0.13675214	0.00076909	9
orthogroup_790	orthogroup_236	3	6	0.25976231	153	0.25982906	0.00006675	9
orthogroup_790	orthogroup_236	4	6	0.30153322	177	0.30085470	0.00067852	9
orthogroup_790	orthogroup_236	5	6	0.44293015	260	0.44273504	0.00019511	9
orthogroup_790	orthogroup_236	6	6	0.50764007	298	0.50769231	0.00005224	9
orthogroup_799	orthogroup_26	1	4	0.81791462	435	0.81746032	0.00045430	10
orthogroup_799	orthogroup_26	2	4	0.87204724	471	0.87301587	0.00096863	10
orthogroup_799	orthogroup_26	3	4	0.92519685	497	0.92460317	0.00059368	10
orthogroup_799	orthogroup_26	4	4	0.98031496	538	0.97619048	0.00412448	10
orthogroup_80	orthogroup_340	1	4	0.12422360	34	0.20625000	0.08202640	9
orthogroup_80	orthogroup_340	2	4	0.24844720	41	0.25000000	0.00155280	9
orthogroup_80	orthogroup_340	3	4	0.51552795	83	0.51250000	0.00302795	9
orthogroup_80	orthogroup_340	4	4	0.75776398	122	0.75625000	0.00151398	9
orthogroup_81	orthogroup_625	1	6	0.13043478	37	0.13019934	0.00023544	10
orthogroup_81	orthogroup_625	2	6	0.30434783	85	0.30379846	0.00054936	10
orthogroup_81	orthogroup_625	3	6	0.39197723	116	0.39059802	0.00137920	10
orthogroup_81	orthogroup_625	4	6	0.56159420	165	0.56058049	0.00101371	10
orthogroup_81	orthogroup_625	5	6	0.77898551	226	0.77736930	0.00161621	10
orthogroup_81	orthogroup_625	6	6	0.96014493	276	0.95985348	0.00029145	10
orthogroup_812	orthogroup_1022	1	4	0.13903743	27	0.13829787	0.00073956	9
orthogroup_812	orthogroup_1022	2	4	0.42780749	81	0.42702703	0.00078046	9
orthogroup_812	orthogroup_1022	3	4	0.61497326	116	0.61497326	0.00000000	9
orthogroup_812	orthogroup_1022	4	4	0.91978610	173	0.91978610	0.00000000	9
orthogroup_824	orthogroup_1440	1	6	0.07601351	47	0.07640068	0.00038717	10
orthogroup_824	orthogroup_1440	2	6	0.14877441	90	0.14915297	0.00037856	10
orthogroup_824	orthogroup_1440	3	6	0.27388016	164	0.27465921	0.00077905	10
orthogroup_824	orthogroup_1440	4	6	0.31107376	185	0.31037360	0.00070016	10
orthogroup_824	orthogroup_1440	5	6	0.45554647	271	0.45493184	0.00061463	10
orthogroup_824	orthogroup_1440	6	6	0.51901981	309	0.51952462	0.00050481	10
orthogroup_864	orthogroup_337	1	3	0.24603175	32	0.24603175	0.00000000	9
orthogroup_864	orthogroup_337	2	3	0.46825397	60	0.46825397	0.00000000	9
orthogroup_864	orthogroup_337	3	3	0.90476190	115	0.90476190	0.00000000	9
orthogroup_867	orthogroup_1506	1	3	0.35384615	46	0.35433071	0.00048455	8
orthogroup_867	orthogroup_1506	2	3	0.63846154	82	0.63779528	0.00066626	8
orthogroup_867	orthogroup_1506	3	3	0.98843172	127	0.99212598	0.00369426	8
orthogroup_870	orthogroup_1303	1	6	0.09589041	36	0.09589041	0.00000000	9
orthogroup_870	orthogroup_1303	2	6	0.20000000	74	0.20000000	0.00000000	9
orthogroup_870	orthogroup_1303	3	6	0.32876712	121	0.32876712	0.00000000	9
orthogroup_870	orthogroup_1303	4	6	0.79178082	290	0.79178082	0.00000000	9
orthogroup_870	orthogroup_1303	5	6	0.86301370	316	0.86301370	0.00000000	9
orthogroup_870	orthogroup_1303	6	6	0.95068493	348	0.95068493	0.00000000	9
orthogroup_921	orthogroup_162	1	6	0.17647059	51	0.17716535	0.00069477	9
orthogroup_921	orthogroup_162	2	6	0.27843137	77	0.27952756	0.00109619	9
orthogroup_921	orthogroup_162	3	6	0.51372549	136	0.51181102	0.00191447	9
orthogroup_921	orthogroup_162	4	6	0.61960784	163	0.61811024	0.00149761	9
orthogroup_921	orthogroup_162	5	6	0.70588235	185	0.70472441	0.00115794	9
orthogroup_921	orthogroup_162	6	6	0.96470588	252	0.96538462	0.00067873	9
orthogroup_923	orthogroup_514	1	11	0.12412178	54	0.12383178	0.00029000	10
orthogroup_923	orthogroup_514	2	11	0.19906323	86	0.19859813	0.00046510	10
orthogroup_923	orthogroup_514	3	11	0.32786885	141	0.32710280	0.00076605	10
orthogroup_923	orthogroup_514	4	11	0.38641686	171	0.38551402	0.00090284	10
orthogroup_923	orthogroup_514	5	11	0.46838407	206	0.46728972	0.00109436	10
orthogroup_923	orthogroup_514	6	11	0.55737705	245	0.55841121	0.00103417	10
orthogroup_923	orthogroup_514	7	11	0.63231850	277	0.63317757	0.00085907	10
orthogroup_923	orthogroup_514	8	11	0.69320843	303	0.69392523	0.00071680	10
orthogroup_923	orthogroup_514	9	11	0.75175644	328	0.75233645	0.00058001	10
orthogroup_923	orthogroup_514	10	11	0.81967213	358	0.82009346	0.00042133	10
orthogroup_923	orthogroup_514	11	11	0.93442623	407	0.93457944	0.00015321	10
orthogroup_934	orthogroup_1563	1	12	0.07878031	31	0.07772021	0.00106010	8
orthogroup_934	orthogroup_1563	2	12	0.16243655	64	0.16321244	0.00077589	8
orthogroup_934	orthogroup_1563	3	12	0.23027815	90	0.23056995	0.00029180	8
orthogroup_934	orthogroup_1563	4	12	0.29389180	115	0.29533679	0.00144499	8
orthogroup_934	orthogroup_1563	5	12	0.39086294	152	0.39119171	0.00032877	8
orthogroup_934	orthogroup_1563	6	12	0.44923858	174	0.44818653	0.00105205	8
orthogroup_934	orthogroup_1563	7	12	0.57868020	224	0.57772021	0.00096000	8
orthogroup_934	orthogroup_1563	8	12	0.67005076	260	0.67098446	0.00093369	8
orthogroup_934	orthogroup_1563	9	12	0.74111675	287	0.74093264	0.00018411	8
orthogroup_934	orthogroup_1563	10	12	0.80076142	310	0.80051813	0.00024329	8
orthogroup_934	orthogroup_1563	11	12	0.90355330	350	0.90414508	0.00059178	8
orthogroup_934	orthogroup_1563	12	12	0.96446701	373	0.96373057	0.00073644	8
orthogroup_938	orthogroup_990	1	11	0.06965174	30	0.06937799	0.00027375	8
orthogroup_938	orthogroup_990	2	11	0.12686567	49	0.11483254	0.01203314	8
orthogroup_938	orthogroup_990	3	11	0.26368159	114	0.26315789	0.00052370	8
orthogroup_938	orthogroup_990	4	11	0.33830846	149	0.33732057	0.00098788	8
orthogroup_938	orthogroup_990	5	11	0.40796020	179	0.40909091	0.00113071	8
orthogroup_938	orthogroup_990	6	11	0.49502488	215	0.49521531	0.00019044	8
orthogroup_938	orthogroup_990	7	11	0.58706468	254	0.58612440	0.00094027	8
orthogroup_938	orthogroup_990	8	11	0.72976452	314	0.72966507	0.00009945	8
orthogroup_938	orthogroup_990	9	11	0.81343284	349	0.81339713	0.00003571	8
orthogroup_938	orthogroup_990	10	11	0.88432836	379	0.88516746	0.00083911	8
orthogroup_938	orthogroup_990	11	11	0.98009950	419	0.98086124	0.00076174	8
orthogroup_946	orthogroup_1521	1	11	0.03690037	30	0.03653846	0.00036191	8
orthogroup_946	orthogroup_1521	2	11	0.10628331	66	0.10576923	0.00051408	8
orthogroup_946	orthogroup_1521	3	11	0.12661610	77	0.12692308	0.00030698	8
orthogroup_946	orthogroup_1521	4	11	0.18391759	107	0.18461538	0.00069780	8
orthogroup_946	orthogroup_1521	5	11	0.21955720	125	0.21923077	0.00032643	8
orthogroup_946	orthogroup_1521	6	11	0.27633935	155	0.27692308	0.00058373	8
orthogroup_946	orthogroup_1521	7	11	0.33763838	187	0.33846154	0.00082316	8
orthogroup_946	orthogroup_1521	8	11	0.36464551	201	0.36538462	0.00073910	8
orthogroup_946	orthogroup_1521	9	11	0.40514095	222	0.40576923	0.00062828	8
orthogroup_946	orthogroup_1521	10	11	0.47232472	257	0.47307692	0.00075220	8
orthogroup_946	orthogroup_1521	11	11	0.54059041	292	0.54038462	0.00020579	8
orthogroup_96	orthogroup_142	1	11	0.06284153	24	0.06301370	0.00017217	9
orthogroup_96	orthogroup_142	2	11	0.17759563	66	0.17808219	0.00048656	9
orthogroup_96	orthogroup_142	3	11	0.24043716	89	0.24109589	0.00065873	9
orthogroup_96	orthogroup_142	4	11	0.31147541	115	0.31232877	0.00085336	9
orthogroup_96	orthogroup_142	5	11	0.41256831	152	0.41369863	0.00113032	9
orthogroup_96	orthogroup_142	6	11	0.48633880	179	0.48767123	0.00133244	9
orthogroup_96	orthogroup_142	7	11	0.54918033	201	0.54794521	0.00123512	9
orthogroup_96	orthogroup_142	8	11	0.63114754	232	0.63013699	0.00101055	9
orthogroup_96	orthogroup_142	9	11	0.71311475	262	0.71232877	0.00078599	9
orthogroup_96	orthogroup_142	10	11	0.85519126	314	0.85479452	0.00039674	9
orthogroup_96	orthogroup_142	11	11	0.92349727	339	0.92328767	0.00020960	9
orthogroup_968	orthogroup_1103	1	4	0.45131376	313	0.45203252	0.00071876	8
orthogroup_968	orthogroup_1103	2	4	0.83771252	550	0.83739837	0.00031415	8
orthogroup_968	orthogroup_1103	3	4	0.92093023	601	0.92032520	0.00060503	8
orthogroup_968	orthogroup_1103	4	4	0.97372488	634	0.97398374	0.00025886	8
orthogroup_971	orthogroup_332	1	11	0.08493151	33	0.08533333	0.00040183	8
orthogroup_971	orthogroup_332	2	11	0.15616438	60	0.15733333	0.00116895	8
orthogroup_971	orthogroup_332	3	11	0.24109589	91	0.24000000	0.00109589	8
orthogroup_971	orthogroup_332	4	11	0.34520548	131	0.34666667	0.00146119	8
orthogroup_971	orthogroup_332	5	11	0.43835616	165	0.43733333	0.00102283	8
orthogroup_971	orthogroup_332	6	11	0.51506849	194	0.51466667	0.00040183	8
orthogroup_971	orthogroup_332	7	11	0.66027397	249	0.66133333	0.00105936	8
orthogroup_971	orthogroup_332	8	11	0.75342466	284	0.75466667	0.00124201	8
orthogroup_971	orthogroup_332	9	11	0.84931507	319	0.84800000	0.00131507	8
orthogroup_971	orthogroup_332	10	11	0.92876712	349	0.92800000	0.00076712	8
orthogroup_971	orthogroup_332	11	11	0.99726027	375	0.99733333	0.00007306	8
orthogroup_972	orthogroup_1049	1	6	0.08988764	17	0.08938547	0.00050217	9
orthogroup_972	orthogroup_1049	2	6	0.23033708	42	0.22905028	0.00128680	9
orthogroup_972	orthogroup_1049	3	6	0.37640449	69	0.37430168	0.00210282	9
orthogroup_972	orthogroup_1049	4	6	0.53370787	98	0.53631285	0.00260498	9
orthogroup_972	orthogroup_1049	5	6	0.76966292	142	0.76795580	0.00170712	9
orthogroup_972	orthogroup_1049	6	6	0.94382022	177	0.93370166	0.01011857	9
orthogroup_980	orthogroup_556	1	4	0.26229508	72	0.26337992	0.00108484	8
orthogroup_980	orthogroup_556	2	4	0.43852459	113	0.43896959	0.00044500	8
orthogroup_980	orthogroup_556	3	4	0.82786885	204	0.82869300	0.00082415	8
orthogroup_980	orthogroup_556	4	4	0.93852459	230	0.94004255	0.00151796	8
orthogroup_985	orthogroup_915	1	6	0.08654646	36	0.08571429	0.00083218	10
orthogroup_985	orthogroup_915	2	6	0.28571429	78	0.28571429	0.00000000	10
orthogroup_985	orthogroup_915	3	6	0.41102635	104	0.40952381	0.00150254	10
orthogroup_985	orthogroup_915	4	6	0.64285714	153	0.64285714	0.00000000	10
orthogroup_985	orthogroup_915	5	6	0.79778912	186	0.80000000	0.00221088	10
orthogroup_985	orthogroup_915	6	6	0.96054422	220	0.96190476	0.00136054	10
orthogroup_995	orthogroup_1381	1	7	0.13448276	42	0.13402062	0.00046214	9
orthogroup_995	orthogroup_1381	2	7	0.27241379	83	0.27147766	0.00093613	9
orthogroup_995	orthogroup_1381	3	7	0.39310345	118	0.39175258	0.00135087	9
orthogroup_995	orthogroup_1381	4	7	0.51034483	153	0.51202749	0.00168266	9
orthogroup_995	orthogroup_1381	5	7	0.74137931	225	0.74226804	0.00088873	9
orthogroup_995	orthogroup_1381	6	7	0.84482759	255	0.84536082	0.00053324	9
orthogroup_995	orthogroup_1381	7	7	0.96206897	289	0.96219931	0.00013035	9
