membrane_orthogroup	soluble_orthogroup	tmd_index	modal_tmd_count	membrane_target_relative_position	soluble_alignment_column	soluble_median_relative_position	absolute_relative_difference	species_total
orthogroup_100	orthogroup_1495	1	12	0.03359173	16	0.03324808	0.00034365	10
orthogroup_100	orthogroup_1495	2	12	0.14987080	62	0.15089514	0.00102434	10
orthogroup_100	orthogroup_1495	3	12	0.24289406	99	0.24296675	0.00007270	10
orthogroup_100	orthogroup_1495	4	12	0.34366925	138	0.34271100	0.00095825	10
orthogroup_100	orthogroup_1495	5	12	0.39534884	159	0.39641944	0.00107060	10
orthogroup_100	orthogroup_1495	6	12	0.46511628	186	0.46547315	0.00035687	10
orthogroup_100	orthogroup_1495	7	12	0.52713178	210	0.52685422	0.00027756	10
orthogroup_100	orthogroup_1495	8	12	0.58656331	237	0.58567775	0.00088556	10
orthogroup_100	orthogroup_1495	9	12	0.66408269	268	0.66496164	0.00087895	10
orthogroup_100	orthogroup_1495	10	12	0.74160207	298	0.74168798	0.00008591	10
orthogroup_100	orthogroup_1495	11	12	0.84496124	346	0.84398977	0.00097147	10
orthogroup_100	orthogroup_1495	12	12	0.92564695	378	0.92583120	0.00018425	10
orthogroup_1013	orthogroup_1523	1	4	0.06857143	13	0.06857143	0.00000000	9
orthogroup_1013	orthogroup_1523	2	4	0.26857143	48	0.26857143	0.00000000	9
orthogroup_1013	orthogroup_1523	3	4	0.40000000	71	0.40000000	0.00000000	9
orthogroup_1013	orthogroup_1523	4	4	0.82857143	146	0.82857143	0.00000000	9
orthogroup_1014	orthogroup_1395	1	6	0.08943089	26	0.08943089	0.00000000	9
orthogroup_1014	orthogroup_1395	2	6	0.34959350	90	0.34959350	0.00000000	9
orthogroup_1014	orthogroup_1395	3	6	0.52439024	133	0.52439024	0.00000000	9
orthogroup_1014	orthogroup_1395	4	6	0.57317073	145	0.57317073	0.00000000	9
orthogroup_1014	orthogroup_1395	5	6	0.76829268	193	0.76829268	0.00000000	9
orthogroup_1014	orthogroup_1395	6	6	0.88211382	221	0.88211382	0.00000000	9
orthogroup_1024	orthogroup_1351	1	7	0.01897533	11	0.01886792	0.00010741	9
orthogroup_1024	orthogroup_1351	2	7	0.08935361	48	0.08867925	0.00067437	9
orthogroup_1024	orthogroup_1351	3	7	0.16539924	89	0.16603774	0.00063850	9
orthogroup_1024	orthogroup_1351	4	7	0.24334601	130	0.24339623	0.00005022	9
orthogroup_1024	orthogroup_1351	5	7	0.29277567	156	0.29245283	0.00032284	9
orthogroup_1024	orthogroup_1351	6	7	0.34980989	186	0.34905660	0.00075328	9
orthogroup_1024	orthogroup_1351	7	7	0.40380952	215	0.40377358	0.00003594	9
orthogroup_1031	orthogroup_1555	1	4	0.03076923	5	0.03053435	0.00023488	9
orthogroup_1031	orthogroup_1555	2	4	0.32307692	43	0.32061069	0.00246624	9
orthogroup_1031	orthogroup_1555	3	4	0.53846154	72	0.54198473	0.00352319	9
orthogroup_1031	orthogroup_1555	4	4	0.74615385	99	0.74809160	0.00193776	9
orthogroup_1038	orthogroup_172	1	5	0.01957295	12	0.01950355	0.00006941	9
orthogroup_1038	orthogroup_172	2	5	0.08540925	49	0.08510638	0.00030287	9
orthogroup_1038	orthogroup_172	3	5	0.12949640	74	0.12943262	0.00006378	9
orthogroup_1038	orthogroup_172	4	5	0.21708185	123	0.21631206	0.00076979	9
orthogroup_1038	orthogroup_172	5	5	0.28291815	161	0.28368794	0.00076979	9
orthogroup_104	orthogroup_368	1	10	0.02083333	9	0.02099738	0.00016404	8
orthogroup_104	orthogroup_368	2	10	0.11458333	45	0.11548556	0.00090223	8
orthogroup_104	orthogroup_368	3	10	0.18489583	71	0.18372703	0.00116880	8
orthogroup_104	orthogroup_368	4	10	0.28533889	110	0.28608924	0.00075035	8
orthogroup_104	orthogroup_368	5	10	0.35071598	135	0.35170604	0.00099006	8
orthogroup_104	orthogroup_368	6	10	0.46875000	180	0.46981627	0.00106627	8
orthogroup_104	orthogroup_368	7	10	0.55180144	211	0.55118110	0.00062034	8
orthogroup_104	orthogroup_368	8	10	0.66406250	254	0.66404199	0.00002051	8
orthogroup_104	orthogroup_368	9	10	0.80729167	309	0.80839895	0.00110728	8
orthogroup_104	orthogroup_368	10	10	0.91927083	351	0.91863517	0.00063566	8
orthogroup_1040	orthogroup_1314	1	10	0.00543478	15	0.00546448	0.00002970	8
orthogroup_1040	orthogroup_1314	2	10	0.05434783	42	0.05464481	0.00029698	8
orthogroup_1040	orthogroup_1314	3	10	0.10869565	72	0.10928962	0.00059397	8
orthogroup_1040	orthogroup_1314	4	10	0.16319143	102	0.16393443	0.00074300	8
orthogroup_1040	orthogroup_1314	5	10	0.28985507	171	0.28961749	0.00023759	8
orthogroup_1040	orthogroup_1314	6	10	0.67028986	380	0.67030965	0.00001980	8
orthogroup_1040	orthogroup_1314	7	10	0.72282609	409	0.72313297	0.00030688	8
orthogroup_1040	orthogroup_1314	8	10	0.77717391	439	0.77777778	0.00060386	8
orthogroup_1040	orthogroup_1314	9	10	0.83876812	472	0.83788707	0.00088105	8
orthogroup_1040	orthogroup_1314	10	10	0.95289855	535	0.95264117	0.00025738	8
orthogroup_1042	orthogroup_1459	1	10	0.00335570	3	0.00666667	0.00331096	9
orthogroup_1042	orthogroup_1459	2	10	0.09731544	30	0.09666667	0.00064877	9
orthogroup_1042	orthogroup_1459	3	10	0.18791946	57	0.18666667	0.00125280	9
orthogroup_1042	orthogroup_1459	4	10	0.28859060	88	0.29000000	0.00140940	9
orthogroup_1042	orthogroup_1459	5	10	0.38255034	116	0.38333333	0.00078300	9
orthogroup_1042	orthogroup_1459	6	10	0.46979866	142	0.46979866	0.00000000	9
orthogroup_1042	orthogroup_1459	7	10	0.58053691	181	0.58000000	0.00053691	9
orthogroup_1042	orthogroup_1459	8	10	0.68120805	211	0.68013468	0.00107337	9
orthogroup_1042	orthogroup_1459	9	10	0.78523490	242	0.78451178	0.00072311	9
orthogroup_1042	orthogroup_1459	10	10	0.86577181	267	0.86531987	0.00045195	9
orthogroup_1047	orthogroup_462	1	3	0.11929825	36	0.11929825	0.00000000	9
orthogroup_1047	orthogroup_462	2	3	0.23157895	69	0.23157895	0.00000000	9
orthogroup_1047	orthogroup_462	3	3	0.31929825	94	0.31929825	0.00000000	9
orthogroup_105	orthogroup_468	1	8	0.06779661	33	0.06794055	0.00014394	9
orthogroup_105	orthogroup_468	2	8	0.16101695	77	0.16135881	0.00034186	9
orthogroup_105	orthogroup_468	3	8	0.45762712	217	0.45859873	0.00097161	9
orthogroup_105	orthogroup_468	4	8	0.53177966	251	0.53078556	0.00099410	9
orthogroup_105	orthogroup_468	5	8	0.61440678	292	0.61358811	0.00081867	9
orthogroup_105	orthogroup_468	6	8	0.69703390	339	0.69639066	0.00064324	9
orthogroup_105	orthogroup_468	7	8	0.76519916	373	0.76433121	0.00086795	9
orthogroup_105	orthogroup_468	8	8	0.89194915	434	0.89171975	0.00022941	9
orthogroup_1050	orthogroup_1	1	6	0.00914077	6	0.00909091	0.00004986	9
orthogroup_1050	orthogroup_1	2	6	0.65447898	364	0.65454545	0.00006648	9
orthogroup_1050	orthogroup_1	3	6	0.77330896	430	0.77272727	0.00058169	9
orthogroup_1050	orthogroup_1	4	6	0.85009141	473	0.85090909	0.00081768	9
orthogroup_1050	orthogroup_1	5	6	0.89762340	499	0.89818182	0.00055842	9
orthogroup_1050	orthogroup_1	6	6	0.93784278	521	0.93818182	0.00033904	9
orthogroup_1059	orthogroup_1298	1	12	0.03241895	15	0.03125000	0.00116895	8
orthogroup_1059	orthogroup_1298	2	12	0.11221945	49	0.11298077	0.00076132	8
orthogroup_1059	orthogroup_1298	3	12	0.18952618	81	0.18990385	0.00037766	8
orthogroup_1059	orthogroup_1298	4	12	0.24937656	106	0.25000000	0.00062344	8
orthogroup_1059	orthogroup_1298	5	12	0.34413965	145	0.34375000	0.00038965	8
orthogroup_1059	orthogroup_1298	6	12	0.40897756	172	0.40865385	0.00032371	8
orthogroup_1059	orthogroup_1298	7	12	0.52369077	220	0.52403846	0.00034769	8
orthogroup_1059	orthogroup_1298	8	12	0.61346633	257	0.61298077	0.00048556	8
orthogroup_1059	orthogroup_1298	9	12	0.68827930	288	0.68750000	0.00077930	8
orthogroup_1059	orthogroup_1298	10	12	0.74563591	312	0.74519231	0.00044360	8
orthogroup_1059	orthogroup_1298	11	12	0.83790524	351	0.83894231	0.00103707	8
orthogroup_1059	orthogroup_1298	12	12	0.91521197	383	0.91586538	0.00065341	8
orthogroup_1074	orthogroup_1656	1	8	0.01145038	15	0.01145038	0.00000000	9
orthogroup_1074	orthogroup_1656	2	8	0.12213740	44	0.12213740	0.00000000	9
orthogroup_1074	orthogroup_1656	3	8	0.24427481	76	0.24427481	0.00000000	9
orthogroup_1074	orthogroup_1656	4	8	0.34351145	102	0.34351145	0.00000000	9
orthogroup_1074	orthogroup_1656	5	8	0.47709924	143	0.47709924	0.00000000	9
orthogroup_1074	orthogroup_1656	6	8	0.67938931	196	0.67938931	0.00000000	9
orthogroup_1074	orthogroup_1656	7	8	0.79770992	227	0.79770992	0.00000000	9
orthogroup_1074	orthogroup_1656	8	8	0.90076336	254	0.90076336	0.00000000	9
orthogroup_110	orthogroup_173	1	3	0.14035088	17	0.14035088	0.00000000	9
orthogroup_110	orthogroup_173	2	3	0.47368421	55	0.47368421	0.00000000	9
orthogroup_110	orthogroup_173	3	3	0.76315789	88	0.76315789	0.00000000	9
orthogroup_1107	orthogroup_933	1	4	0.08208955	19	0.08333333	0.00124378	9
orthogroup_1107	orthogroup_933	2	4	0.26717557	43	0.26515152	0.00202406	9
orthogroup_1107	orthogroup_933	3	4	0.49618321	74	0.50000000	0.00381679	9
orthogroup_1107	orthogroup_933	4	4	0.70992366	102	0.71212121	0.00219755	9
orthogroup_1110	orthogroup_1016	1	5	0.08016878	20	0.07883953	0.00132924	8
orthogroup_1110	orthogroup_1016	2	5	0.24050633	59	0.24066804	0.00016171	8
orthogroup_1110	orthogroup_1016	3	5	0.42616034	104	0.42739325	0.00123291	8
orthogroup_1110	orthogroup_1016	4	5	0.66666667	168	0.66808767	0.00142100	8
orthogroup_1110	orthogroup_1016	5	5	0.83966245	209	0.83840800	0.00125444	8
orthogroup_1124	orthogroup_1209	1	4	0.06766917	33	0.06801008	0.00034090	9
orthogroup_1124	orthogroup_1209	2	4	0.66582915	270	0.66498741	0.00084174	9
orthogroup_1124	orthogroup_1209	3	4	0.78140704	316	0.78085642	0.00055061	9
orthogroup_1124	orthogroup_1209	4	4	0.90954774	367	0.90931990	0.00022784	9
orthogroup_1141	orthogroup_635	1	9	0.02380952	15	0.02390442	0.00009490	10
orthogroup_1141	orthogroup_635	2	9	0.14550265	61	0.14608259	0.00057995	10
orthogroup_1141	orthogroup_635	3	9	0.20634921	88	0.20717168	0.00082247	10
orthogroup_1141	orthogroup_635	4	9	0.31746032	151	0.31655509	0.00090523	10
orthogroup_1141	orthogroup_635	5	9	0.44179894	198	0.44105862	0.00074032	10
orthogroup_1141	orthogroup_635	6	9	0.54232804	236	0.54172105	0.00060699	10
orthogroup_1141	orthogroup_635	7	9	0.69312169	293	0.69271469	0.00040700	10
orthogroup_1141	orthogroup_635	8	9	0.76984127	322	0.76953602	0.00030525	10
orthogroup_1141	orthogroup_635	9	9	0.89682540	370	0.89668856	0.00013684	10
orthogroup_1154	orthogroup_263	1	10	0.05982906	22	0.05982906	0.00000000	9
orthogroup_1154	orthogroup_263	2	10	0.12535613	45	0.12535613	0.00000000	9
orthogroup_1154	orthogroup_263	3	10	0.20630372	73	0.20512821	0.00117552	9
orthogroup_1154	orthogroup_263	4	10	0.27220630	97	0.27350427	0.00129797	9
orthogroup_1154	orthogroup_263	5	10	0.34383954	122	0.34472934	0.00088980	9
orthogroup_1154	orthogroup_263	6	10	0.61318052	216	0.61253561	0.00064490	9
orthogroup_1154	orthogroup_263	7	10	0.69230769	244	0.69230769	0.00000000	9
orthogroup_1154	orthogroup_263	8	10	0.76923077	271	0.76923077	0.00000000	9
orthogroup_1154	orthogroup_263	9	10	0.85470085	301	0.85470085	0.00000000	9
orthogroup_1154	orthogroup_263	10	10	0.91737892	323	0.91737892	0.00000000	9
orthogroup_1158	orthogroup_1518	1	5	0.03418803	46	0.03418803	0.00000000	9
orthogroup_1158	orthogroup_1518	2	5	0.09743590	83	0.09743590	0.00000000	9
orthogroup_1158	orthogroup_1518	3	5	0.14358974	110	0.14358974	0.00000000	9
orthogroup_1158	orthogroup_1518	4	5	0.22905983	160	0.22905983	0.00000000	9
orthogroup_1158	orthogroup_1518	5	5	0.28717949	194	0.28717949	0.00000000	9
orthogroup_1177	orthogroup_254	1	6	0.06056841	25	0.06089744	0.00032903	10
orthogroup_1177	orthogroup_254	2	6	0.15064103	53	0.15064103	0.00000000	10
orthogroup_1177	orthogroup_254	3	6	0.27884615	93	0.27884615	0.00000000	10
orthogroup_1177	orthogroup_254	4	6	0.39730640	130	0.39743590	0.00012950	10
orthogroup_1177	orthogroup_254	5	6	0.50961538	165	0.50961538	0.00000000	10
orthogroup_1177	orthogroup_254	6	6	0.59615385	192	0.59615385	0.00000000	10
orthogroup_1181	orthogroup_814	1	6	0.04130809	32	0.04137931	0.00007122	10
orthogroup_1181	orthogroup_814	2	6	0.11703959	77	0.11724138	0.00020179	10
orthogroup_1181	orthogroup_814	3	6	0.24268503	151	0.24310345	0.00041842	10
orthogroup_1181	orthogroup_814	4	6	0.28399312	175	0.28448276	0.00048964	10
orthogroup_1181	orthogroup_814	5	6	0.42340792	259	0.42413793	0.00073001	10
orthogroup_1181	orthogroup_814	6	6	0.49397590	300	0.49482759	0.00085168	10
orthogroup_119	orthogroup_251	1	3	0.03311258	6	0.03205128	0.00106130	8
orthogroup_119	orthogroup_251	2	3	0.29139073	46	0.28846154	0.00292919	8
orthogroup_119	orthogroup_251	3	3	0.45213925	72	0.45512821	0.00298896	8
orthogroup_1208	orthogroup_1534	1	5	0.00422535	4	0.00421941	0.00000594	9
orthogroup_1208	orthogroup_1534	2	5	0.28450704	203	0.28410689	0.00040015	9
orthogroup_1208	orthogroup_1534	3	5	0.31786217	227	0.31786217	0.00000000	9
orthogroup_1208	orthogroup_1534	4	5	0.47531735	339	0.47538678	0.00006943	9
orthogroup_1208	orthogroup_1534	5	5	0.91819464	655	0.91842475	0.00023011	9
orthogroup_1225	orthogroup_1607	1	3	0.06622517	11	0.06666667	0.00044150	9
orthogroup_1225	orthogroup_1607	2	3	0.18543046	29	0.18666667	0.00123620	9
orthogroup_1225	orthogroup_1607	3	3	0.35761589	55	0.36000000	0.00238411	9
orthogroup_1267	orthogroup_1232	1	10	0.04878049	20	0.04891304	0.00013256	9
orthogroup_1267	orthogroup_1232	2	10	0.12195122	47	0.12228261	0.00033139	9
orthogroup_1267	orthogroup_1232	3	10	0.19783198	75	0.19836957	0.00053759	9
orthogroup_1267	orthogroup_1232	4	10	0.30894309	116	0.30978261	0.00083952	9
orthogroup_1267	orthogroup_1232	5	10	0.37669377	141	0.37771739	0.00102362	9
orthogroup_1267	orthogroup_1232	6	10	0.43089431	161	0.43206522	0.00117091	9
orthogroup_1267	orthogroup_1232	7	10	0.48780488	182	0.48913043	0.00132556	9
orthogroup_1267	orthogroup_1232	8	10	0.73983740	284	0.73913043	0.00070696	9
orthogroup_1267	orthogroup_1232	9	10	0.83197832	318	0.83152174	0.00045658	9
orthogroup_1267	orthogroup_1232	10	10	0.93224932	355	0.93206522	0.00018411	9
orthogroup_1270	orthogroup_1068	1	7	0.09442060	24	0.09442060	0.00000000	9
orthogroup_1270	orthogroup_1068	2	7	0.24034335	58	0.24034335	0.00000000	9
orthogroup_1270	orthogroup_1068	3	7	0.36051502	86	0.36051502	0.00000000	9
orthogroup_1270	orthogroup_1068	4	7	0.47639485	113	0.47639485	0.00000000	9
orthogroup_1270	orthogroup_1068	5	7	0.59656652	141	0.59656652	0.00000000	9
orthogroup_1270	orthogroup_1068	6	7	0.70815451	167	0.70815451	0.00000000	9
orthogroup_1270	orthogroup_1068	7	7	0.89699571	211	0.89699571	0.00000000	9
orthogroup_1271	orthogroup_143	1	14	0.00196850	5	0.00195312	0.00001538	10
orthogroup_1271	orthogroup_143	2	14	0.05708661	33	0.05664062	0.00044599	10
orthogroup_1271	orthogroup_143	3	14	0.16732283	90	0.16796875	0.00064592	10
orthogroup_1271	orthogroup_143	4	14	0.22440945	119	0.22460938	0.00019993	10
orthogroup_1271	orthogroup_143	5	14	0.26574803	140	0.26562500	0.00012303	10
orthogroup_1271	orthogroup_143	6	14	0.34055118	178	0.33984375	0.00070743	10
orthogroup_1271	orthogroup_143	7	14	0.43897638	237	0.43945312	0.00047675	10
orthogroup_1271	orthogroup_143	8	14	0.50195953	269	0.50195312	0.00000641	10
orthogroup_1271	orthogroup_143	9	14	0.56299213	300	0.56250000	0.00049213	10
orthogroup_1271	orthogroup_143	10	14	0.61614173	331	0.62304688	0.00690514	10
orthogroup_1271	orthogroup_143	11	14	0.66732283	354	0.66796875	0.00064592	10
orthogroup_1271	orthogroup_143	12	14	0.75787402	400	0.75781250	0.00006152	10
orthogroup_1271	orthogroup_143	13	14	0.82480315	434	0.82421875	0.00058440	10
orthogroup_1271	orthogroup_143	14	14	0.91338583	480	0.91406250	0.00067667	10
orthogroup_1294	orthogroup_73	1	4	0.00340136	6	0.00350877	0.00010741	8
orthogroup_1294	orthogroup_73	2	4	0.10884354	36	0.10877193	0.00007161	8
orthogroup_1294	orthogroup_73	3	4	0.58163265	172	0.58105858	0.00057407	8
orthogroup_1294	orthogroup_73	4	4	0.68027211	201	0.68182652	0.00155441	8
orthogroup_1309	orthogroup_78	1	12	0.06666667	27	0.06549118	0.00117548	8
orthogroup_1309	orthogroup_78	2	12	0.15061728	61	0.15113350	0.00051622	8
orthogroup_1309	orthogroup_78	3	12	0.22222222	89	0.22166247	0.00055975	8
orthogroup_1309	orthogroup_78	4	12	0.28148148	113	0.28211587	0.00063439	8
orthogroup_1309	orthogroup_78	5	12	0.37283951	149	0.37279597	0.00004354	8
orthogroup_1309	orthogroup_78	6	12	0.44197531	176	0.44080605	0.00116926	8
orthogroup_1309	orthogroup_78	7	12	0.55555556	222	0.55667506	0.00111951	8
orthogroup_1309	orthogroup_78	8	12	0.65185185	260	0.65239295	0.00054110	8
orthogroup_1309	orthogroup_78	9	12	0.72345679	288	0.72292191	0.00053488	8
orthogroup_1309	orthogroup_78	10	12	0.78024691	312	0.78085642	0.00060951	8
orthogroup_1309	orthogroup_78	11	12	0.86913580	347	0.86901763	0.00011817	8
orthogroup_1309	orthogroup_78	12	12	0.93827160	374	0.93702771	0.00124390	8
orthogroup_1311	orthogroup_873	1	3	0.06986900	17	0.06986900	0.00000000	9
orthogroup_1311	orthogroup_873	2	3	0.55021834	128	0.54978355	0.00043479	9
orthogroup_1311	orthogroup_873	3	3	0.74672489	190	0.74672489	0.00000000	9
orthogroup_1313	orthogroup_1089	1	5	0.12935323	27	0.13000000	0.00064677	9
orthogroup_1313	orthogroup_1089	2	5	0.29500000	60	0.29500000	0.00000000	9
orthogroup_1313	orthogroup_1089	3	5	0.54000000	109	0.54000000	0.00000000	9
orthogroup_1313	orthogroup_1089	4	5	0.62000000	125	0.62000000	0.00000000	9
orthogroup_1313	orthogroup_1089	5	5	0.75000000	151	0.75000000	0.00000000	9
orthogroup_1328	orthogroup_811	1	6	0.09491525	30	0.09459459	0.00032066	10
orthogroup_1328	orthogroup_811	2	6	0.28135593	85	0.28040541	0.00095053	10
orthogroup_1328	orthogroup_811	3	6	0.41694915	126	0.41554054	0.00140861	10
orthogroup_1328	orthogroup_811	4	6	0.51864407	157	0.52027027	0.00162620	10
orthogroup_1328	orthogroup_811	5	6	0.71162947	214	0.71283784	0.00120837	10
orthogroup_1328	orthogroup_811	6	6	0.91525424	276	0.91554054	0.00028630	10
orthogroup_1335	orthogroup_187	1	11	0.42882883	486	0.42908118	0.00025235	9
orthogroup_1335	orthogroup_187	2	11	0.47106691	533	0.47100803	0.00005888	9
orthogroup_1335	orthogroup_187	3	11	0.50090416	567	0.50133809	0.00043393	9
orthogroup_1335	orthogroup_187	4	11	0.54110208	612	0.54148082	0.00037874	9
orthogroup_1335	orthogroup_187	5	11	0.57052441	645	0.57091882	0.00039441	9
orthogroup_1335	orthogroup_187	6	11	0.60488246	683	0.60481713	0.00006533	9
orthogroup_1335	orthogroup_187	7	11	0.63504968	717	0.63514719	0.00009751	9
orthogroup_1335	orthogroup_187	8	11	0.70524412	796	0.70551601	0.00027189	9
orthogroup_1335	orthogroup_187	9	11	0.75248419	850	0.75289920	0.00041501	9
orthogroup_1335	orthogroup_187	10	11	0.78842676	890	0.78858162	0.00015486	9
orthogroup_1335	orthogroup_187	11	11	0.81283906	917	0.81266726	0.00017180	9
orthogroup_136	orthogroup_357	1	5	0.19305019	52	0.19305019	0.00000000	9
orthogroup_136	orthogroup_357	2	5	0.33976834	90	0.33976834	0.00000000	9
orthogroup_136	orthogroup_357	3	5	0.56756757	149	0.56756757	0.00000000	9
orthogroup_136	orthogroup_357	4	5	0.76447876	200	0.76447876	0.00000000	9
orthogroup_136	orthogroup_357	5	5	0.91891892	240	0.91891892	0.00000000	9
orthogroup_1362	orthogroup_532	1	6	0.01739130	5	0.01739130	0.00000000	9
orthogroup_1362	orthogroup_532	2	6	0.12608696	30	0.12608696	0.00000000	9
orthogroup_1362	orthogroup_532	3	6	0.26086957	61	0.26086957	0.00000000	9
orthogroup_1362	orthogroup_532	4	6	0.39130435	93	0.39130435	0.00000000	9
orthogroup_1362	orthogroup_532	5	6	0.63043478	148	0.63043478	0.00000000	9
orthogroup_1362	orthogroup_532	6	6	0.87391304	204	0.87391304	0.00000000	9
orthogroup_1363	orthogroup_1075	1	6	0.02521008	7	0.02542373	0.00021364	9
orthogroup_1363	orthogroup_1075	2	6	0.26890756	64	0.26694915	0.00195841	9
orthogroup_1363	orthogroup_1075	3	6	0.39075630	93	0.38983051	0.00092579	9
orthogroup_1363	orthogroup_1075	4	6	0.63025210	150	0.63135593	0.00110383	9
orthogroup_1363	orthogroup_1075	5	6	0.71129707	169	0.71186441	0.00056734	9
orthogroup_1363	orthogroup_1075	6	6	0.81092437	192	0.80932203	0.00160234	9
orthogroup_1365	orthogroup_1028	1	14	0.01446281	38	0.01430032	0.00016249	10
orthogroup_1365	orthogroup_1028	2	14	0.07024793	65	0.06945870	0.00078923	10
orthogroup_1365	orthogroup_1028	3	14	0.14462810	102	0.14504612	0.00041802	10
orthogroup_1365	orthogroup_1028	4	14	0.21487603	136	0.21450482	0.00037121	10
orthogroup_1365	orthogroup_1028	5	14	0.26033058	158	0.25944869	0.00088189	10
orthogroup_1365	orthogroup_1028	6	14	0.32644628	190	0.32482159	0.00162470	10
orthogroup_1365	orthogroup_1028	7	14	0.41735537	242	0.41777263	0.00041726	10
orthogroup_1365	orthogroup_1028	8	14	0.48347107	274	0.48314553	0.00032555	10
orthogroup_1365	orthogroup_1028	9	14	0.55785124	311	0.55873294	0.00088170	10
orthogroup_1365	orthogroup_1028	10	14	0.61157025	337	0.61184842	0.00027817	10
orthogroup_1365	orthogroup_1028	11	14	0.67148760	366	0.67107812	0.00040948	10
orthogroup_1365	orthogroup_1028	12	14	0.76859504	414	0.76891616	0.00032111	10
orthogroup_1365	orthogroup_1028	13	14	0.84090909	449	0.84049080	0.00041829	10
orthogroup_1365	orthogroup_1028	14	14	0.93801653	497	0.93865031	0.00063378	10
orthogroup_1379	orthogroup_180	1	10	0.05203620	31	0.05180180	0.00023440	10
orthogroup_1379	orthogroup_180	2	10	0.17873303	87	0.17792793	0.00080510	10
orthogroup_1379	orthogroup_180	3	10	0.26018100	127	0.26126126	0.00108027	10
orthogroup_1379	orthogroup_180	4	10	0.36425339	173	0.36486486	0.00061147	10
orthogroup_1379	orthogroup_180	5	10	0.41402715	195	0.41441441	0.00038727	10
orthogroup_1379	orthogroup_180	6	10	0.49547511	231	0.49549550	0.00002038	10
orthogroup_1379	orthogroup_180	7	10	0.61312217	285	0.61261261	0.00050956	10
orthogroup_1379	orthogroup_180	8	10	0.70814480	327	0.70720721	0.00093759	10
orthogroup_1379	orthogroup_180	9	10	0.85520362	393	0.85585586	0.00065224	10
orthogroup_1379	orthogroup_180	10	10	0.90045249	413	0.90090090	0.00044841	10
orthogroup_1380	orthogroup_313	1	12	0.02551020	11	0.02538087	0.00012933	8
orthogroup_1380	orthogroup_313	2	12	0.12229319	49	0.12182820	0.00046500	8
orthogroup_1380	orthogroup_313	3	12	0.19132653	76	0.19035656	0.00096997	8
orthogroup_1380	orthogroup_313	4	12	0.24744898	98	0.24619448	0.00125450	8
orthogroup_1380	orthogroup_313	5	12	0.35159293	140	0.35279415	0.00120122	8
orthogroup_1380	orthogroup_313	6	12	0.41581633	165	0.41624634	0.00043001	8
orthogroup_1380	orthogroup_313	7	12	0.52799000	209	0.52792218	0.00006782	8
orthogroup_1380	orthogroup_313	8	12	0.62675101	248	0.62690759	0.00015658	8
orthogroup_1380	orthogroup_313	9	12	0.69387755	274	0.69289786	0.00097969	8
orthogroup_1380	orthogroup_313	10	12	0.75223459	297	0.75127388	0.00096071	8
orthogroup_1380	orthogroup_313	11	12	0.83673469	331	0.83756885	0.00083415	8
orthogroup_1380	orthogroup_313	12	12	0.91326531	361	0.91371147	0.00044616	8
orthogroup_1384	orthogroup_84	1	6	0.05816184	23	0.05660377	0.00155807	10
orthogroup_1384	orthogroup_84	2	6	0.23270440	79	0.23270440	0.00000000	10
orthogroup_1384	orthogroup_84	3	6	0.35534591	118	0.35534591	0.00000000	10
orthogroup_1384	orthogroup_84	4	6	0.52515723	172	0.52515723	0.00000000	10
orthogroup_1384	orthogroup_84	5	6	0.71068896	231	0.71069182	0.00000286	10
orthogroup_1384	orthogroup_84	6	6	0.89937107	291	0.89937107	0.00000000	10
orthogroup_139	orthogroup_805	1	8	0.36446174	278	0.36447368	0.00001195	9
orthogroup_139	orthogroup_805	2	8	0.44876783	342	0.44868421	0.00008362	9
orthogroup_139	orthogroup_805	3	8	0.54863813	418	0.54868421	0.00004608	9
orthogroup_139	orthogroup_805	4	8	0.58495460	446	0.58552632	0.00057171	9
orthogroup_139	orthogroup_805	5	8	0.66147860	504	0.66184211	0.00036351	9
orthogroup_139	orthogroup_805	6	8	0.85732815	653	0.85789474	0.00056659	9
orthogroup_139	orthogroup_805	7	8	0.89623865	682	0.89605263	0.00018602	9
orthogroup_139	orthogroup_805	8	8	0.93514916	712	0.93552632	0.00037716	9
orthogroup_14	orthogroup_349	1	4	0.07793391	16	0.07853403	0.00060013	8
orthogroup_14	orthogroup_349	2	4	0.28342246	55	0.28272251	0.00069995	8
orthogroup_14	orthogroup_349	3	4	0.48663102	94	0.48691099	0.00027998	8
orthogroup_14	orthogroup_349	4	4	0.77540107	150	0.77486911	0.00053196	8
orthogroup_140	orthogroup_1600	1	6	0.03741497	19	0.03780069	0.00038572	10
orthogroup_140	orthogroup_1600	2	6	0.24829932	93	0.24742268	0.00087664	10
orthogroup_140	orthogroup_1600	3	6	0.35714286	125	0.35738832	0.00024546	10
orthogroup_140	orthogroup_1600	4	6	0.53401361	176	0.53264605	0.00136756	10
orthogroup_140	orthogroup_1600	5	6	0.72448980	232	0.72508591	0.00059611	10
orthogroup_140	orthogroup_1600	6	6	0.90816327	285	0.90721649	0.00094677	10
orthogroup_1406	orthogroup_1079	1	6	0.02622378	16	0.02608696	0.00013682	9
orthogroup_1406	orthogroup_1079	2	6	0.08216783	48	0.08173913	0.00042870	9
orthogroup_1406	orthogroup_1079	3	6	0.23776224	138	0.23826087	0.00049863	9
orthogroup_1406	orthogroup_1079	4	6	0.28146853	163	0.28173913	0.00027060	9
orthogroup_1406	orthogroup_1079	5	6	0.42582897	246	0.42608696	0.00025799	9
orthogroup_1406	orthogroup_1079	6	6	0.48776224	281	0.48695652	0.00080572	9
orthogroup_1408	orthogroup_45	1	8	0.12980769	55	0.12918660	0.00062109	9
orthogroup_1408	orthogroup_45	2	8	0.23557692	99	0.23444976	0.00112716	9
orthogroup_1408	orthogroup_45	3	8	0.32932692	139	0.33014354	0.00081662	9
orthogroup_1408	orthogroup_45	4	8	0.41586538	175	0.41626794	0.00040256	9
orthogroup_1408	orthogroup_45	5	8	0.61057692	256	0.61004785	0.00052908	9
orthogroup_1408	orthogroup_45	6	8	0.72836538	305	0.72727273	0.00109266	9
orthogroup_1408	orthogroup_45	7	8	0.83173077	349	0.83253589	0.00080512	9
orthogroup_1408	orthogroup_45	8	8	0.91105769	382	0.91148325	0.00042556	9
orthogroup_141	orthogroup_1460	1	6	0.21428571	99	0.21407625	0.00020947	10
orthogroup_141	orthogroup_1460	2	6	0.40476190	164	0.40469208	0.00006982	10
orthogroup_141	orthogroup_1460	3	6	0.55059524	215	0.55131965	0.00072441	10
orthogroup_141	orthogroup_1460	4	6	0.67559524	265	0.67448680	0.00110843	10
orthogroup_141	orthogroup_1460	5	6	0.79166667	306	0.79178886	0.00012219	10
orthogroup_141	orthogroup_1460	6	6	0.87851612	340	0.87976540	0.00124928	10
orthogroup_1410	orthogroup_903	1	4	0.06537530	29	0.06537530	0.00000000	9
orthogroup_1410	orthogroup_903	2	4	0.65375303	275	0.65375303	0.00000000	9
orthogroup_1410	orthogroup_903	3	4	0.77966102	327	0.77966102	0.00000000	9
orthogroup_1410	orthogroup_903	4	4	0.91767554	384	0.91767554	0.00000000	9
orthogroup_1412	orthogroup_1329	1	6	0.09830508	30	0.09830508	0.00000000	9
orthogroup_1412	orthogroup_1329	2	6	0.31525424	94	0.31525424	0.00000000	9
orthogroup_1412	orthogroup_1329	3	6	0.45084746	134	0.45084746	0.00000000	9
orthogroup_1412	orthogroup_1329	4	6	0.54237288	161	0.54237288	0.00000000	9
orthogroup_1412	orthogroup_1329	5	6	0.72881356	216	0.72881356	0.00000000	9
orthogroup_1412	orthogroup_1329	6	6	0.89152542	264	0.89152542	0.00000000	9
orthogroup_1435	orthogroup_1297	1	6	0.03678930	12	0.03703704	0.00024774	8
orthogroup_1435	orthogroup_1297	2	6	0.12374582	38	0.12457912	0.00083331	8
orthogroup_1435	orthogroup_1297	3	6	0.26421405	79	0.26262626	0.00158778	8
orthogroup_1435	orthogroup_1297	4	6	0.38795987	116	0.38720539	0.00075448	8
orthogroup_1435	orthogroup_1297	5	6	0.52508361	157	0.52525253	0.00016891	8
orthogroup_1435	orthogroup_1297	6	6	0.59866221	179	0.59932660	0.00066439	8
orthogroup_1439	orthogroup_1186	1	14	0.09090909	43	0.09051724	0.00039185	9
orthogroup_1439	orthogroup_1186	2	14	0.15151515	71	0.15086207	0.00065308	9
orthogroup_1439	orthogroup_1186	3	14	0.20562771	96	0.20474138	0.00088633	9
orthogroup_1439	orthogroup_1186	4	14	0.27922078	131	0.28017241	0.00095163	9
orthogroup_1439	orthogroup_1186	5	14	0.34415584	161	0.34482759	0.00067174	9
orthogroup_1439	orthogroup_1186	6	14	0.42207792	197	0.42241379	0.00033587	9
orthogroup_1439	orthogroup_1186	7	14	0.48051948	224	0.48060345	0.00008397	9
orthogroup_1439	orthogroup_1186	8	14	0.58441558	272	0.58405172	0.00036386	9
orthogroup_1439	orthogroup_1186	9	14	0.67099567	312	0.67025862	0.00073705	9
orthogroup_1439	orthogroup_1186	10	14	0.70562771	328	0.70474138	0.00088633	9
orthogroup_1439	orthogroup_1186	11	14	0.76190476	355	0.76293103	0.00102627	9
orthogroup_1439	orthogroup_1186	12	14	0.80952381	377	0.81034483	0.00082102	9
orthogroup_1439	orthogroup_1186	13	14	0.88311688	411	0.88362069	0.00050381	9
orthogroup_1439	orthogroup_1186	14	14	0.94588745	440	0.94612069	0.00023324	9
orthogroup_1443	orthogroup_1466	1	6	0.02674096	13	0.02542373	0.00131723	9
orthogroup_1443	orthogroup_1466	2	6	0.20984623	57	0.21186441	0.00201818	9
orthogroup_1443	orthogroup_1466	3	6	0.35123967	90	0.35169492	0.00045525	9
orthogroup_1443	orthogroup_1466	4	6	0.47314050	122	0.47457627	0.00143578	9
orthogroup_1443	orthogroup_1466	5	6	0.69421488	174	0.69491525	0.00070038	9
orthogroup_1443	orthogroup_1466	6	6	0.87603306	217	0.87711864	0.00108559	9
orthogroup_1444	orthogroup_1454	1	4	0.02739726	5	0.02542373	0.00197353	9
orthogroup_1444	orthogroup_1454	2	4	0.25210084	32	0.25423729	0.00213645	9
orthogroup_1444	orthogroup_1454	3	4	0.48333333	59	0.48305085	0.00028249	9
orthogroup_1444	orthogroup_1454	4	4	0.70833333	86	0.70833333	0.00000000	9
orthogroup_1445	orthogroup_1247	1	6	0.33818182	94	0.33941606	0.00123424	9
orthogroup_1445	orthogroup_1247	2	6	0.51272727	141	0.51094891	0.00177837	9
orthogroup_1445	orthogroup_1247	3	6	0.61090909	168	0.60948905	0.00142004	9
orthogroup_1445	orthogroup_1247	4	6	0.69454545	191	0.69343066	0.00111480	9
orthogroup_1445	orthogroup_1247	5	6	0.80727273	223	0.80656934	0.00070338	9
orthogroup_1445	orthogroup_1247	6	6	0.90545455	250	0.90510949	0.00034506	9
orthogroup_145	orthogroup_564	1	6	0.13148789	39	0.13240418	0.00091629	8
orthogroup_145	orthogroup_564	2	6	0.35294118	102	0.35191638	0.00102480	8
orthogroup_145	orthogroup_564	3	6	0.48096886	139	0.48083624	0.00013262	8
orthogroup_145	orthogroup_564	4	6	0.61937716	179	0.62020906	0.00083190	8
orthogroup_145	orthogroup_564	5	6	0.72664360	210	0.72822300	0.00157940	8
orthogroup_145	orthogroup_564	6	6	0.84083045	242	0.83972125	0.00110920	8
orthogroup_1457	orthogroup_267	1	10	0.11138015	57	0.11165049	0.00027034	10
orthogroup_1457	orthogroup_267	2	10	0.20338983	96	0.20388350	0.00049366	10
orthogroup_1457	orthogroup_267	3	10	0.26876513	123	0.26941748	0.00065234	10
orthogroup_1457	orthogroup_267	4	10	0.35835351	160	0.35922330	0.00086979	10
orthogroup_1457	orthogroup_267	5	10	0.42615012	188	0.42718447	0.00103434	10
orthogroup_1457	orthogroup_267	6	10	0.47699758	209	0.47815534	0.00115776	10
orthogroup_1457	orthogroup_267	7	10	0.52784504	229	0.52669903	0.00114601	10
orthogroup_1457	orthogroup_267	8	10	0.74576271	319	0.74514563	0.00061708	10
orthogroup_1457	orthogroup_267	9	10	0.83777240	357	0.83737864	0.00039376	10
orthogroup_1457	orthogroup_267	10	10	0.92155685	392	0.92233010	0.00077325	10
orthogroup_1462	orthogroup_897	1	10	0.01543210	6	0.01543210	0.00000000	9
orthogroup_1462	orthogroup_897	2	10	0.11562500	38	0.11419753	0.00142747	9
orthogroup_1462	orthogroup_897	3	10	0.23219814	76	0.23148148	0.00071666	9
orthogroup_1462	orthogroup_897	4	10	0.32000000	105	0.32098765	0.00098765	9
orthogroup_1462	orthogroup_897	5	10	0.38888889	127	0.38888889	0.00000000	9
orthogroup_1462	orthogroup_897	6	10	0.54153846	176	0.54012346	0.00141500	9
orthogroup_1462	orthogroup_897	7	10	0.64615385	210	0.64506173	0.00109212	9
orthogroup_1462	orthogroup_897	8	10	0.73765432	240	0.73765432	0.00000000	9
orthogroup_1462	orthogroup_897	9	10	0.84876543	276	0.84876543	0.00000000	9
orthogroup_1462	orthogroup_897	10	10	0.92283951	300	0.92283951	0.00000000	9
orthogroup_147	orthogroup_1125	1	8	0.02729045	19	0.02750491	0.00021446	8
orthogroup_147	orthogroup_1125	2	8	0.08187135	47	0.08251473	0.00064339	8
orthogroup_147	orthogroup_1125	3	8	0.12865497	70	0.12770138	0.00095360	8
orthogroup_147	orthogroup_1125	4	8	0.54775828	284	0.54813360	0.00037531	8
orthogroup_147	orthogroup_1125	5	8	0.61208577	317	0.61296660	0.00088083	8
orthogroup_147	orthogroup_1125	6	8	0.71929825	371	0.71905697	0.00024127	8
orthogroup_147	orthogroup_1125	7	8	0.82261209	424	0.82318271	0.00057063	8
orthogroup_147	orthogroup_1125	8	8	0.95516569	491	0.95481336	0.00035233	8
orthogroup_1477	orthogroup_1234	1	3	0.06779661	9	0.06896552	0.00116891	8
orthogroup_1477	orthogroup_1234	2	3	0.50847458	60	0.50862069	0.00014611	8
orthogroup_1477	orthogroup_1234	3	3	0.81355932	95	0.81034483	0.00321449	8
orthogroup_1481	orthogroup_1661	1	3	0.03030303	15	0.02105263	0.00925040	9
orthogroup_1481	orthogroup_1661	2	3	0.27272727	40	0.27368421	0.00095694	9
orthogroup_1481	orthogroup_1661	3	3	0.60606061	72	0.61052632	0.00446571	9
orthogroup_1515	orthogroup_161	1	4	0.13961039	24	0.13836478	0.00124561	8
orthogroup_1515	orthogroup_161	2	4	0.38795987	64	0.38993711	0.00197724	8
orthogroup_1515	orthogroup_161	3	4	0.57718188	94	0.57861635	0.00143448	8
orthogroup_1515	orthogroup_161	4	4	0.83173348	134	0.83018868	0.00154480	8
orthogroup_1519	orthogroup_1025	1	10	0.03045694	14	0.03040541	0.00005153	10
orthogroup_1519	orthogroup_1025	2	10	0.12563993	43	0.12500000	0.00063993	10
orthogroup_1519	orthogroup_1025	3	10	0.24365552	81	0.24324324	0.00041228	10
orthogroup_1519	orthogroup_1025	4	10	0.33559322	108	0.33445946	0.00113376	10
orthogroup_1519	orthogroup_1025	5	10	0.43581081	138	0.43581081	0.00000000	10
orthogroup_1519	orthogroup_1025	6	10	0.50933378	160	0.51013514	0.00080136	10
orthogroup_1519	orthogroup_1025	7	10	0.59661017	186	0.59797297	0.00136280	10
orthogroup_1519	orthogroup_1025	8	10	0.71404604	220	0.71283784	0.00120820	10
orthogroup_1519	orthogroup_1025	9	10	0.81756757	252	0.81756757	0.00000000	10
orthogroup_1519	orthogroup_1025	10	10	0.90878378	280	0.90878378	0.00000000	10
orthogroup_1524	orthogroup_701	1	3	0.18750000	34	0.18750000	0.00000000	9
orthogroup_1524	orthogroup_701	2	3	0.52343750	77	0.52343750	0.00000000	9
orthogroup_1524	orthogroup_701	3	3	0.83593750	117	0.83593750	0.00000000	9
orthogroup_1538	orthogroup_1127	1	4	0.08275862	16	0.08275862	0.00000000	9
orthogroup_1538	orthogroup_1127	2	4	0.38620690	61	0.38620690	0.00000000	9
orthogroup_1538	orthogroup_1127	3	4	0.60689655	93	0.60689655	0.00000000	9
orthogroup_1538	orthogroup_1127	4	4	0.80689655	123	0.80689655	0.00000000	9
orthogroup_1554	orthogroup_1493	1	6	0.03901651	12	0.04040404	0.00138753	8
orthogroup_1554	orthogroup_1493	2	6	0.22583149	49	0.22727273	0.00144124	8
orthogroup_1554	orthogroup_1493	3	6	0.38427375	80	0.38383838	0.00043537	8
orthogroup_1554	orthogroup_1493	4	6	0.58133722	119	0.58080808	0.00052914	8
orthogroup_1554	orthogroup_1493	5	6	0.73024881	149	0.73232323	0.00207443	8
orthogroup_1554	orthogroup_1493	6	6	0.85971363	174	0.85858586	0.00112777	8
orthogroup_1557	orthogroup_731	1	12	0.07888631	35	0.07906977	0.00018346	8
orthogroup_1557	orthogroup_731	2	12	0.14982464	65	0.14883721	0.00098743	8
orthogroup_1557	orthogroup_731	3	12	0.22273782	97	0.22325581	0.00051799	8
orthogroup_1557	orthogroup_731	4	12	0.28190255	122	0.28139535	0.00050720	8
orthogroup_1557	orthogroup_731	5	12	0.37354988	162	0.37441860	0.00086872	8
orthogroup_1557	orthogroup_731	6	12	0.45939675	199	0.46046512	0.00106836	8
orthogroup_1557	orthogroup_731	7	12	0.56844548	245	0.56744186	0.00100362	8
orthogroup_1557	orthogroup_731	8	12	0.64965197	281	0.64883721	0.00081476	8
orthogroup_1557	orthogroup_731	9	12	0.71693735	310	0.71627907	0.00065829	8
orthogroup_1557	orthogroup_731	10	12	0.78190255	338	0.78139535	0.00050720	8
orthogroup_1557	orthogroup_731	11	12	0.85846868	371	0.85813953	0.00032914	8
orthogroup_1557	orthogroup_731	12	12	0.93503480	404	0.93488372	0.00015108	8
orthogroup_156	orthogroup_1632	1	9	0.01760563	18	0.01766784	0.00006221	9
orthogroup_156	orthogroup_1632	2	9	0.08450704	37	0.08480565	0.00029861	9
orthogroup_156	orthogroup_1632	3	9	0.19366197	68	0.19434629	0.00068432	9
orthogroup_156	orthogroup_1632	4	9	0.30281690	99	0.30388693	0.00107002	9
orthogroup_156	orthogroup_1632	5	9	0.41197183	130	0.41342756	0.00145573	9
orthogroup_156	orthogroup_1632	6	9	0.52816901	167	0.52650177	0.00166725	9
orthogroup_156	orthogroup_1632	7	9	0.66197183	205	0.66077739	0.00119445	9
orthogroup_156	orthogroup_1632	8	9	0.76490939	234	0.76325088	0.00165850	9
orthogroup_156	orthogroup_1632	9	9	0.89788732	272	0.89752650	0.00036082	9
orthogroup_1575	orthogroup_60	1	5	0.04385965	11	0.04405286	0.00019321	10
orthogroup_1575	orthogroup_60	2	5	0.19736842	46	0.19823789	0.00086946	10
orthogroup_1575	orthogroup_60	3	5	0.40789474	94	0.40969163	0.00179689	10
orthogroup_1575	orthogroup_60	4	5	0.64473684	147	0.64317181	0.00156504	10
orthogroup_1575	orthogroup_60	5	5	0.87719298	200	0.87665198	0.00054100	10
orthogroup_1577	orthogroup_570	1	5	0.04977376	13	0.04977376	0.00000000	9
orthogroup_1577	orthogroup_570	2	5	0.22171946	51	0.22171946	0.00000000	9
orthogroup_1577	orthogroup_570	3	5	0.40723982	92	0.40723982	0.00000000	9
orthogroup_1577	orthogroup_570	4	5	0.66063348	148	0.66063348	0.00000000	9
orthogroup_1577	orthogroup_570	5	5	0.84615385	189	0.84615385	0.00000000	9
orthogroup_158	orthogroup_66	1	12	0.02054795	81	0.18223235	0.16168440	9
orthogroup_158	orthogroup_66	2	12	0.09817352	82	0.18451025	0.08633673	9
orthogroup_158	orthogroup_66	3	12	0.18264840	83	0.18678815	0.00413975	9
orthogroup_158	orthogroup_66	4	12	0.26940639	119	0.26879271	0.00061368	9
orthogroup_158	orthogroup_66	5	12	0.34018265	150	0.33940774	0.00077490	9
orthogroup_158	orthogroup_66	6	12	0.43835616	193	0.43735763	0.00099853	9
orthogroup_158	orthogroup_66	7	12	0.51598174	228	0.51708428	0.00110255	9
orthogroup_158	orthogroup_66	8	12	0.63470320	280	0.63553531	0.00083211	9
orthogroup_158	orthogroup_66	9	12	0.72146119	318	0.72209567	0.00063448	9
orthogroup_158	orthogroup_66	10	12	0.76712329	338	0.76765376	0.00053047	9
orthogroup_158	orthogroup_66	11	12	0.84246575	371	0.84282460	0.00035885	9
orthogroup_158	orthogroup_66	12	12	0.93378995	411	0.93394077	0.00015082	9
orthogroup_159	orthogroup_646	1	14	0.03061224	17	0.03157895	0.00096670	8
orthogroup_159	orthogroup_646	2	14	0.09591837	48	0.09667324	0.00075487	8
orthogroup_159	orthogroup_646	3	14	0.16530612	81	0.16579242	0.00048630	8
orthogroup_159	orthogroup_646	4	14	0.22040816	113	0.22082043	0.00041227	8
orthogroup_159	orthogroup_646	5	14	0.29591837	149	0.29653030	0.00061193	8
orthogroup_159	orthogroup_646	6	14	0.35510204	177	0.35466986	0.00043219	8
orthogroup_159	orthogroup_646	7	14	0.45714286	226	0.45750313	0.00036027	8
orthogroup_159	orthogroup_646	8	14	0.52857143	260	0.52885683	0.00028540	8
orthogroup_159	orthogroup_646	9	14	0.59183673	290	0.59181597	0.00002076	8
orthogroup_159	orthogroup_646	10	14	0.65306122	319	0.65267648	0.00038475	8
orthogroup_159	orthogroup_646	11	14	0.72040816	351	0.71983290	0.00057526	8
orthogroup_159	orthogroup_646	12	14	0.78163265	380	0.78069341	0.00093924	8
orthogroup_159	orthogroup_646	13	14	0.86632653	421	0.86673758	0.00041104	8
orthogroup_159	orthogroup_646	14	14	0.94285714	457	0.94228855	0.00056859	8
orthogroup_1596	orthogroup_937	1	6	0.07391304	20	0.07391304	0.00000000	9
orthogroup_1596	orthogroup_937	2	6	0.17391304	43	0.17391304	0.00000000	9
orthogroup_1596	orthogroup_937	3	6	0.29565217	71	0.29565217	0.00000000	9
orthogroup_1596	orthogroup_937	4	6	0.43043478	102	0.43043478	0.00000000	9
orthogroup_1596	orthogroup_937	5	6	0.55217391	130	0.55217391	0.00000000	9
orthogroup_1596	orthogroup_937	6	6	0.79565217	186	0.79565217	0.00000000	9
orthogroup_1619	orthogroup_97	1	6	0.05590062	10	0.05590062	0.00000000	9
orthogroup_1619	orthogroup_97	2	6	0.23602484	39	0.23602484	0.00000000	9
orthogroup_1619	orthogroup_97	3	6	0.32919255	54	0.32919255	0.00000000	9
orthogroup_1619	orthogroup_97	4	6	0.46583851	76	0.46583851	0.00000000	9
orthogroup_1619	orthogroup_97	5	6	0.63975155	105	0.63975155	0.00000000	9
orthogroup_1619	orthogroup_97	6	6	0.83229814	138	0.83229814	0.00000000	9
orthogroup_1627	orthogroup_1666	1	12	0.02803738	17	0.02788104	0.00015634	9
orthogroup_1627	orthogroup_1666	2	12	0.10280374	57	0.10223048	0.00057326	9
orthogroup_1627	orthogroup_1666	3	12	0.16822430	93	0.16914498	0.00092068	9
orthogroup_1627	orthogroup_1666	4	12	0.25794393	141	0.25836431	0.00042039	9
orthogroup_1627	orthogroup_1666	5	12	0.36448598	198	0.36431227	0.00017371	9
orthogroup_1627	orthogroup_1666	6	12	0.45420561	246	0.45353160	0.00067401	9
orthogroup_1627	orthogroup_1666	7	12	0.53831776	292	0.53903346	0.00071570	9
orthogroup_1627	orthogroup_1666	8	12	0.61682243	334	0.61710037	0.00027794	9
orthogroup_1627	orthogroup_1666	9	12	0.68224299	369	0.68215613	0.00008686	9
orthogroup_1627	orthogroup_1666	10	12	0.75327103	407	0.75278810	0.00048292	9
orthogroup_1627	orthogroup_1666	11	12	0.85981308	465	0.86059480	0.00078171	9
orthogroup_1627	orthogroup_1666	12	12	0.94953271	513	0.94981413	0.00028142	9
orthogroup_1636	orthogroup_163	1	6	0.04255322	39	0.06473595	0.02218272	10
orthogroup_1636	orthogroup_163	2	6	0.10391823	62	0.10391823	0.00000000	10
orthogroup_1636	orthogroup_163	3	6	0.23850085	141	0.23850085	0.00000000	10
orthogroup_1636	orthogroup_163	4	6	0.27597956	163	0.27597956	0.00000000	10
orthogroup_1636	orthogroup_163	5	6	0.42589438	254	0.42589438	0.00000000	10
orthogroup_1636	orthogroup_163	6	6	0.48977853	291	0.48892675	0.00085179	10
orthogroup_1642	orthogroup_1438	1	6	0.02500000	12	0.03115265	0.00615265	9
orthogroup_1642	orthogroup_1438	2	6	0.24062500	79	0.23987539	0.00074961	9
orthogroup_1642	orthogroup_1438	3	6	0.34062500	111	0.33956386	0.00106114	9
orthogroup_1642	orthogroup_1438	4	6	0.55625000	181	0.55763240	0.00138240	9
orthogroup_1642	orthogroup_1438	5	6	0.75312500	244	0.75389408	0.00076908	9
orthogroup_1642	orthogroup_1438	6	6	0.88125000	285	0.88161994	0.00036994	9
orthogroup_1644	orthogroup_1430	1	10	0.02397260	8	0.02397260	0.00000000	9
orthogroup_1644	orthogroup_1430	2	10	0.11301370	34	0.11301370	0.00000000	9
orthogroup_1644	orthogroup_1430	3	10	0.21917808	65	0.21917808	0.00000000	9
orthogroup_1644	orthogroup_1430	4	10	0.32191781	95	0.32191781	0.00000000	9
orthogroup_1644	orthogroup_1430	5	10	0.40753425	120	0.40753425	0.00000000	9
orthogroup_1644	orthogroup_1430	6	10	0.54109589	159	0.54109589	0.00000000	9
orthogroup_1644	orthogroup_1430	7	10	0.63356164	186	0.63356164	0.00000000	9
orthogroup_1644	orthogroup_1430	8	10	0.73287671	215	0.73287671	0.00000000	9
orthogroup_1644	orthogroup_1430	9	10	0.83219178	244	0.83219178	0.00000000	9
orthogroup_1644	orthogroup_1430	10	10	0.92123288	270	0.92123288	0.00000000	9
orthogroup_1651	orthogroup_854	1	16	0.00326797	1	0.00000000	0.00326797	10
orthogroup_1651	orthogroup_854	2	16	0.04575163	54	0.08646003	0.04070840	10
orthogroup_1651	orthogroup_854	3	16	0.13888889	87	0.13972463	0.00083574	10
orthogroup_1651	orthogroup_854	4	16	0.18790850	117	0.18846578	0.00055729	10
orthogroup_1651	orthogroup_854	5	16	0.22385621	155	0.23720693	0.01335072	10
orthogroup_1651	orthogroup_854	6	16	0.28594771	185	0.28594808	0.00000037	10
orthogroup_1651	orthogroup_854	7	16	0.35457516	232	0.35510161	0.00052645	10
orthogroup_1651	orthogroup_854	8	16	0.41489339	271	0.41550981	0.00061643	10
orthogroup_1651	orthogroup_854	9	16	0.45915033	298	0.45959148	0.00044115	10
orthogroup_1651	orthogroup_854	10	16	0.50326797	327	0.50040783	0.00286014	10
orthogroup_1651	orthogroup_854	11	16	0.55228758	359	0.55265276	0.00036518	10
orthogroup_1651	orthogroup_854	12	16	0.61437908	397	0.61469362	0.00031454	10
orthogroup_1651	orthogroup_854	13	16	0.67483660	434	0.67510182	0.00026522	10
orthogroup_1651	orthogroup_854	14	16	0.74183007	475	0.74204064	0.00021058	10
orthogroup_1651	orthogroup_854	15	16	0.80228758	512	0.80244885	0.00016127	10
orthogroup_1651	orthogroup_854	16	16	0.96732026	613	0.96734692	0.00002666	10
orthogroup_1663	orthogroup_951	1	13	0.00829876	5	0.00829876	0.00000000	9
orthogroup_1663	orthogroup_951	2	13	0.09128631	45	0.09128631	0.00000000	9
orthogroup_1663	orthogroup_951	3	13	0.15560166	76	0.15560166	0.00000000	9
orthogroup_1663	orthogroup_951	4	13	0.25933610	133	0.25933610	0.00000000	9
orthogroup_1663	orthogroup_951	5	13	0.33195021	168	0.33195021	0.00000000	9
orthogroup_1663	orthogroup_951	6	13	0.37551867	190	0.37551867	0.00000000	9
orthogroup_1663	orthogroup_951	7	13	0.49377593	249	0.49377593	0.00000000	9
orthogroup_1663	orthogroup_951	8	13	0.56224066	282	0.56224066	0.00000000	9
orthogroup_1663	orthogroup_951	9	13	0.66666667	332	0.66597510	0.00069156	9
orthogroup_1663	orthogroup_951	10	13	0.76348548	379	0.76348548	0.00000000	9
orthogroup_1663	orthogroup_951	11	13	0.81120332	402	0.81120332	0.00000000	9
orthogroup_1663	orthogroup_951	12	13	0.88174274	436	0.88174274	0.00000000	9
orthogroup_1663	orthogroup_951	13	13	0.92946058	459	0.92946058	0.00000000	9
orthogroup_1685	orthogroup_837	1	9	0.03570891	21	0.03436426	0.00134465	10
orthogroup_1685	orthogroup_837	2	9	0.12606510	48	0.12714777	0.00108266	10
orthogroup_1685	orthogroup_837	3	9	0.28279469	93	0.28178694	0.00100775	10
orthogroup_1685	orthogroup_837	4	9	0.36162804	116	0.36082474	0.00080330	10
orthogroup_1685	orthogroup_837	5	9	0.45840540	144	0.45704467	0.00136072	10
orthogroup_1685	orthogroup_837	6	9	0.54499020	170	0.54639175	0.00140155	10
orthogroup_1685	orthogroup_837	7	9	0.70458319	217	0.70446735	0.00011584	10
orthogroup_1685	orthogroup_837	8	9	0.78607748	241	0.78694158	0.00086410	10
orthogroup_1685	orthogroup_837	9	9	0.89134094	271	0.89003436	0.00130658	10
orthogroup_1687	orthogroup_1139	1	10	0.04477612	17	0.04518072	0.00040460	8
orthogroup_1687	orthogroup_1139	2	10	0.15522388	54	0.15662651	0.00140263	8
orthogroup_1687	orthogroup_1139	3	10	0.22388060	76	0.22289157	0.00098903	8
orthogroup_1687	orthogroup_1139	4	10	0.31641791	107	0.31626506	0.00015285	8
orthogroup_1687	orthogroup_1139	5	10	0.41194030	139	0.41265060	0.00071030	8
orthogroup_1687	orthogroup_1139	6	10	0.55820896	187	0.55722892	0.00098004	8
orthogroup_1687	orthogroup_1139	7	10	0.69253731	232	0.69277108	0.00023377	8
orthogroup_1687	orthogroup_1139	8	10	0.79701493	267	0.79819277	0.00117785	8
orthogroup_1687	orthogroup_1139	9	10	0.85373134	287	0.85240964	0.00132170	8
orthogroup_1687	orthogroup_1139	10	10	0.93731343	315	0.93674699	0.00056644	8
orthogroup_1689	orthogroup_823	1	8	0.03086420	17	0.03086420	0.00000000	10
orthogroup_1689	orthogroup_823	2	8	0.24691358	88	0.24691358	0.00000000	10
orthogroup_1689	orthogroup_823	3	8	0.34876543	122	0.34876543	0.00000000	10
orthogroup_1689	orthogroup_823	4	8	0.46296296	160	0.46296296	0.00000000	10
orthogroup_1689	orthogroup_823	5	8	0.58024691	198	0.58024691	0.00000000	10
orthogroup_1689	orthogroup_823	6	8	0.72222222	245	0.72222222	0.00000000	10
orthogroup_1689	orthogroup_823	7	8	0.82407407	281	0.82407407	0.00000000	10
orthogroup_1689	orthogroup_823	8	8	0.93518519	318	0.92901235	0.00617284	10
orthogroup_1696	orthogroup_859	1	10	0.03252033	13	0.03269755	0.00017722	9
orthogroup_1696	orthogroup_859	2	10	0.08943089	34	0.08991826	0.00048736	9
orthogroup_1696	orthogroup_859	3	10	0.17344173	65	0.17213115	0.00131059	9
orthogroup_1696	orthogroup_859	4	10	0.43089431	160	0.43169399	0.00079968	9
orthogroup_1696	orthogroup_859	5	10	0.57994580	214	0.57923497	0.00071083	9
orthogroup_1696	orthogroup_859	6	10	0.65582656	242	0.65573770	0.00008885	9
orthogroup_1696	orthogroup_859	7	10	0.70189702	260	0.70218579	0.00028877	9
orthogroup_1696	orthogroup_859	8	10	0.75067751	278	0.75136612	0.00068861	9
orthogroup_1696	orthogroup_859	9	10	0.82972973	307	0.83060109	0.00087136	9
orthogroup_1696	orthogroup_859	10	10	0.87533875	323	0.87431694	0.00102181	9
orthogroup_1701	orthogroup_1261	1	4	0.04651163	10	0.04687500	0.00036337	9
orthogroup_1701	orthogroup_1261	2	4	0.35658915	50	0.35937500	0.00278585	9
orthogroup_1701	orthogroup_1261	3	4	0.54263566	73	0.53906250	0.00357316	9
orthogroup_1701	orthogroup_1261	4	4	0.75968992	101	0.75781250	0.00187742	9
orthogroup_1723	orthogroup_795	1	5	0.11926606	71	0.11926606	0.00000000	10
orthogroup_1723	orthogroup_795	2	5	0.23853211	97	0.23853211	0.00000000	10
orthogroup_1723	orthogroup_795	3	5	0.33027523	117	0.33027523	0.00000000	10
orthogroup_1723	orthogroup_795	4	5	0.71100917	200	0.71100917	0.00000000	10
orthogroup_1723	orthogroup_795	5	5	0.85779817	232	0.85779817	0.00000000	10
orthogroup_1733	orthogroup_5	1	12	0.01367188	15	0.01338432	0.00028755	9
orthogroup_1733	orthogroup_5	2	12	0.32910156	419	0.32901135	0.00009022	9
orthogroup_1733	orthogroup_5	3	12	0.35058594	449	0.35086042	0.00027448	9
orthogroup_1733	orthogroup_5	4	12	0.37890625	478	0.37858509	0.00032116	9
orthogroup_1733	orthogroup_5	5	12	0.42146341	554	0.42145594	0.00000748	9
orthogroup_1733	orthogroup_5	6	12	0.45214844	586	0.45210728	0.00004116	9
orthogroup_1733	orthogroup_5	7	12	0.51464844	652	0.51434034	0.00030809	9
orthogroup_1733	orthogroup_5	8	12	0.83203125	1080	0.83173996	0.00029129	9
orthogroup_1733	orthogroup_5	9	12	0.85449219	1104	0.85468451	0.00019232	9
orthogroup_1733	orthogroup_5	10	12	0.88333333	1134	0.88336520	0.00003187	9
orthogroup_1733	orthogroup_5	11	12	0.93554688	1189	0.93594646	0.00039959	9
orthogroup_1733	orthogroup_5	12	12	0.95996094	1214	0.95980861	0.00015233	9
orthogroup_174	orthogroup_833	1	6	0.03401361	11	0.03401361	0.00000000	9
orthogroup_174	orthogroup_833	2	6	0.15646259	29	0.15646259	0.00000000	9
orthogroup_174	orthogroup_833	3	6	0.34013605	56	0.34013605	0.00000000	9
orthogroup_174	orthogroup_833	4	6	0.57823129	91	0.57823129	0.00000000	9
orthogroup_174	orthogroup_833	5	6	0.75510204	117	0.75510204	0.00000000	9
orthogroup_174	orthogroup_833	6	6	0.87755102	135	0.87755102	0.00000000	9
orthogroup_1742	orthogroup_1423	1	4	0.00890869	5	0.00890869	0.00000000	9
orthogroup_1742	orthogroup_1423	2	4	0.21826281	99	0.21826281	0.00000000	9
orthogroup_1742	orthogroup_1423	3	4	0.84632517	381	0.84632517	0.00000000	9
orthogroup_1742	orthogroup_1423	4	4	0.94654788	426	0.94654788	0.00000000	9
orthogroup_1769	orthogroup_544	1	12	0.02650602	12	0.02650602	0.00000000	9
orthogroup_1769	orthogroup_544	2	12	0.09352518	41	0.09397590	0.00045072	9
orthogroup_1769	orthogroup_544	3	12	0.20240964	86	0.20240964	0.00000000	9
orthogroup_1769	orthogroup_544	4	12	0.28192771	119	0.28192771	0.00000000	9
orthogroup_1769	orthogroup_544	5	12	0.34939759	147	0.34939759	0.00000000	9
orthogroup_1769	orthogroup_544	6	12	0.41686747	175	0.41686747	0.00000000	9
orthogroup_1769	orthogroup_544	7	12	0.52997602	222	0.53012048	0.00014446	9
orthogroup_1769	orthogroup_544	8	12	0.62110312	260	0.62168675	0.00058363	9
orthogroup_1769	orthogroup_544	9	12	0.71807229	300	0.71807229	0.00000000	9
orthogroup_1769	orthogroup_544	10	12	0.80000000	334	0.80000000	0.00000000	9
orthogroup_1769	orthogroup_544	11	12	0.86987952	363	0.86987952	0.00000000	9
orthogroup_1769	orthogroup_544	12	12	0.93493976	390	0.93493976	0.00000000	9
orthogroup_1773	orthogroup_602	1	6	0.06951872	14	0.06824194	0.00127678	8
orthogroup_1773	orthogroup_602	2	6	0.18716578	37	0.18897768	0.00181190	8
orthogroup_1773	orthogroup_602	3	6	0.33689840	65	0.33596032	0.00093808	8
orthogroup_1773	orthogroup_602	4	6	0.51871658	100	0.51968862	0.00097204	8
orthogroup_1773	orthogroup_602	5	6	0.65240642	125	0.65092312	0.00148330	8
orthogroup_1773	orthogroup_602	6	6	0.79144385	152	0.79265638	0.00121253	8
orthogroup_178	orthogroup_1641	1	12	0.02146159	30	0.02020202	0.00125957	10
orthogroup_178	orthogroup_1641	2	12	0.12151899	70	0.12121212	0.00030687	10
orthogroup_178	orthogroup_1641	3	12	0.18987342	98	0.18939394	0.00047948	10
orthogroup_178	orthogroup_1641	4	12	0.25063291	122	0.25000000	0.00063291	10
orthogroup_178	orthogroup_1641	5	12	0.33924051	157	0.33838384	0.00085667	10
orthogroup_178	orthogroup_1641	6	12	0.41518987	187	0.41414141	0.00104846	10
orthogroup_178	orthogroup_1641	7	12	0.54040749	237	0.54040404	0.00000345	10
orthogroup_178	orthogroup_1641	8	12	0.63131716	273	0.63131313	0.00000403	10
orthogroup_178	orthogroup_1641	9	12	0.70580939	303	0.70707071	0.00126131	10
orthogroup_178	orthogroup_1641	10	12	0.77020693	328	0.77020202	0.00000491	10
orthogroup_178	orthogroup_1641	11	12	0.85985078	364	0.86111111	0.00126033	10
orthogroup_178	orthogroup_1641	12	12	0.93182412	393	0.93181818	0.00000594	10
orthogroup_1783	orthogroup_1776	1	6	0.01863170	5	0.02162162	0.00298993	8
orthogroup_1783	orthogroup_1776	2	6	0.21333485	43	0.21081081	0.00252404	8
orthogroup_1783	orthogroup_1776	3	6	0.37433155	73	0.37297297	0.00135858	8
orthogroup_1783	orthogroup_1776	4	6	0.57219251	110	0.57297297	0.00078046	8
orthogroup_1783	orthogroup_1776	5	6	0.71122995	136	0.71351351	0.00228357	8
orthogroup_1783	orthogroup_1776	6	6	0.89304813	169	0.89189189	0.00115624	8
orthogroup_1819	orthogroup_1807	1	13	0.00998004	6	0.00993050	0.00004954	8
orthogroup_1819	orthogroup_1807	2	13	0.10978044	57	0.10923546	0.00054498	8
orthogroup_1819	orthogroup_1807	3	13	0.14970060	77	0.14895745	0.00074315	8
orthogroup_1819	orthogroup_1807	4	13	0.25349301	130	0.25422071	0.00072769	8
orthogroup_1819	orthogroup_1807	5	13	0.32335329	166	0.32373418	0.00038089	8
orthogroup_1819	orthogroup_1807	6	13	0.37325349	191	0.37338666	0.00013317	8
orthogroup_1819	orthogroup_1807	7	13	0.46706587	238	0.46673333	0.00033254	8
orthogroup_1819	orthogroup_1807	8	13	0.54291417	276	0.54212046	0.00079371	8
orthogroup_1819	orthogroup_1807	9	13	0.64870259	333	0.64915724	0.00045464	8
orthogroup_1819	orthogroup_1807	10	13	0.73952096	379	0.74033671	0.00081575	8
orthogroup_1819	orthogroup_1807	11	13	0.79740519	408	0.79781942	0.00041424	8
orthogroup_1819	orthogroup_1807	12	13	0.85828343	439	0.85926646	0.00098303	8
orthogroup_1819	orthogroup_1807	13	13	0.90019960	460	0.90089187	0.00069227	8
orthogroup_1826	orthogroup_1828	1	12	0.03973510	52	0.04008909	0.00035399	8
orthogroup_1826	orthogroup_1828	2	12	0.10596026	82	0.10690423	0.00094397	8
orthogroup_1826	orthogroup_1828	3	12	0.17218543	111	0.17149220	0.00069323	8
orthogroup_1826	orthogroup_1828	4	12	0.22295806	134	0.22271715	0.00024091	8
orthogroup_1826	orthogroup_1828	5	12	0.30242826	170	0.30289532	0.00046707	8
orthogroup_1826	orthogroup_1828	6	12	0.36423841	198	0.36525612	0.00101771	8
orthogroup_1826	orthogroup_1828	7	12	0.48123620	250	0.48106904	0.00016716	8
orthogroup_1826	orthogroup_1828	8	12	0.54966887	281	0.55011136	0.00044248	8
orthogroup_1826	orthogroup_1828	9	12	0.61589404	311	0.61692650	0.00103246	8
orthogroup_1826	orthogroup_1828	10	12	0.66666667	333	0.66592428	0.00074239	8
orthogroup_1826	orthogroup_1828	11	12	0.75717439	374	0.75723831	0.00006391	8
orthogroup_1826	orthogroup_1828	12	12	0.81236203	399	0.81291759	0.00055556	8
orthogroup_1830	orthogroup_1825	1	15	0.02119617	20	0.02150538	0.00030920	9
orthogroup_1830	orthogroup_1825	2	15	0.08912387	64	0.08909370	0.00003017	9
orthogroup_1830	orthogroup_1825	3	15	0.15256798	106	0.15207373	0.00049424	9
orthogroup_1830	orthogroup_1825	4	15	0.21450151	147	0.21505376	0.00055225	9
orthogroup_1830	orthogroup_1825	5	15	0.28398792	192	0.28417819	0.00019027	9
orthogroup_1830	orthogroup_1825	6	15	0.35045317	236	0.35023041	0.00022276	9
orthogroup_1830	orthogroup_1825	7	15	0.41540785	278	0.41474654	0.00066131	9
orthogroup_1830	orthogroup_1825	8	15	0.47583082	319	0.47619048	0.00035966	9
orthogroup_1830	orthogroup_1825	9	15	0.51812689	346	0.51766513	0.00046176	9
orthogroup_1830	orthogroup_1825	10	15	0.57703927	385	0.57757296	0.00053369	9
orthogroup_1830	orthogroup_1825	11	15	0.62386707	415	0.62365591	0.00021116	9
orthogroup_1830	orthogroup_1825	12	15	0.68731118	456	0.68663594	0.00067523	9
orthogroup_1830	orthogroup_1825	13	15	0.74320242	499	0.74347158	0.00026917	9
orthogroup_1830	orthogroup_1825	14	15	0.88972810	598	0.88940092	0.00032718	9
orthogroup_1830	orthogroup_1825	15	15	0.91993958	618	0.92012289	0.00018331	9
orthogroup_188	orthogroup_735	1	7	0.07339450	17	0.07272727	0.00066722	8
orthogroup_188	orthogroup_735	2	7	0.22935780	51	0.22727273	0.00208507	8
orthogroup_188	orthogroup_735	3	7	0.38990826	85	0.38181818	0.00809008	8
orthogroup_188	orthogroup_735	4	7	0.50458716	112	0.50454545	0.00004170	8
orthogroup_188	orthogroup_735	5	7	0.63302752	140	0.63181818	0.00120934	8
orthogroup_188	orthogroup_735	6	7	0.76605505	170	0.76818182	0.00212677	8
orthogroup_188	orthogroup_735	7	7	0.88990826	197	0.89090909	0.00100083	8
orthogroup_195	orthogroup_186	1	12	0.06378132	32	0.06292135	0.00085997	8
orthogroup_195	orthogroup_186	2	12	0.14756903	70	0.14831461	0.00074557	8
orthogroup_195	orthogroup_186	3	12	0.21412301	99	0.21348315	0.00063986	8
orthogroup_195	orthogroup_186	4	12	0.27790433	128	0.27865169	0.00074736	8
orthogroup_195	orthogroup_186	5	12	0.37357631	170	0.37303371	0.00054260	8
orthogroup_195	orthogroup_186	6	12	0.45330296	209	0.45393258	0.00062962	8
orthogroup_195	orthogroup_186	7	12	0.57175399	261	0.57078652	0.00096747	8
orthogroup_195	orthogroup_186	8	12	0.65831435	300	0.65842697	0.00011262	8
orthogroup_195	orthogroup_186	9	12	0.72665148	330	0.72584270	0.00080878	8
orthogroup_195	orthogroup_186	10	12	0.79043280	359	0.79101124	0.00057843	8
orthogroup_195	orthogroup_186	11	12	0.87471526	396	0.87415730	0.00055796	8
orthogroup_195	orthogroup_186	12	12	0.93394077	423	0.93483146	0.00089069	8
orthogroup_2	orthogroup_1558	1	3	0.41604010	167	0.41604010	0.00000000	9
orthogroup_2	orthogroup_1558	2	3	0.53266332	214	0.53383459	0.00117127	9
orthogroup_2	orthogroup_1558	3	3	0.91206030	365	0.91228070	0.00022040	9
orthogroup_203	orthogroup_1333	1	13	0.06386861	36	0.06386861	0.00000000	10
orthogroup_203	orthogroup_1333	2	13	0.13868613	77	0.13868613	0.00000000	10
orthogroup_203	orthogroup_1333	3	13	0.18795620	104	0.18795620	0.00000000	10
orthogroup_203	orthogroup_1333	4	13	0.27737226	153	0.27737226	0.00000000	10
orthogroup_203	orthogroup_1333	5	13	0.33394161	185	0.33394161	0.00000000	10
orthogroup_203	orthogroup_1333	6	13	0.37408759	207	0.37408759	0.00000000	10
orthogroup_203	orthogroup_1333	7	13	0.47905441	265	0.47992701	0.00087259	10
orthogroup_203	orthogroup_1333	8	13	0.54197080	299	0.54197080	0.00000000	10
orthogroup_203	orthogroup_1333	9	13	0.64845056	357	0.64781022	0.00064035	10
orthogroup_203	orthogroup_1333	10	13	0.74087591	408	0.74087591	0.00000000	10
orthogroup_203	orthogroup_1333	11	13	0.77919708	435	0.77919708	0.00000000	10
orthogroup_203	orthogroup_1333	12	13	0.84306569	470	0.84306569	0.00000000	10
orthogroup_203	orthogroup_1333	13	13	0.90710352	505	0.90693431	0.00016921	10
orthogroup_204	orthogroup_1222	1	8	0.29796585	179	0.29832513	0.00035928	8
orthogroup_204	orthogroup_1222	2	8	0.37056738	220	0.37069986	0.00013249	8
orthogroup_204	orthogroup_1222	3	8	0.43236030	255	0.43248317	0.00012287	8
orthogroup_204	orthogroup_1222	4	8	0.51724100	303	0.51721457	0.00002643	8
orthogroup_204	orthogroup_1222	5	8	0.57987349	338	0.57899788	0.00087561	8
orthogroup_204	orthogroup_1222	6	8	0.64222480	374	0.64254643	0.00032163	8
orthogroup_204	orthogroup_1222	7	8	0.68782972	400	0.68844260	0.00061289	8
orthogroup_204	orthogroup_1222	8	8	0.73651615	427	0.73610401	0.00041214	8
orthogroup_210	orthogroup_1591	1	6	0.02083333	5	0.02083333	0.00000000	9
orthogroup_210	orthogroup_1591	2	6	0.19270833	38	0.19270833	0.00000000	9
orthogroup_210	orthogroup_1591	3	6	0.38541667	75	0.38541667	0.00000000	9
orthogroup_210	orthogroup_1591	4	6	0.52604167	102	0.52604167	0.00000000	9
orthogroup_210	orthogroup_1591	5	6	0.69270833	134	0.69270833	0.00000000	9
orthogroup_210	orthogroup_1591	6	6	0.87500000	169	0.87500000	0.00000000	9
orthogroup_22	orthogroup_269	1	6	0.21631155	66	0.21666667	0.00035512	8
orthogroup_22	orthogroup_269	2	6	0.28854955	88	0.29000000	0.00145045	8
orthogroup_22	orthogroup_269	3	6	0.48675497	147	0.48666667	0.00008830	8
orthogroup_22	orthogroup_269	4	6	0.57095242	172	0.57000000	0.00095242	8
orthogroup_22	orthogroup_269	5	6	0.75577292	258	0.75666667	0.00089375	8
orthogroup_22	orthogroup_269	6	6	0.90205170	310	0.90333333	0.00128163	8
orthogroup_23	orthogroup_1015	1	6	0.02203857	9	0.02139037	0.00064819	8
orthogroup_23	orthogroup_1015	2	6	0.37465565	189	0.37535219	0.00069655	8
orthogroup_23	orthogroup_1015	3	6	0.47382920	226	0.47454862	0.00071942	8
orthogroup_23	orthogroup_1015	4	6	0.61707989	283	0.61794355	0.00086366	8
orthogroup_23	orthogroup_1015	5	6	0.77685950	376	0.83957219	0.06271269	8
orthogroup_23	orthogroup_1015	6	6	0.90633609	388	0.86363636	0.04269972	8
orthogroup_231	orthogroup_1606	1	4	0.04571429	16	0.04571429	0.00000000	8
orthogroup_231	orthogroup_1606	2	4	0.22857143	48	0.22857143	0.00000000	8
orthogroup_231	orthogroup_1606	3	4	0.48000000	92	0.47947368	0.00052632	8
orthogroup_231	orthogroup_1606	4	4	0.80571429	149	0.80515599	0.00055829	8
orthogroup_233	orthogroup_1422	1	12	0.01851852	8	0.01851852	0.00000000	9
orthogroup_233	orthogroup_1422	2	12	0.10582011	41	0.10582011	0.00000000	9
orthogroup_233	orthogroup_1422	3	12	0.17989418	69	0.17989418	0.00000000	9
orthogroup_233	orthogroup_1422	4	12	0.24867725	95	0.24867725	0.00000000	9
orthogroup_233	orthogroup_1422	5	12	0.35185185	166	0.35185185	0.00000000	9
orthogroup_233	orthogroup_1422	6	12	0.41534392	190	0.41534392	0.00000000	9
orthogroup_233	orthogroup_1422	7	12	0.54497354	239	0.54497354	0.00000000	9
orthogroup_233	orthogroup_1422	8	12	0.62698413	270	0.62698413	0.00000000	9
orthogroup_233	orthogroup_1422	9	12	0.70899471	301	0.70899471	0.00000000	9
orthogroup_233	orthogroup_1422	10	12	0.76984127	324	0.76984127	0.00000000	9
orthogroup_233	orthogroup_1422	11	12	0.85978836	358	0.85978836	0.00000000	9
orthogroup_233	orthogroup_1422	12	12	0.93915344	388	0.93915344	0.00000000	9
orthogroup_244	orthogroup_1088	1	12	0.02099738	10	0.02099738	0.00000000	9
orthogroup_244	orthogroup_1088	2	12	0.11548556	46	0.11548556	0.00000000	9
orthogroup_244	orthogroup_1088	3	12	0.18897638	74	0.18897638	0.00000000	9
orthogroup_244	orthogroup_1088	4	12	0.24804178	97	0.24934383	0.00130206	9
orthogroup_244	orthogroup_1088	5	12	0.34464752	133	0.34383202	0.00081550	9
orthogroup_244	orthogroup_1088	6	12	0.41732283	161	0.41732283	0.00000000	9
orthogroup_244	orthogroup_1088	7	12	0.53280840	205	0.53280840	0.00000000	9
orthogroup_244	orthogroup_1088	8	12	0.61942257	238	0.61942257	0.00000000	9
orthogroup_244	orthogroup_1088	9	12	0.69553806	267	0.69553806	0.00000000	9
orthogroup_244	orthogroup_1088	10	12	0.75710594	290	0.75590551	0.00120043	9
orthogroup_244	orthogroup_1088	11	12	0.85039370	326	0.85039370	0.00000000	9
orthogroup_244	orthogroup_1088	12	12	0.92125984	353	0.92125984	0.00000000	9
orthogroup_25	orthogroup_219	1	5	0.01092896	3	0.01092896	0.00000000	9
orthogroup_25	orthogroup_219	2	5	0.13661202	26	0.13661202	0.00000000	9
orthogroup_25	orthogroup_219	3	5	0.28415301	53	0.28415301	0.00000000	9
orthogroup_25	orthogroup_219	4	5	0.49726776	93	0.49726776	0.00000000	9
orthogroup_25	orthogroup_219	5	5	0.73770492	137	0.73770492	0.00000000	9
orthogroup_272	orthogroup_197	1	3	0.07909605	15	0.07954545	0.00044941	9
orthogroup_272	orthogroup_197	2	3	0.48022599	86	0.48295455	0.00272856	9
orthogroup_272	orthogroup_197	3	3	0.86440678	153	0.86363636	0.00077042	9
orthogroup_277	orthogroup_401	1	14	0.02340426	12	0.02345416	0.00004990	8
orthogroup_277	orthogroup_401	2	14	0.10212766	49	0.10234542	0.00021776	8
orthogroup_277	orthogroup_401	3	14	0.15957447	76	0.15991471	0.00034024	8
orthogroup_277	orthogroup_401	4	14	0.20638298	99	0.20682303	0.00044005	8
orthogroup_277	orthogroup_401	5	14	0.29148936	139	0.29211087	0.00062151	8
orthogroup_277	orthogroup_401	6	14	0.34893617	166	0.34968017	0.00074400	8
orthogroup_277	orthogroup_401	7	14	0.41702128	198	0.41791045	0.00088917	8
orthogroup_277	orthogroup_401	8	14	0.47659574	226	0.47761194	0.00101620	8
orthogroup_277	orthogroup_401	9	14	0.55804110	265	0.55863539	0.00059429	8
orthogroup_277	orthogroup_401	10	14	0.63404255	300	0.63326226	0.00078029	8
orthogroup_277	orthogroup_401	11	14	0.69755024	330	0.69722814	0.00032210	8
orthogroup_277	orthogroup_401	12	14	0.75106383	355	0.75053305	0.00053078	8
orthogroup_277	orthogroup_401	13	14	0.83191489	393	0.83155650	0.00035839	8
orthogroup_277	orthogroup_401	14	14	0.91489362	432	0.91471215	0.00018146	8
orthogroup_279	orthogroup_1032	1	10	0.03125000	13	0.03116883	0.00008117	9
orthogroup_279	orthogroup_1032	2	10	0.15625000	61	0.15584416	0.00040584	9
orthogroup_279	orthogroup_1032	3	10	0.22656250	88	0.22597403	0.00058847	9
orthogroup_279	orthogroup_1032	4	10	0.27604167	107	0.27532468	0.00071699	9
orthogroup_279	orthogroup_1032	5	10	0.34635417	134	0.34545455	0.00089962	9
orthogroup_279	orthogroup_1032	6	10	0.50260417	195	0.50389610	0.00129194	9
orthogroup_279	orthogroup_1032	7	10	0.60677083	235	0.60779221	0.00102137	9
orthogroup_279	orthogroup_1032	8	10	0.69531250	269	0.69610390	0.00079140	9
orthogroup_279	orthogroup_1032	9	10	0.79687500	309	0.79740260	0.00052760	9
orthogroup_279	orthogroup_1032	10	10	0.86979167	337	0.87012987	0.00033820	9
orthogroup_283	orthogroup_708	1	10	0.25630252	125	0.25672878	0.00042626	8
orthogroup_283	orthogroup_708	2	10	0.34734513	169	0.34782609	0.00048095	8
orthogroup_283	orthogroup_708	3	10	0.40336134	196	0.40372671	0.00036536	8
orthogroup_283	orthogroup_708	4	10	0.48414376	235	0.48447205	0.00032829	8
orthogroup_283	orthogroup_708	5	10	0.54203540	263	0.54244306	0.00040767	8
orthogroup_283	orthogroup_708	6	10	0.63368421	307	0.63354037	0.00014384	8
orthogroup_283	orthogroup_708	7	10	0.65756303	319	0.65838509	0.00082207	8
orthogroup_283	orthogroup_708	8	10	0.70798319	343	0.70807453	0.00009134	8
orthogroup_283	orthogroup_708	9	10	0.83193277	403	0.83229814	0.00036536	8
orthogroup_283	orthogroup_708	10	10	0.94026549	455	0.93995859	0.00030689	8
orthogroup_284	orthogroup_369	1	10	0.04815864	48	0.04815864	0.00000000	9
orthogroup_284	orthogroup_369	2	10	0.10249307	67	0.10198300	0.00051007	9
orthogroup_284	orthogroup_369	3	10	0.18980170	96	0.18413598	0.00566572	9
orthogroup_284	orthogroup_369	4	10	0.44034091	186	0.43909348	0.00124742	9
orthogroup_284	orthogroup_369	5	10	0.60664820	247	0.60623229	0.00041590	9
orthogroup_284	orthogroup_369	6	10	0.67897727	273	0.67988669	0.00090941	9
orthogroup_284	orthogroup_369	7	10	0.71875000	288	0.71954674	0.00079674	9
orthogroup_284	orthogroup_369	8	10	0.78470255	311	0.78431373	0.00038882	9
orthogroup_284	orthogroup_369	9	10	0.87500000	343	0.87394958	0.00105042	9
orthogroup_284	orthogroup_369	10	10	0.91784703	359	0.91709845	0.00074858	9
orthogroup_300	orthogroup_1108	1	10	0.03636364	13	0.03669725	0.00033361	8
orthogroup_300	orthogroup_1108	2	10	0.15454545	52	0.15596330	0.00141785	8
orthogroup_300	orthogroup_1108	3	10	0.23636364	78	0.23547401	0.00088963	8
orthogroup_300	orthogroup_1108	4	10	0.34848485	115	0.34862385	0.00013900	8
orthogroup_300	orthogroup_1108	5	10	0.43030303	142	0.43119266	0.00088963	8
orthogroup_300	orthogroup_1108	6	10	0.53717878	177	0.53822630	0.00104752	8
orthogroup_300	orthogroup_1108	7	10	0.61212121	201	0.61162080	0.00050042	8
orthogroup_300	orthogroup_1108	8	10	0.71818182	236	0.71865443	0.00047262	8
orthogroup_300	orthogroup_1108	9	10	0.82727273	272	0.82874618	0.00147345	8
orthogroup_300	orthogroup_1108	10	10	0.90606061	297	0.90519878	0.00086183	8
orthogroup_303	orthogroup_1255	1	11	0.01559020	20	0.01562500	0.00003480	9
orthogroup_303	orthogroup_1255	2	11	0.08240535	50	0.08258929	0.00018394	9
orthogroup_303	orthogroup_1255	3	11	0.15367483	82	0.15401786	0.00034302	9
orthogroup_303	orthogroup_1255	4	11	0.25389755	127	0.25446429	0.00056674	9
orthogroup_303	orthogroup_1255	5	11	0.35634744	173	0.35714286	0.00079542	9
orthogroup_303	orthogroup_1255	6	11	0.40492170	194	0.40401786	0.00090384	9
orthogroup_303	orthogroup_1255	7	11	0.45434298	217	0.45535714	0.00101416	9
orthogroup_303	orthogroup_1255	8	11	0.50111359	237	0.50000000	0.00111359	9
orthogroup_303	orthogroup_1255	9	11	0.77282851	359	0.77232143	0.00050708	9
orthogroup_303	orthogroup_1255	10	11	0.84409800	391	0.84375000	0.00034800	9
orthogroup_303	orthogroup_1255	11	11	0.89977728	416	0.89955357	0.00022371	9
orthogroup_322	orthogroup_1065	1	6	0.08394161	25	0.08510638	0.00116478	8
orthogroup_322	orthogroup_1065	2	6	0.28832117	86	0.28723404	0.00108713	8
orthogroup_322	orthogroup_1065	3	6	0.42700730	125	0.42553191	0.00147538	8
orthogroup_322	orthogroup_1065	4	6	0.51824818	151	0.51773050	0.00051768	8
orthogroup_322	orthogroup_1065	5	6	0.74452555	219	0.74468085	0.00015530	8
orthogroup_322	orthogroup_1065	6	6	0.87956204	257	0.87943262	0.00012942	8
orthogroup_329	orthogroup_1588	1	12	0.02394366	19	0.02367688	0.00026678	9
orthogroup_329	orthogroup_1588	2	12	0.05492958	42	0.05431755	0.00061203	9
orthogroup_329	orthogroup_1588	3	12	0.09128631	69	0.09192201	0.00063570	9
orthogroup_329	orthogroup_1588	4	12	0.12535211	93	0.12534819	0.00000392	9
orthogroup_329	orthogroup_1588	5	12	0.15633803	115	0.15598886	0.00034917	9
orthogroup_329	orthogroup_1588	6	12	0.19718310	145	0.19777159	0.00058849	9
orthogroup_329	orthogroup_1588	7	12	0.55000000	400	0.55013928	0.00013928	9
orthogroup_329	orthogroup_1588	8	12	0.58091286	422	0.58077994	0.00013292	9
orthogroup_329	orthogroup_1588	9	12	0.61592179	447	0.61559889	0.00032290	9
orthogroup_329	orthogroup_1588	10	12	0.64722222	470	0.64763231	0.00041009	9
orthogroup_329	orthogroup_1588	11	12	0.67777778	492	0.67827298	0.00049520	9
orthogroup_329	orthogroup_1588	12	12	0.71111111	516	0.71169916	0.00058805	9
orthogroup_33	orthogroup_777	1	3	0.23587005	25	0.23300971	0.00286034	8
orthogroup_33	orthogroup_777	2	3	0.52848331	55	0.52427184	0.00421146	8
orthogroup_33	orthogroup_777	3	3	0.78403280	82	0.78640777	0.00237497	8
orthogroup_331	orthogroup_409	1	5	0.16237113	34	0.16194819	0.00042294	8
orthogroup_331	orthogroup_409	2	5	0.35051546	71	0.35113713	0.00062167	8
orthogroup_331	orthogroup_409	3	5	0.54639175	109	0.54639175	0.00000000	8
orthogroup_331	orthogroup_409	4	5	0.67525773	134	0.67525773	0.00000000	8
orthogroup_331	orthogroup_409	5	5	0.86597938	174	0.86597938	0.00000000	8
orthogroup_334	orthogroup_868	1	10	0.00716846	11	0.00740741	0.00023895	9
orthogroup_334	orthogroup_868	2	10	0.11111111	67	0.11111111	0.00000000	9
orthogroup_334	orthogroup_868	3	10	0.23476703	134	0.23518519	0.00041816	9
orthogroup_334	orthogroup_868	4	10	0.30286738	172	0.30370370	0.00083632	9
orthogroup_334	orthogroup_868	5	10	0.45161290	255	0.45083488	0.00077802	9
orthogroup_334	orthogroup_868	6	10	0.50537634	284	0.50463822	0.00073813	9
orthogroup_334	orthogroup_868	7	10	0.58781362	329	0.58812616	0.00031254	9
orthogroup_334	orthogroup_868	8	10	0.74372760	415	0.74397032	0.00024272	9
orthogroup_334	orthogroup_868	9	10	0.86559140	485	0.86641929	0.00082790	9
orthogroup_334	orthogroup_868	10	10	0.94086022	508	0.90538033	0.03547988	9
orthogroup_335	orthogroup_1533	1	5	0.07174888	45	0.19196429	0.12021541	9
orthogroup_335	orthogroup_1533	2	5	0.25560538	59	0.25446429	0.00114110	9
orthogroup_335	orthogroup_1533	3	5	0.43049327	112	0.43220339	0.00171012	9
orthogroup_335	orthogroup_1533	4	5	0.68609865	169	0.68609865	0.00000000	9
orthogroup_335	orthogroup_1533	5	5	0.86995516	216	0.87053571	0.00058056	9
orthogroup_338	orthogroup_282	1	5	0.15555556	63	0.15613383	0.00057827	10
orthogroup_338	orthogroup_282	2	5	0.38888889	140	0.39033457	0.00144568	10
orthogroup_338	orthogroup_282	3	5	0.54074074	186	0.53903346	0.00170728	10
orthogroup_338	orthogroup_282	4	5	0.74444444	244	0.74349442	0.00095002	10
orthogroup_338	orthogroup_282	5	5	0.85185185	273	0.85130112	0.00055074	10
orthogroup_346	orthogroup_1277	1	5	0.02051282	5	0.02051282	0.00000000	9
orthogroup_346	orthogroup_1277	2	5	0.16923077	34	0.16923077	0.00000000	9
orthogroup_346	orthogroup_1277	3	5	0.37113402	73	0.36923077	0.00190325	9
orthogroup_346	orthogroup_1277	4	5	0.52307692	103	0.52307692	0.00000000	9
orthogroup_346	orthogroup_1277	5	5	0.74871795	147	0.74871795	0.00000000	9
orthogroup_352	orthogroup_459	1	3	0.10958904	18	0.10884354	0.00074550	10
orthogroup_352	orthogroup_459	2	3	0.47260274	80	0.46938776	0.00321498	10
orthogroup_352	orthogroup_459	3	3	0.66438356	109	0.66666667	0.00228311	10
orthogroup_354	orthogroup_1367	1	11	0.05582524	24	0.05596107	0.00013583	9
orthogroup_354	orthogroup_1367	2	11	0.12378641	52	0.12408759	0.00030118	9
orthogroup_354	orthogroup_1367	3	11	0.23844282	99	0.23844282	0.00000000	9
orthogroup_354	orthogroup_1367	4	11	0.31143552	130	0.31143552	0.00000000	9
orthogroup_354	orthogroup_1367	5	11	0.37712895	158	0.37712895	0.00000000	9
orthogroup_354	orthogroup_1367	6	11	0.47931873	200	0.48048780	0.00116907	9
orthogroup_354	orthogroup_1367	7	11	0.57843137	244	0.57804878	0.00038259	9
orthogroup_354	orthogroup_1367	8	11	0.69829684	293	0.69756098	0.00073586	9
orthogroup_354	orthogroup_1367	9	11	0.79805353	334	0.79756098	0.00049255	9
orthogroup_354	orthogroup_1367	10	11	0.84951456	355	0.84878049	0.00073408	9
orthogroup_354	orthogroup_1367	11	11	0.94403893	394	0.94390244	0.00013649	9
orthogroup_36	orthogroup_481	1	5	0.10754681	40	0.10763198	0.00008516	8
orthogroup_36	orthogroup_481	2	5	0.23394495	68	0.23320261	0.00074234	8
orthogroup_36	orthogroup_481	3	5	0.31651376	87	0.31841126	0.00189750	8
orthogroup_36	orthogroup_481	4	5	0.70642202	173	0.70520362	0.00121840	8
orthogroup_36	orthogroup_481	5	5	0.85779817	207	0.85939942	0.00160126	8
orthogroup_371	orthogroup_1507	1	4	0.10400000	14	0.10400000	0.00000000	9
orthogroup_371	orthogroup_1507	2	4	0.28000000	36	0.28000000	0.00000000	9
orthogroup_371	orthogroup_1507	3	4	0.59200000	75	0.59200000	0.00000000	9
orthogroup_371	orthogroup_1507	4	4	0.80800000	102	0.80800000	0.00000000	9
orthogroup_378	orthogroup_599	1	12	0.06189975	46	0.06222222	0.00032247	8
orthogroup_378	orthogroup_599	2	12	0.11739608	71	0.11777778	0.00038170	8
orthogroup_378	orthogroup_599	3	12	0.22222222	118	0.22173058	0.00049164	8
orthogroup_378	orthogroup_599	4	12	0.28815401	162	0.28888889	0.00073488	8
orthogroup_378	orthogroup_599	5	12	0.34151586	186	0.34222222	0.00070636	8
orthogroup_378	orthogroup_599	6	12	0.45522368	237	0.45543735	0.00021368	8
orthogroup_378	orthogroup_599	7	12	0.53575301	278	0.53479905	0.00095396	8
orthogroup_378	orthogroup_599	8	12	0.62793235	321	0.62833089	0.00039853	8
orthogroup_378	orthogroup_599	9	12	0.73425911	370	0.73452766	0.00026855	8
orthogroup_378	orthogroup_599	10	12	0.78975544	395	0.78983847	0.00008304	8
orthogroup_378	orthogroup_599	11	12	0.88367230	438	0.88414566	0.00047336	8
orthogroup_378	orthogroup_599	12	12	0.93916863	464	0.93956469	0.00039606	8
orthogroup_385	orthogroup_1109	1	10	0.04244701	41	0.04303797	0.00059097	8
orthogroup_385	orthogroup_1109	2	10	0.20646894	106	0.20759494	0.00112600	8
orthogroup_385	orthogroup_1109	3	10	0.28642635	137	0.28607595	0.00035040	8
orthogroup_385	orthogroup_1109	4	10	0.36704177	169	0.36708861	0.00004684	8
orthogroup_385	orthogroup_1109	5	10	0.48938903	217	0.48860759	0.00078143	8
orthogroup_385	orthogroup_1109	6	10	0.54931421	241	0.54936709	0.00005287	8
orthogroup_385	orthogroup_1109	7	10	0.64793953	280	0.64810127	0.00016174	8
orthogroup_385	orthogroup_1109	8	10	0.72659289	311	0.72658228	0.00001061	8
orthogroup_385	orthogroup_1109	9	10	0.80649314	355	0.80759494	0.00110179	8
orthogroup_385	orthogroup_1109	10	10	0.90636845	394	0.90632911	0.00003934	8
orthogroup_390	orthogroup_328	1	10	0.00751880	4	0.00759494	0.00007614	9
orthogroup_390	orthogroup_328	2	10	0.08020050	33	0.08101266	0.00081216	9
orthogroup_390	orthogroup_328	3	10	0.24561404	98	0.24556962	0.00004441	9
orthogroup_390	orthogroup_328	4	10	0.42385787	168	0.42278481	0.00107306	9
orthogroup_390	orthogroup_328	5	10	0.48607595	193	0.48607595	0.00000000	9
orthogroup_390	orthogroup_328	6	10	0.59649123	237	0.59746835	0.00097713	9
orthogroup_390	orthogroup_328	7	10	0.62436548	248	0.62531646	0.00095097	9
orthogroup_390	orthogroup_328	8	10	0.85279188	338	0.85316456	0.00037268	9
orthogroup_390	orthogroup_328	9	10	0.88071066	349	0.88101266	0.00030200	9
orthogroup_390	orthogroup_328	10	10	0.95177665	377	0.95189873	0.00012208	9
orthogroup_408	orthogroup_798	1	10	0.02341920	13	0.02242152	0.00099768	9
orthogroup_408	orthogroup_798	2	10	0.09133489	44	0.09192825	0.00059336	9
orthogroup_408	orthogroup_798	3	10	0.17096019	79	0.17040359	0.00055660	9
orthogroup_408	orthogroup_798	4	10	0.34894614	163	0.34977578	0.00082965	9
orthogroup_408	orthogroup_798	5	10	0.43091335	199	0.43049327	0.00042008	9
orthogroup_408	orthogroup_798	6	10	0.50351288	232	0.50448430	0.00097142	9
orthogroup_408	orthogroup_798	7	10	0.71428571	338	0.71524664	0.00096092	9
orthogroup_408	orthogroup_798	8	10	0.76814988	362	0.76905830	0.00090841	9
orthogroup_408	orthogroup_798	9	10	0.81264637	386	0.81838565	0.00573928	9
orthogroup_408	orthogroup_798	10	10	0.85245902	409	0.85201794	0.00044108	9
orthogroup_415	orthogroup_120	1	9	0.07612457	35	0.07638889	0.00026432	9
orthogroup_415	orthogroup_120	2	9	0.15625000	58	0.15625000	0.00000000	9
orthogroup_415	orthogroup_120	3	9	0.33564014	110	0.33680556	0.00116542	9
orthogroup_415	orthogroup_120	4	9	0.40138408	129	0.40277778	0.00139369	9
orthogroup_415	orthogroup_120	5	9	0.49480969	156	0.49652778	0.00171809	9
orthogroup_415	orthogroup_120	6	9	0.58131488	180	0.57986111	0.00145377	9
orthogroup_415	orthogroup_120	7	9	0.73498233	225	0.73611111	0.00112878	9
orthogroup_415	orthogroup_120	8	9	0.81944444	249	0.81944444	0.00000000	9
orthogroup_415	orthogroup_120	9	9	0.92708333	280	0.92708333	0.00000000	9
orthogroup_419	orthogroup_1288	1	6	0.00487805	42	0.10000000	0.09512195	8
orthogroup_419	orthogroup_1288	2	6	0.18536585	60	0.18571429	0.00034843	8
orthogroup_419	orthogroup_1288	3	6	0.33658537	92	0.33809524	0.00150987	8
orthogroup_419	orthogroup_1288	4	6	0.61951220	151	0.61904762	0.00046458	8
orthogroup_419	orthogroup_1288	5	6	0.72682927	174	0.72857143	0.00174216	8
orthogroup_419	orthogroup_1288	6	6	0.90243902	211	0.90476190	0.00232288	8
orthogroup_420	orthogroup_529	1	6	0.02671756	16	0.02755906	0.00084150	8
orthogroup_420	orthogroup_529	2	6	0.24809160	72	0.24803150	0.00006011	8
orthogroup_420	orthogroup_529	3	6	0.37786260	105	0.37795276	0.00009016	8
orthogroup_420	orthogroup_529	4	6	0.47709924	137	0.47637795	0.00072128	8
orthogroup_420	orthogroup_529	5	6	0.69465649	192	0.69291339	0.00174310	8
orthogroup_420	orthogroup_529	6	6	0.85114504	233	0.85265555	0.00151051	8
orthogroup_429	orthogroup_395	1	12	0.02035623	9	0.02077922	0.00042299	8
orthogroup_429	orthogroup_395	2	12	0.11195929	44	0.11168831	0.00027098	8
orthogroup_429	orthogroup_395	3	12	0.18575064	73	0.18701299	0.00126235	8
orthogroup_429	orthogroup_395	4	12	0.24681934	96	0.24675325	0.00006609	8
orthogroup_429	orthogroup_395	5	12	0.34351145	133	0.34285714	0.00065431	8
orthogroup_429	orthogroup_395	6	12	0.40712468	158	0.40779221	0.00066753	8
orthogroup_429	orthogroup_395	7	12	0.52671756	204	0.52727273	0.00055517	8
orthogroup_429	orthogroup_395	8	12	0.61577608	238	0.61558442	0.00019167	8
orthogroup_429	orthogroup_395	9	12	0.69211196	267	0.69090909	0.00120287	8
orthogroup_429	orthogroup_395	10	12	0.75826972	293	0.75844156	0.00017184	8
orthogroup_429	orthogroup_395	11	12	0.84732824	327	0.84675325	0.00057500	8
orthogroup_429	orthogroup_395	12	12	0.92111959	356	0.92207792	0.00095833	8
orthogroup_454	orthogroup_149	1	6	0.01140065	105	0.16855754	0.15715689	9
orthogroup_454	orthogroup_149	2	6	0.73127036	503	0.73127036	0.00000000	9
orthogroup_454	orthogroup_149	3	6	0.77687296	531	0.77687296	0.00000000	9
orthogroup_454	orthogroup_149	4	6	0.81921824	557	0.81921824	0.00000000	9
orthogroup_454	orthogroup_149	5	6	0.89739414	605	0.89739414	0.00000000	9
orthogroup_454	orthogroup_149	6	6	0.93648208	629	0.93648208	0.00000000	9
orthogroup_46	orthogroup_1161	1	6	0.07392996	42	0.07392996	0.00000000	10
orthogroup_46	orthogroup_1161	2	6	0.29182879	98	0.29182879	0.00000000	10
orthogroup_46	orthogroup_1161	3	6	0.42412451	139	0.42412451	0.00000000	10
orthogroup_46	orthogroup_1161	4	6	0.61867704	189	0.61867704	0.00000000	10
orthogroup_46	orthogroup_1161	5	6	0.74274918	225	0.74319066	0.00044148	10
orthogroup_46	orthogroup_1161	6	6	0.81942057	245	0.82101167	0.00159111	10
orthogroup_471	orthogroup_1469	1	6	0.05454545	13	0.05429864	0.00024681	9
orthogroup_471	orthogroup_1469	2	6	0.19545455	44	0.19457014	0.00088441	9
orthogroup_471	orthogroup_1469	3	6	0.31818182	71	0.31674208	0.00143974	9
orthogroup_471	orthogroup_1469	4	6	0.50000000	111	0.49773756	0.00226244	9
orthogroup_471	orthogroup_1469	5	6	0.65000000	145	0.65158371	0.00158371	9
orthogroup_471	orthogroup_1469	6	6	0.79372197	176	0.79185520	0.00186677	9
orthogroup_480	orthogroup_1369	1	6	0.03899721	15	0.03888889	0.00010833	9
orthogroup_480	orthogroup_1369	2	6	0.17548747	78	0.17441860	0.00106886	9
orthogroup_480	orthogroup_1369	3	6	0.28690808	140	0.28611111	0.00079697	9
orthogroup_480	orthogroup_1369	4	6	0.77437326	317	0.77500000	0.00062674	9
orthogroup_480	orthogroup_1369	5	6	0.87465181	354	0.87500000	0.00034819	9
orthogroup_480	orthogroup_1369	6	6	0.93593315	376	0.93540052	0.00053263	9
orthogroup_484	orthogroup_1045	1	6	0.11904762	32	0.11904762	0.00000000	9
orthogroup_484	orthogroup_1045	2	6	0.28174603	73	0.28174603	0.00000000	9
orthogroup_484	orthogroup_1045	3	6	0.56349206	144	0.56349206	0.00000000	9
orthogroup_484	orthogroup_1045	4	6	0.63888889	163	0.63888889	0.00000000	9
orthogroup_484	orthogroup_1045	5	6	0.83730159	213	0.83730159	0.00000000	9
orthogroup_484	orthogroup_1045	6	6	0.88492063	225	0.88492063	0.00000000	9
orthogroup_489	orthogroup_1296	1	6	0.04977376	12	0.04977376	0.00000000	9
orthogroup_489	orthogroup_1296	2	6	0.20000000	45	0.19909502	0.00090498	9
orthogroup_489	orthogroup_1296	3	6	0.33181818	74	0.33031674	0.00150144	9
orthogroup_489	orthogroup_1296	4	6	0.54545455	122	0.54751131	0.00205677	9
orthogroup_489	orthogroup_1296	5	6	0.70000000	156	0.70135747	0.00135747	9
orthogroup_489	orthogroup_1296	6	6	0.86818182	193	0.86877828	0.00059646	9
orthogroup_49	orthogroup_1174	1	4	0.13333333	26	0.18248175	0.04914842	9
orthogroup_49	orthogroup_1174	2	4	0.41481481	58	0.41605839	0.00124358	9
orthogroup_49	orthogroup_1174	3	4	0.62962963	87	0.62773723	0.00189240	9
orthogroup_49	orthogroup_1174	4	4	0.80000000	111	0.80291971	0.00291971	9
orthogroup_515	orthogroup_1646	1	3	0.28099174	36	0.28099174	0.00000000	9
orthogroup_515	orthogroup_1646	2	3	0.43801653	55	0.43801653	0.00000000	9
orthogroup_515	orthogroup_1646	3	3	0.84297521	104	0.84297521	0.00000000	9
orthogroup_526	orthogroup_1026	1	6	0.07453416	25	0.07453416	0.00000000	9
orthogroup_526	orthogroup_1026	2	6	0.44099379	143	0.44099379	0.00000000	9
orthogroup_526	orthogroup_1026	3	6	0.52484472	170	0.52484472	0.00000000	9
orthogroup_526	orthogroup_1026	4	6	0.60869565	198	0.61180124	0.00310559	9
orthogroup_526	orthogroup_1026	5	6	0.76708075	248	0.76708075	0.00000000	9
orthogroup_526	orthogroup_1026	6	6	0.84161491	272	0.84161491	0.00000000	9
orthogroup_531	orthogroup_690	1	14	0.01372549	28	0.04687500	0.03314951	9
orthogroup_531	orthogroup_690	2	14	0.04901961	29	0.04882812	0.00019148	9
orthogroup_531	orthogroup_690	3	14	0.17647059	94	0.17578125	0.00068934	9
orthogroup_531	orthogroup_690	4	14	0.25294118	134	0.25390625	0.00096507	9
orthogroup_531	orthogroup_690	5	14	0.30784314	162	0.30859375	0.00075061	9
orthogroup_531	orthogroup_690	6	14	0.36470588	191	0.36523438	0.00052849	9
orthogroup_531	orthogroup_690	7	14	0.45686275	238	0.45703125	0.00016850	9
orthogroup_531	orthogroup_690	8	14	0.51568627	268	0.51562500	0.00006127	9
orthogroup_531	orthogroup_690	9	14	0.61372549	318	0.61328125	0.00044424	9
orthogroup_531	orthogroup_690	10	14	0.68235294	353	0.68164062	0.00071232	9
orthogroup_531	orthogroup_690	11	14	0.74901961	387	0.74804688	0.00097273	9
orthogroup_531	orthogroup_690	12	14	0.79803922	413	0.79882812	0.00078891	9
orthogroup_531	orthogroup_690	13	14	0.86274510	446	0.86328125	0.00053615	9
orthogroup_531	orthogroup_690	14	14	0.93529412	483	0.93554688	0.00025276	9
orthogroup_534	orthogroup_559	1	5	0.11224490	32	0.11020408	0.00204082	10
orthogroup_534	orthogroup_559	2	5	0.24081633	64	0.24081633	0.00000000	10
orthogroup_534	orthogroup_559	3	5	0.44897959	118	0.44897959	0.00000000	10
orthogroup_534	orthogroup_559	4	5	0.68163265	176	0.68163265	0.00000000	10
orthogroup_534	orthogroup_559	5	5	0.85306122	218	0.85306122	0.00000000	10
orthogroup_540	orthogroup_505	1	6	0.12676056	37	0.12720848	0.00044792	9
orthogroup_540	orthogroup_505	2	6	0.23943662	69	0.24028269	0.00084607	9
orthogroup_540	orthogroup_505	3	6	0.40845070	117	0.40989399	0.00144329	9
orthogroup_540	orthogroup_505	4	6	0.57746479	164	0.57597173	0.00149306	9
orthogroup_540	orthogroup_505	5	6	0.67253521	192	0.67137809	0.00115712	9
orthogroup_540	orthogroup_505	6	6	0.91197183	260	0.91166078	0.00031105	9
orthogroup_547	orthogroup_1054	1	6	0.12292359	39	0.12292359	0.00000000	10
orthogroup_547	orthogroup_1054	2	6	0.33222591	102	0.33222591	0.00000000	10
orthogroup_547	orthogroup_1054	3	6	0.44850498	139	0.44850498	0.00000000	10
orthogroup_547	orthogroup_1054	4	6	0.54152824	167	0.54152824	0.00000000	10
orthogroup_547	orthogroup_1054	5	6	0.72093023	224	0.72093023	0.00000000	10
orthogroup_547	orthogroup_1054	6	6	0.89368771	277	0.89368771	0.00000000	10
orthogroup_548	orthogroup_319	1	6	0.01185771	4	0.01185771	0.00000000	9
orthogroup_548	orthogroup_319	2	6	0.21343874	55	0.21343874	0.00000000	9
orthogroup_548	orthogroup_319	3	6	0.28853755	74	0.28853755	0.00000000	9
orthogroup_548	orthogroup_319	4	6	0.63636364	162	0.63636364	0.00000000	9
orthogroup_548	orthogroup_319	5	6	0.71936759	183	0.71936759	0.00000000	9
orthogroup_548	orthogroup_319	6	6	0.82213439	209	0.82213439	0.00000000	9
orthogroup_551	orthogroup_1138	1	4	0.07407407	35	0.07407407	0.00000000	9
orthogroup_551	orthogroup_1138	2	4	0.32407407	62	0.32407407	0.00000000	9
orthogroup_551	orthogroup_1138	3	4	0.57407407	89	0.57407407	0.00000000	9
orthogroup_551	orthogroup_1138	4	4	0.85185185	119	0.85185185	0.00000000	9
orthogroup_554	orthogroup_182	1	8	0.16197183	71	0.16197183	0.00000000	9
orthogroup_554	orthogroup_182	2	8	0.27230047	118	0.27230047	0.00000000	9
orthogroup_554	orthogroup_182	3	8	0.37793427	163	0.37793427	0.00000000	9
orthogroup_554	orthogroup_182	4	8	0.44131455	190	0.44131455	0.00000000	9
orthogroup_554	orthogroup_182	5	8	0.62441315	268	0.62441315	0.00000000	9
orthogroup_554	orthogroup_182	6	8	0.72769953	312	0.72769953	0.00000000	9
orthogroup_554	orthogroup_182	7	8	0.83777240	359	0.83802817	0.00025577	9
orthogroup_554	orthogroup_182	8	8	0.91549296	392	0.91549296	0.00000000	9
orthogroup_596	orthogroup_1116	1	4	0.00687285	3	0.00682594	0.00004691	9
orthogroup_596	orthogroup_1116	2	4	0.11643836	35	0.11604096	0.00039740	9
orthogroup_596	orthogroup_1116	3	4	0.52397260	155	0.52559727	0.00162467	9
orthogroup_596	orthogroup_1116	4	4	0.66095890	195	0.66211604	0.00115714	9
orthogroup_598	orthogroup_1371	1	9	0.04597701	17	0.04597701	0.00000000	9
orthogroup_598	orthogroup_1371	2	9	0.12931034	46	0.12931034	0.00000000	9
orthogroup_598	orthogroup_1371	3	9	0.22701149	80	0.22701149	0.00000000	9
orthogroup_598	orthogroup_1371	4	9	0.29597701	104	0.29597701	0.00000000	9
orthogroup_598	orthogroup_1371	5	9	0.46551724	163	0.46551724	0.00000000	9
orthogroup_598	orthogroup_1371	6	9	0.64655172	227	0.64655172	0.00000000	9
orthogroup_598	orthogroup_1371	7	9	0.75574713	265	0.75574713	0.00000000	9
orthogroup_598	orthogroup_1371	8	9	0.82471264	289	0.82471264	0.00000000	9
orthogroup_598	orthogroup_1371	9	9	0.92241379	323	0.92241379	0.00000000	9
orthogroup_6	orthogroup_1602	1	3	0.16666667	20	0.16666667	0.00000000	9
orthogroup_6	orthogroup_1602	2	3	0.40740741	46	0.40740741	0.00000000	9
orthogroup_6	orthogroup_1602	3	3	0.72222222	81	0.72222222	0.00000000	9
orthogroup_609	orthogroup_1581	1	7	0.02325581	31	0.14705882	0.12380301	9
orthogroup_609	orthogroup_1581	2	7	0.26237624	55	0.26470588	0.00232964	9
orthogroup_609	orthogroup_1581	3	7	0.39705882	82	0.39705882	0.00000000	9
orthogroup_609	orthogroup_1581	4	7	0.52450980	108	0.52450980	0.00000000	9
orthogroup_609	orthogroup_1581	5	7	0.58333333	120	0.58333333	0.00000000	9
orthogroup_609	orthogroup_1581	6	7	0.69117647	142	0.69117647	0.00000000	9
orthogroup_609	orthogroup_1581	7	7	0.79702970	164	0.79901961	0.00198990	9
orthogroup_610	orthogroup_1475	1	5	0.10762332	26	0.10958904	0.00196572	9
orthogroup_610	orthogroup_1475	2	5	0.23287671	53	0.23287671	0.00000000	9
orthogroup_610	orthogroup_1475	3	5	0.31506849	71	0.31506849	0.00000000	9
orthogroup_610	orthogroup_1475	4	5	0.70319635	156	0.70319635	0.00000000	9
orthogroup_610	orthogroup_1475	5	5	0.85388128	189	0.85388128	0.00000000	9
orthogroup_618	orthogroup_1269	1	4	0.20227920	72	0.20343840	0.00115919	9
orthogroup_618	orthogroup_1269	2	4	0.62285714	218	0.62177650	0.00108064	9
orthogroup_618	orthogroup_1269	3	4	0.78347578	274	0.78223496	0.00124083	9
orthogroup_618	orthogroup_1269	4	4	0.91714286	320	0.91404011	0.00310274	9
orthogroup_626	orthogroup_918	1	9	0.06514658	22	0.06430868	0.00083790	9
orthogroup_626	orthogroup_918	2	9	0.14098361	46	0.14147910	0.00049549	9
orthogroup_626	orthogroup_918	3	9	0.31596091	100	0.31511254	0.00084837	9
orthogroup_626	orthogroup_918	4	9	0.40065147	127	0.40192926	0.00127779	9
orthogroup_626	orthogroup_918	5	9	0.49511401	160	0.49517685	0.00006284	9
orthogroup_626	orthogroup_918	6	9	0.59016393	190	0.59163987	0.00147594	9
orthogroup_626	orthogroup_918	7	9	0.74025974	238	0.73954984	0.00070990	9
orthogroup_626	orthogroup_918	8	9	0.81818182	272	0.81730769	0.00087413	9
orthogroup_626	orthogroup_918	9	9	0.93159609	308	0.93269231	0.00109622	9
orthogroup_627	orthogroup_224	1	4	0.08474576	11	0.08474576	0.00000000	9
orthogroup_627	orthogroup_224	2	4	0.28813559	35	0.28813559	0.00000000	9
orthogroup_627	orthogroup_224	3	4	0.51694915	62	0.51694915	0.00000000	9
orthogroup_627	orthogroup_224	4	4	0.77966102	93	0.77966102	0.00000000	9
orthogroup_65	orthogroup_1258	1	4	0.01610429	22	0.01622875	0.00012445	9
orthogroup_65	orthogroup_1258	2	4	0.05598160	73	0.05564142	0.00034017	9
orthogroup_65	orthogroup_1258	3	4	0.08512270	111	0.08500773	0.00011497	9
orthogroup_65	orthogroup_1258	4	4	0.12269939	160	0.12287481	0.00017542	9
orthogroup_663	orthogroup_1447	1	11	0.05841121	26	0.05854801	0.00013679	9
orthogroup_663	orthogroup_1447	2	11	0.11682243	51	0.11709602	0.00027359	9
orthogroup_663	orthogroup_1447	3	11	0.23130841	100	0.23185012	0.00054171	9
orthogroup_663	orthogroup_1447	4	11	0.32476636	141	0.32552693	0.00076058	9
orthogroup_663	orthogroup_1447	5	11	0.37383178	162	0.37470726	0.00087548	9
orthogroup_663	orthogroup_1447	6	11	0.48364486	209	0.48477752	0.00113266	9
orthogroup_663	orthogroup_1447	7	11	0.58411215	251	0.58313817	0.00097398	9
orthogroup_663	orthogroup_1447	8	11	0.70093458	301	0.70023419	0.00070039	9
orthogroup_663	orthogroup_1447	9	11	0.81775701	351	0.81733021	0.00042680	9
orthogroup_663	orthogroup_1447	10	11	0.87149533	374	0.87119438	0.00030095	9
orthogroup_663	orthogroup_1447	11	11	0.94859813	407	0.94847775	0.00012038	9
orthogroup_684	orthogroup_1385	1	12	0.04713115	24	0.04693878	0.00019237	9
orthogroup_684	orthogroup_1385	2	12	0.10450820	52	0.10408163	0.00042656	9
orthogroup_684	orthogroup_1385	3	12	0.20696721	102	0.20612245	0.00084476	9
orthogroup_684	orthogroup_1385	4	12	0.26844262	133	0.26938776	0.00094513	9
orthogroup_684	orthogroup_1385	5	12	0.31967213	158	0.32040816	0.00073603	9
orthogroup_684	orthogroup_1385	6	12	0.41598361	205	0.41632653	0.00034292	9
orthogroup_684	orthogroup_1385	7	12	0.50000000	246	0.50000000	0.00000000	9
orthogroup_684	orthogroup_1385	8	12	0.61270492	301	0.61224490	0.00046002	9
orthogroup_684	orthogroup_1385	9	12	0.71106557	349	0.71020408	0.00086149	9
orthogroup_684	orthogroup_1385	10	12	0.75819672	373	0.75918367	0.00098695	9
orthogroup_684	orthogroup_1385	11	12	0.85655738	421	0.85714286	0.00058548	9
orthogroup_684	orthogroup_1385	12	12	0.92008197	453	0.92040816	0.00032620	9
orthogroup_687	orthogroup_1547	1	8	0.05223881	15	0.05223881	0.00000000	9
orthogroup_687	orthogroup_1547	2	8	0.31343284	86	0.31343284	0.00000000	9
orthogroup_687	orthogroup_1547	3	8	0.39925373	109	0.39925373	0.00000000	9
orthogroup_687	orthogroup_1547	4	8	0.53358209	145	0.53358209	0.00000000	9
orthogroup_687	orthogroup_1547	5	8	0.58426966	159	0.58582090	0.00155123	9
orthogroup_687	orthogroup_1547	6	8	0.68283582	185	0.68283582	0.00000000	9
orthogroup_687	orthogroup_1547	7	8	0.77985075	211	0.77985075	0.00000000	9
orthogroup_687	orthogroup_1547	8	8	0.89179104	241	0.89179104	0.00000000	9
orthogroup_7	orthogroup_1123	1	12	0.00954198	11	0.00938086	0.00016112	9
orthogroup_7	orthogroup_1123	2	12	0.32729008	350	0.32739212	0.00010204	9
orthogroup_7	orthogroup_1123	3	12	0.34828244	372	0.34803002	0.00025242	9
orthogroup_7	orthogroup_1123	4	12	0.37881679	405	0.37898687	0.00017007	9
orthogroup_7	orthogroup_1123	5	12	0.42175573	451	0.42213884	0.00038311	9
orthogroup_7	orthogroup_1123	6	12	0.44942748	480	0.44948064	0.00005316	9
orthogroup_7	orthogroup_1123	7	12	0.51480420	550	0.51463645	0.00016775	9
orthogroup_7	orthogroup_1123	8	12	0.83476600	998	0.82908404	0.00568196	9
orthogroup_7	orthogroup_1123	9	12	0.85673352	1081	0.85647280	0.00026073	9
orthogroup_7	orthogroup_1123	10	12	0.88538682	1112	0.88555347	0.00016665	9
orthogroup_7	orthogroup_1123	11	12	0.93027698	1209	0.92682927	0.00344771	9
orthogroup_7	orthogroup_1123	12	12	0.95797517	1258	0.95590994	0.00206522	9
orthogroup_703	orthogroup_1634	1	13	0.01241135	8	0.01263538	0.00022403	9
orthogroup_703	orthogroup_1634	2	13	0.05745063	33	0.05776173	0.00031110	9
orthogroup_703	orthogroup_1634	3	13	0.10460993	59	0.10469314	0.00008321	9
orthogroup_703	orthogroup_1634	4	13	0.15798923	89	0.15884477	0.00085554	9
orthogroup_703	orthogroup_1634	5	13	0.20466786	114	0.20397112	0.00069674	9
orthogroup_703	orthogroup_1634	6	13	0.26929982	150	0.26895307	0.00034675	9
orthogroup_703	orthogroup_1634	7	13	0.33752244	188	0.33754513	0.00002268	9
orthogroup_703	orthogroup_1634	8	13	0.40394973	225	0.40433213	0.00038240	9
orthogroup_703	orthogroup_1634	9	13	0.44344704	247	0.44404332	0.00059628	9
orthogroup_703	orthogroup_1634	10	13	0.49910233	278	0.50000000	0.00089767	9
orthogroup_703	orthogroup_1634	11	13	0.54398564	302	0.54332130	0.00066434	9
orthogroup_703	orthogroup_1634	12	13	0.60323160	335	0.60288809	0.00034351	9
orthogroup_703	orthogroup_1634	13	13	0.65529623	364	0.65523466	0.00006157	9
orthogroup_719	orthogroup_299	1	12	0.04030227	17	0.04030227	0.00000000	9
orthogroup_719	orthogroup_299	2	12	0.13098237	53	0.13098237	0.00000000	9
orthogroup_719	orthogroup_299	3	12	0.20151134	81	0.20151134	0.00000000	9
orthogroup_719	orthogroup_299	4	12	0.25944584	104	0.25944584	0.00000000	9
orthogroup_719	orthogroup_299	5	12	0.34760705	139	0.34760705	0.00000000	9
orthogroup_719	orthogroup_299	6	12	0.41309824	165	0.41309824	0.00000000	9
orthogroup_719	orthogroup_299	7	12	0.55163728	220	0.55163728	0.00000000	9
orthogroup_719	orthogroup_299	8	12	0.64483627	257	0.64483627	0.00000000	9
orthogroup_719	orthogroup_299	9	12	0.71464646	285	0.71536524	0.00071877	9
orthogroup_719	orthogroup_299	10	12	0.77020202	307	0.77078086	0.00057884	9
orthogroup_719	orthogroup_299	11	12	0.86901763	346	0.86901763	0.00000000	9
orthogroup_719	orthogroup_299	12	12	0.93924051	374	0.93954660	0.00030609	9
orthogroup_72	orthogroup_1611	1	9	0.02641509	21	0.02651515	0.00010006	8
orthogroup_72	orthogroup_1611	2	9	0.08301887	36	0.08333333	0.00031447	8
orthogroup_72	orthogroup_1611	3	9	0.18113208	62	0.18181818	0.00068611	8
orthogroup_72	orthogroup_1611	4	9	0.27924528	88	0.28030303	0.00105775	8
orthogroup_72	orthogroup_1611	5	9	0.38113208	115	0.38257576	0.00144368	8
orthogroup_72	orthogroup_1611	6	9	0.53962264	156	0.53787879	0.00174385	8
orthogroup_72	orthogroup_1611	7	9	0.67924528	193	0.67803030	0.00121498	8
orthogroup_72	orthogroup_1611	8	9	0.76981132	217	0.76893939	0.00087193	8
orthogroup_72	orthogroup_1611	9	9	0.84150943	236	0.84090909	0.00060034	8
orthogroup_741	orthogroup_1378	1	3	0.00896861	5	0.00892857	0.00004004	9
orthogroup_741	orthogroup_1378	2	3	0.13452915	61	0.13392857	0.00060058	9
orthogroup_741	orthogroup_1378	3	3	0.22197309	100	0.22098214	0.00099095	9
orthogroup_755	orthogroup_1119	1	8	0.01761252	10	0.01757812	0.00003440	9
orthogroup_755	orthogroup_1119	2	8	0.06457926	34	0.06445312	0.00012613	9
orthogroup_755	orthogroup_1119	3	8	0.10176125	53	0.10156250	0.00019875	9
orthogroup_755	orthogroup_1119	4	8	0.16829746	87	0.16796875	0.00032871	9
orthogroup_755	orthogroup_1119	5	8	0.23483366	121	0.23437500	0.00045866	9
orthogroup_755	orthogroup_1119	6	8	0.32876712	169	0.32812500	0.00064212	9
orthogroup_755	orthogroup_1119	7	8	0.37377691	193	0.37304688	0.00073003	9
orthogroup_755	orthogroup_1119	8	8	0.95303327	497	0.95312500	0.00009173	9
orthogroup_758	orthogroup_917	1	12	0.04400978	19	0.04306220	0.00094758	8
orthogroup_758	orthogroup_917	2	12	0.12958435	55	0.12918660	0.00039775	8
orthogroup_758	orthogroup_917	3	12	0.19804401	84	0.19856459	0.00052058	8
orthogroup_758	orthogroup_917	4	12	0.25916870	109	0.25837321	0.00079550	8
orthogroup_758	orthogroup_917	5	12	0.34963325	147	0.34928230	0.00035096	8
orthogroup_758	orthogroup_917	6	12	0.40831296	172	0.40909091	0.00077795	8
orthogroup_758	orthogroup_917	7	12	0.53545232	225	0.53588517	0.00043284	8
orthogroup_758	orthogroup_917	8	12	0.61858191	260	0.61961722	0.00103532	8
orthogroup_758	orthogroup_917	9	12	0.69682152	292	0.69617225	0.00064927	8
orthogroup_758	orthogroup_917	10	12	0.76283619	320	0.76315789	0.00032171	8
orthogroup_758	orthogroup_917	11	12	0.84596577	355	0.84688995	0.00092418	8
orthogroup_758	orthogroup_917	12	12	0.92176039	386	0.92105263	0.00070776	8
orthogroup_759	orthogroup_652	1	10	0.01342282	5	0.01342282	0.00000000	9
orthogroup_759	orthogroup_652	2	10	0.09060403	28	0.09060403	0.00000000	9
orthogroup_759	orthogroup_652	3	10	0.20134228	61	0.20134228	0.00000000	9
orthogroup_759	orthogroup_652	4	10	0.34563758	104	0.34563758	0.00000000	9
orthogroup_759	orthogroup_652	5	10	0.44966443	135	0.44966443	0.00000000	9
orthogroup_759	orthogroup_652	6	10	0.55704698	167	0.55704698	0.00000000	9
orthogroup_759	orthogroup_652	7	10	0.65436242	196	0.65436242	0.00000000	9
orthogroup_759	orthogroup_652	8	10	0.73825503	221	0.73825503	0.00000000	9
orthogroup_759	orthogroup_652	9	10	0.78187919	234	0.78187919	0.00000000	9
orthogroup_759	orthogroup_652	10	10	0.92281879	276	0.92281879	0.00000000	9
orthogroup_76	orthogroup_993	1	6	0.06038088	22	0.06122449	0.00084361	8
orthogroup_76	orthogroup_993	2	6	0.42058824	145	0.41982507	0.00076316	8
orthogroup_76	orthogroup_993	3	6	0.52352941	181	0.52478134	0.00125193	8
orthogroup_76	orthogroup_993	4	6	0.59411765	205	0.59475219	0.00063454	8
orthogroup_76	orthogroup_993	5	6	0.75294118	259	0.75218659	0.00075459	8
orthogroup_76	orthogroup_993	6	6	0.90294118	317	0.90379009	0.00084891	8
orthogroup_767	orthogroup_1425	1	9	0.01495294	10	0.01525054	0.00029760	10
orthogroup_767	orthogroup_1425	2	9	0.06941432	35	0.06971678	0.00030246	10
orthogroup_767	orthogroup_1425	3	9	0.12229260	61	0.12418301	0.00189040	10
orthogroup_767	orthogroup_1425	4	9	0.18438178	90	0.18518519	0.00080341	10
orthogroup_767	orthogroup_1425	5	9	0.26898048	129	0.26797386	0.00100662	10
orthogroup_767	orthogroup_1425	6	9	0.34956639	166	0.34858388	0.00098252	10
orthogroup_767	orthogroup_1425	7	9	0.40672451	193	0.40740741	0.00068290	10
orthogroup_767	orthogroup_1425	8	9	0.46428555	219	0.46405229	0.00023326	10
orthogroup_767	orthogroup_1425	9	9	0.52277657	246	0.52287582	0.00009924	10
orthogroup_768	orthogroup_571	1	14	0.04208417	30	0.04225352	0.00016935	9
orthogroup_768	orthogroup_571	2	14	0.11823647	68	0.11871227	0.00047580	9
orthogroup_768	orthogroup_571	3	14	0.17835671	98	0.17907445	0.00071773	9
orthogroup_768	orthogroup_571	4	14	0.22244489	120	0.22334004	0.00089515	9
orthogroup_768	orthogroup_571	5	14	0.30661323	161	0.30583501	0.00077822	9
orthogroup_768	orthogroup_571	6	14	0.35671343	186	0.35613682	0.00057661	9
orthogroup_768	orthogroup_571	7	14	0.43887776	227	0.43863179	0.00024596	9
orthogroup_768	orthogroup_571	8	14	0.49298597	254	0.49295775	0.00002823	9
orthogroup_768	orthogroup_571	9	14	0.54890220	282	0.54929577	0.00039358	9
orthogroup_768	orthogroup_571	10	14	0.64071856	327	0.63983903	0.00087953	9
orthogroup_768	orthogroup_571	11	14	0.70459082	359	0.70422535	0.00036547	9
orthogroup_768	orthogroup_571	12	14	0.75648703	385	0.75653924	0.00005221	9
orthogroup_768	orthogroup_571	13	14	0.82834331	421	0.82897384	0.00063053	9
orthogroup_768	orthogroup_571	14	14	0.91983968	471	0.91951710	0.00032258	9
orthogroup_772	orthogroup_982	1	8	0.00483092	10	0.04347826	0.03864734	9
orthogroup_772	orthogroup_982	2	8	0.13043478	28	0.13043478	0.00000000	9
orthogroup_772	orthogroup_982	3	8	0.25120773	53	0.25120773	0.00000000	9
orthogroup_772	orthogroup_982	4	8	0.36231884	76	0.36231884	0.00000000	9
orthogroup_772	orthogroup_982	5	8	0.49519231	104	0.49758454	0.00239223	9
orthogroup_772	orthogroup_982	6	8	0.62318841	130	0.62318841	0.00000000	9
orthogroup_772	orthogroup_982	7	8	0.75845411	158	0.75845411	0.00000000	9
orthogroup_772	orthogroup_982	8	8	0.89371981	186	0.89371981	0.00000000	9
orthogroup_784	orthogroup_818	1	10	0.01244813	7	0.01250000	0.00005187	9
orthogroup_784	orthogroup_818	2	10	0.07676349	38	0.07708333	0.00031985	9
orthogroup_784	orthogroup_818	3	10	0.14315353	70	0.14375000	0.00059647	9
orthogroup_784	orthogroup_818	4	10	0.26348548	127	0.26250000	0.00098548	9
orthogroup_784	orthogroup_818	5	10	0.37759336	182	0.37708333	0.00051003	9
orthogroup_784	orthogroup_818	6	10	0.48962656	236	0.48958333	0.00004322	9
orthogroup_784	orthogroup_818	7	10	0.56639004	273	0.56666667	0.00027663	9
orthogroup_784	orthogroup_818	8	10	0.69087137	333	0.69166667	0.00079530	9
orthogroup_784	orthogroup_818	9	10	0.82365145	396	0.82291667	0.00073479	9
orthogroup_784	orthogroup_818	10	10	0.93775934	451	0.93750000	0.00025934	9
orthogroup_790	orthogroup_236	1	6	0.03056027	19	0.03076923	0.00020896	9
orthogroup_790	orthogroup_236	2	6	0.10016978	60	0.10085470	0.00068492	9
orthogroup_790	orthogroup_236	3	6	0.22580645	133	0.22564103	0.00016543	9
orthogroup_790	orthogroup_236	4	6	0.26746167	157	0.26666667	0.00079500	9
orthogroup_790	orthogroup_236	5	6	0.41396934	243	0.41367521	0.00029412	9
orthogroup_790	orthogroup_236	6	6	0.47368421	278	0.47350427	0.00017994	9
orthogroup_799	orthogroup_26	1	4	0.78937008	421	0.78968254	0.00031246	10
orthogroup_799	orthogroup_26	2	4	0.83267717	450	0.83333333	0.00065617	10
orthogroup_799	orthogroup_26	3	4	0.88385827	476	0.88293651	0.00092176	10
orthogroup_799	orthogroup_26	4	4	0.93503937	507	0.93452381	0.00051556	10
orthogroup_80	orthogroup_340	1	4	0.01242236	34	0.20625000	0.19382764	9
orthogroup_80	orthogroup_340	2	4	0.16770186	35	0.21250000	0.04479814	9
orthogroup_80	orthogroup_340	3	4	0.38888889	63	0.38750000	0.00138889	9
orthogroup_80	orthogroup_340	4	4	0.62732919	101	0.62500000	0.00232919	9
orthogroup_81	orthogroup_625	1	6	0.05072464	29	0.10126615	0.05054152	10
orthogroup_81	orthogroup_625	2	6	0.22826087	64	0.22784885	0.00041202	10
orthogroup_81	orthogroup_625	3	6	0.34782609	98	0.34719824	0.00062784	10
orthogroup_81	orthogroup_625	4	6	0.50362319	147	0.50271412	0.00090907	10
orthogroup_81	orthogroup_625	5	6	0.70652174	205	0.70524643	0.00127531	10
orthogroup_81	orthogroup_625	6	6	0.88405797	255	0.88321012	0.00084785	10
orthogroup_812	orthogroup_1022	1	4	0.03208556	7	0.03191489	0.00017067	9
orthogroup_812	orthogroup_1022	2	4	0.34759358	66	0.34594595	0.00164764	9
orthogroup_812	orthogroup_1022	3	4	0.50267380	95	0.50267380	0.00000000	9
orthogroup_812	orthogroup_1022	4	4	0.81283422	153	0.81283422	0.00000000	9
orthogroup_824	orthogroup_1440	1	6	0.04054054	26	0.04074703	0.00020649	10
orthogroup_824	orthogroup_1440	2	6	0.10998053	67	0.11016981	0.00018928	10
orthogroup_824	orthogroup_1440	3	6	0.23330532	140	0.23389898	0.00059365	10
orthogroup_824	orthogroup_1440	4	6	0.28064264	168	0.28146195	0.00081932	10
orthogroup_824	orthogroup_1440	5	6	0.41927333	249	0.41921745	0.00005588	10
orthogroup_824	orthogroup_1440	6	6	0.48351683	288	0.48384349	0.00032666	10
orthogroup_864	orthogroup_337	1	3	0.15079365	20	0.15079365	0.00000000	9
orthogroup_864	orthogroup_337	2	3	0.38095238	49	0.38095238	0.00000000	9
orthogroup_864	orthogroup_337	3	3	0.76984127	98	0.76984127	0.00000000	9
orthogroup_867	orthogroup_1506	1	3	0.20000000	26	0.19685039	0.00314961	8
orthogroup_867	orthogroup_1506	2	3	0.50000000	64	0.49606299	0.00393701	8
orthogroup_867	orthogroup_1506	3	3	0.84615385	108	0.84251969	0.00363416	8
orthogroup_870	orthogroup_1303	1	6	0.04109589	16	0.04109589	0.00000000	9
orthogroup_870	orthogroup_1303	2	6	0.14520548	54	0.14520548	0.00000000	9
orthogroup_870	orthogroup_1303	3	6	0.27397260	101	0.27397260	0.00000000	9
orthogroup_870	orthogroup_1303	4	6	0.73698630	270	0.73698630	0.00000000	9
orthogroup_870	orthogroup_1303	5	6	0.80821918	296	0.80821918	0.00000000	9
orthogroup_870	orthogroup_1303	6	6	0.89589041	328	0.89589041	0.00000000	9
orthogroup_921	orthogroup_162	1	6	0.10588235	33	0.10629921	0.00041686	9
orthogroup_921	orthogroup_162	2	6	0.23921569	67	0.24015748	0.00094179	9
orthogroup_921	orthogroup_162	3	6	0.42745098	115	0.42913386	0.00168288	9
orthogroup_921	orthogroup_162	4	6	0.54117647	143	0.53937008	0.00180639	9
orthogroup_921	orthogroup_162	5	6	0.67058824	176	0.66929134	0.00129690	9
orthogroup_921	orthogroup_162	6	6	0.88235294	230	0.88076923	0.00158371	9
orthogroup_923	orthogroup_514	1	11	0.09367681	41	0.09345794	0.00021887	10
orthogroup_923	orthogroup_514	2	11	0.16159251	70	0.16121495	0.00037755	10
orthogroup_923	orthogroup_514	3	11	0.29976581	129	0.29906542	0.00070039	10
orthogroup_923	orthogroup_514	4	11	0.35128806	156	0.35046729	0.00082077	10
orthogroup_923	orthogroup_514	5	11	0.43559719	192	0.43457944	0.00101775	10
orthogroup_923	orthogroup_514	6	11	0.52693208	232	0.52803738	0.00110530	10
orthogroup_923	orthogroup_514	7	11	0.59953162	263	0.60046729	0.00093567	10
orthogroup_923	orthogroup_514	8	11	0.66276347	290	0.66355140	0.00078794	10
orthogroup_923	orthogroup_514	9	11	0.71896956	314	0.71962617	0.00065661	10
orthogroup_923	orthogroup_514	10	11	0.78922717	345	0.78971963	0.00049246	10
orthogroup_923	orthogroup_514	11	11	0.88758782	387	0.88785047	0.00026265	10
orthogroup_934	orthogroup_1563	1	12	0.02795430	12	0.02849741	0.00054311	8
orthogroup_934	orthogroup_1563	2	12	0.11167513	44	0.11139896	0.00027616	8
orthogroup_934	orthogroup_1563	3	12	0.18963610	74	0.18911917	0.00051693	8
orthogroup_934	orthogroup_1563	4	12	0.24396482	95	0.24352332	0.00044150	8
orthogroup_934	orthogroup_1563	5	12	0.34893043	136	0.34974093	0.00081050	8
orthogroup_934	orthogroup_1563	6	12	0.40839635	159	0.40932642	0.00093007	8
orthogroup_934	orthogroup_1563	7	12	0.52538071	204	0.52590674	0.00052603	8
orthogroup_934	orthogroup_1563	8	12	0.61928934	240	0.61917098	0.00011836	8
orthogroup_934	orthogroup_1563	9	12	0.69543147	269	0.69430052	0.00113095	8
orthogroup_934	orthogroup_1563	10	12	0.75380711	292	0.75388601	0.00007890	8
orthogroup_934	orthogroup_1563	11	12	0.85279188	330	0.85233161	0.00046027	8
orthogroup_934	orthogroup_1563	12	12	0.91895960	356	0.91968912	0.00072952	8
orthogroup_938	orthogroup_990	1	11	0.01990050	9	0.01913876	0.00076174	8
orthogroup_938	orthogroup_990	2	11	0.07960199	34	0.07894737	0.00065462	8
orthogroup_938	orthogroup_990	3	11	0.20895522	90	0.20813397	0.00082125	8
orthogroup_938	orthogroup_990	4	11	0.30099502	130	0.30143541	0.00044038	8
orthogroup_938	orthogroup_990	5	11	0.35572139	157	0.35645933	0.00073794	8
orthogroup_938	orthogroup_990	6	11	0.45024876	196	0.44976077	0.00048799	8
orthogroup_938	orthogroup_990	7	11	0.53731343	234	0.53827751	0.00096408	8
orthogroup_938	orthogroup_990	8	11	0.67910448	293	0.67942584	0.00032136	8
orthogroup_938	orthogroup_990	9	11	0.77363184	332	0.77272727	0.00090457	8
orthogroup_938	orthogroup_990	10	11	0.83582090	358	0.83492823	0.00089267	8
orthogroup_938	orthogroup_990	11	11	0.93034826	398	0.93062201	0.00027375	8
orthogroup_946	orthogroup_1521	1	11	0.00553506	14	0.00576923	0.00023418	8
orthogroup_946	orthogroup_1521	2	11	0.08872147	57	0.08846154	0.00025993	8
orthogroup_946	orthogroup_1521	3	11	0.10998018	68	0.10961538	0.00036480	8
orthogroup_946	orthogroup_1521	4	11	0.15009089	89	0.15000000	0.00009089	8
orthogroup_946	orthogroup_1521	5	11	0.19003690	110	0.19038462	0.00034772	8
orthogroup_946	orthogroup_1521	6	11	0.23985240	136	0.24038462	0.00053222	8
orthogroup_946	orthogroup_1521	7	11	0.31734317	176	0.31730769	0.00003548	8
orthogroup_946	orthogroup_1521	8	11	0.34622585	191	0.34615385	0.00007201	8
orthogroup_946	orthogroup_1521	9	11	0.38007380	209	0.38076923	0.00069543	8
orthogroup_946	orthogroup_1521	10	11	0.44095941	240	0.44038462	0.00057479	8
orthogroup_946	orthogroup_1521	11	11	0.50369004	273	0.50384615	0.00015612	8
orthogroup_96	orthogroup_142	1	11	0.02459016	10	0.02465753	0.00006737	9
orthogroup_96	orthogroup_142	2	11	0.12295082	46	0.12328767	0.00033685	9
orthogroup_96	orthogroup_142	3	11	0.19672131	73	0.19726027	0.00053896	9
orthogroup_96	orthogroup_142	4	11	0.26775956	99	0.26849315	0.00073359	9
orthogroup_96	orthogroup_142	5	11	0.36885246	136	0.36986301	0.00101055	9
orthogroup_96	orthogroup_142	6	11	0.43370166	159	0.43287671	0.00082495	9
orthogroup_96	orthogroup_142	7	11	0.50273224	184	0.50136986	0.00136238	9
orthogroup_96	orthogroup_142	8	11	0.59289617	218	0.59178082	0.00111535	9
orthogroup_96	orthogroup_142	9	11	0.66574586	245	0.66575342	0.00000757	9
orthogroup_96	orthogroup_142	10	11	0.80054645	294	0.80000000	0.00054645	9
orthogroup_96	orthogroup_142	11	11	0.87257618	320	0.87123288	0.00134330	9
orthogroup_968	orthogroup_1103	1	4	0.42040185	294	0.42113821	0.00073636	8
orthogroup_968	orthogroup_1103	2	4	0.80680062	531	0.80650407	0.00029655	8
orthogroup_968	orthogroup_1103	3	4	0.88871716	582	0.88943089	0.00071374	8
orthogroup_968	orthogroup_1103	4	4	0.94281298	615	0.94308943	0.00027645	8
orthogroup_971	orthogroup_332	1	11	0.04383562	17	0.04266667	0.00116895	8
orthogroup_971	orthogroup_332	2	11	0.10684932	41	0.10666667	0.00018265	8
orthogroup_971	orthogroup_332	3	11	0.20273973	77	0.20266667	0.00007306	8
orthogroup_971	orthogroup_332	4	11	0.29041096	110	0.29066667	0.00025571	8
orthogroup_971	orthogroup_332	5	11	0.39178082	148	0.39200000	0.00021918	8
orthogroup_971	orthogroup_332	6	11	0.46575342	176	0.46666667	0.00091324	8
orthogroup_971	orthogroup_332	7	11	0.61917808	233	0.61866667	0.00051142	8
orthogroup_971	orthogroup_332	8	11	0.70410959	265	0.70400000	0.00010959	8
orthogroup_971	orthogroup_332	9	11	0.79178082	298	0.79200000	0.00021918	8
orthogroup_971	orthogroup_332	10	11	0.89041096	335	0.89066667	0.00025571	8
orthogroup_971	orthogroup_332	11	11	0.94794521	356	0.94666667	0.00127854	8
orthogroup_972	orthogroup_1049	1	6	0.01685393	4	0.01675978	0.00009416	9
orthogroup_972	orthogroup_1049	2	6	0.12921348	24	0.12849162	0.00072186	9
orthogroup_972	orthogroup_1049	3	6	0.27528090	50	0.27374302	0.00153788	9
orthogroup_972	orthogroup_1049	4	6	0.43820225	80	0.43575419	0.00244806	9
orthogroup_972	orthogroup_1049	5	6	0.66292135	123	0.66298343	0.00006208	9
orthogroup_972	orthogroup_1049	6	6	0.83146067	145	0.78453039	0.04693029	9
orthogroup_980	orthogroup_556	1	4	0.18032787	55	0.19057445	0.01024658	8
orthogroup_980	orthogroup_556	2	4	0.35655738	94	0.35759877	0.00104139	8
orthogroup_980	orthogroup_556	3	4	0.76229508	188	0.76017021	0.00212488	8
orthogroup_980	orthogroup_556	4	4	0.87295082	214	0.87151975	0.00143107	8
orthogroup_985	orthogroup_915	1	6	0.00487816	12	0.00476190	0.00011626	10
orthogroup_985	orthogroup_915	2	6	0.17142857	54	0.17142857	0.00000000	10
orthogroup_985	orthogroup_915	3	6	0.31904762	85	0.31904762	0.00000000	10
orthogroup_985	orthogroup_915	4	6	0.52857143	129	0.52857143	0.00000000	10
orthogroup_985	orthogroup_915	5	6	0.69761905	164	0.69523810	0.00238095	10
orthogroup_985	orthogroup_915	6	6	0.86190476	199	0.86190476	0.00000000	10
orthogroup_995	orthogroup_1381	1	7	0.08275862	27	0.08247423	0.00028439	9
orthogroup_995	orthogroup_1381	2	7	0.20000000	61	0.19931271	0.00068729	9
orthogroup_995	orthogroup_1381	3	7	0.34827586	105	0.34707904	0.00119682	9
orthogroup_995	orthogroup_1381	4	7	0.44827586	134	0.44673540	0.00154047	9
orthogroup_995	orthogroup_1381	5	7	0.67931034	207	0.68041237	0.00110203	9
orthogroup_995	orthogroup_1381	6	7	0.77931034	236	0.78006873	0.00075838	9
orthogroup_995	orthogroup_1381	7	7	0.87586207	264	0.87628866	0.00042659	9
