orthogroup	species_count	member_count	species_set
orthogroup_1	9	9	GCF_000005845.2;GCF_000006925.2;GCF_000006945.1;GCF_000009065.1;GCF_000018045.1;GCF_000025565.1;GCF_000069965.1;GCF_000240185.1;GCF_000270125.2
orthogroup_2	9	9	GCF_000005845.2;GCF_000006925.2;GCF_000006945.1;GCF_000009065.1;GCF_000018045.1;GCF_000025565.1;GCF_000069965.1;GCF_000240185.1;GCF_000270125.2
orthogroup_3	10	10	GCF_000005845.2;GCF_000006925.2;GCF_000006945.1;GCF_000009065.1;GCF_000018045.1;GCF_000025565.1;GCF_000069965.1;GCF_000240185.1;GCF_000270125.2;GCF_000762985.1
orthogroup_4	9	9	GCF_000005845.2;GCF_000006925.2;GCF_000006945.1;GCF_000009065.1;GCF_000018045.1;GCF_000025565.1;GCF_000069965.1;GCF_000240185.1;GCF_000270125.2
orthogroup_5	9	9	GCF_000005845.2;GCF_000006925.2;GCF_000006945.1;GCF_000009065.1;GCF_000018045.1;GCF_000025565.1;GCF_000069965.1;GCF_000240185.1;GCF_000270125.2
orthogroup_6	9	9	GCF_000005845.2;GCF_000006925.2;GCF_000006945.1;GCF_000009065.1;GCF_000018045.1;GCF_000025565.1;GCF_000069965.1;GCF_000240185.1;GCF_000270125.2
orthogroup_7	9	9	GCF_000005845.2;GCF_000006925.2;GCF_000006945.1;GCF_000009065.1;GCF_000018045.1;GCF_000025565.1;GCF_000069965.1;GCF_000240185.1;GCF_000270125.2
orthogroup_8	10	10	GCF_000005845.2;GCF_000006925.2;GCF_000006945.1;GCF_000009065.1;GCF_000018045.1;GCF_000025565.1;GCF_000069965.1;GCF_000240185.1;GCF_000270125.2;GCF_000762985.1
orthogroup_9	9	9	GCF_000005845.2;GCF_000006925.2;GCF_000006945.1;GCF_000009065.1;GCF_000018045.1;GCF_000025565.1;GCF_000069965.1;GCF_000240185.1;GCF_000270125.2
orthogroup_10	9	9	GCF_000005845.2;GCF_000006925.2;GCF_000006945.1;GCF_000009065.1;GCF_000018045.1;GCF_000025565.1;GCF_000069965.1;GCF_000240185.1;GCF_000270125.2
orthogroup_11	9	9	GCF_000005845.2;GCF_000006925.2;GCF_000006945.1;GCF_000009065.1;GCF_000018045.1;GCF_000025565.1;GCF_000069965.1;GCF_000240185.1;GCF_000270125.2
orthogroup_12	8	8	GCF_000005845.2;GCF_000006925.2;GCF_000006945.1;GCF_000009065.1;GCF_000018045.1;GCF_000025565.1;GCF_000069965.1;GCF_000270125.2
orthogroup_13	9	9	GCF_000005845.2;GCF_000006925.2;GCF_000006945.1;GCF_000009065.1;GCF_000018045.1;GCF_000025565.1;GCF_000069965.1;GCF_000240185.1;GCF_000270125.2
orthogroup_14	8	8	GCF_000005845.2;GCF_000006925.2;GCF_000006945.1;GCF_000009065.1;GCF_000018045.1;GCF_000025565.1;GCF_000069965.1;GCF_000270125.2
orthogroup_15	9	9	GCF_000005845.2;GCF_000006925.2;GCF_000006945.1;GCF_000009065.1;GCF_000018045.1;GCF_000025565.1;GCF_000069965.1;GCF_000240185.1;GCF_000270125.2
orthogroup_16	9	9	GCF_000005845.2;GCF_000006925.2;GCF_000006945.1;GCF_000009065.1;GCF_000018045.1;GCF_000025565.1;GCF_000069965.1;GCF_000240185.1;GCF_000270125.2
orthogroup_17	10	10	GCF_000005845.2;GCF_000006925.2;GCF_000006945.1;GCF_000009065.1;GCF_000018045.1;GCF_000025565.1;GCF_000069965.1;GCF_000240185.1;GCF_000270125.2;GCF_000762985.1
orthogroup_18	8	8	GCF_000005845.2;GCF_000006925.2;GCF_000006945.1;GCF_000009065.1;GCF_000018045.1;GCF_000025565.1;GCF_000240185.1;GCF_000270125.2
orthogroup_19	10	10	GCF_000005845.2;GCF_000006925.2;GCF_000006945.1;GCF_000009065.1;GCF_000018045.1;GCF_000025565.1;GCF_000069965.1;GCF_000240185.1;GCF_000270125.2;GCF_000762985.1
orthogroup_20	8	8	GCF_000005845.2;GCF_000006925.2;GCF_000006945.1;GCF_000009065.1;GCF_000018045.1;GCF_000025565.1;GCF_000069965.1;GCF_000270125.2
orthogroup_21	8	8	GCF_000005845.2;GCF_000006925.2;GCF_000006945.1;GCF_000009065.1;GCF_000018045.1;GCF_000025565.1;GCF_000240185.1;GCF_000270125.2
orthogroup_22	8	8	GCF_000005845.2;GCF_000006925.2;GCF_000006945.1;GCF_000018045.1;GCF_000025565.1;GCF_000240185.1;GCF_000270125.2;GCF_000762985.1
orthogroup_23	8	8	GCF_000005845.2;GCF_000006925.2;GCF_000006945.1;GCF_000009065.1;GCF_000018045.1;GCF_000025565.1;GCF_000240185.1;GCF_000270125.2
orthogroup_24	8	8	GCF_000005845.2;GCF_000006925.2;GCF_000006945.1;GCF_000009065.1;GCF_000018045.1;GCF_000025565.1;GCF_000069965.1;GCF_000240185.1
orthogroup_25	9	9	GCF_000005845.2;GCF_000006925.2;GCF_000006945.1;GCF_000009065.1;GCF_000018045.1;GCF_000025565.1;GCF_000069965.1;GCF_000240185.1;GCF_000270125.2
orthogroup_26	10	10	GCF_000005845.2;GCF_000006925.2;GCF_000006945.1;GCF_000009065.1;GCF_000018045.1;GCF_000025565.1;GCF_000069965.1;GCF_000240185.1;GCF_000270125.2;GCF_000762985.1
orthogroup_27	9	9	GCF_000005845.2;GCF_000006925.2;GCF_000006945.1;GCF_000009065.1;GCF_000018045.1;GCF_000025565.1;GCF_000069965.1;GCF_000240185.1;GCF_000270125.2
orthogroup_28	9	9	GCF_000005845.2;GCF_000006925.2;GCF_000006945.1;GCF_000009065.1;GCF_000018045.1;GCF_000025565.1;GCF_000069965.1;GCF_000240185.1;GCF_000270125.2
orthogroup_29	8	8	GCF_000005845.2;GCF_000006925.2;GCF_000006945.1;GCF_000018045.1;GCF_000025565.1;GCF_000069965.1;GCF_000240185.1;GCF_000270125.2
orthogroup_30	10	10	GCF_000005845.2;GCF_000006925.2;GCF_000006945.1;GCF_000009065.1;GCF_000018045.1;GCF_000025565.1;GCF_000069965.1;GCF_000240185.1;GCF_000270125.2;GCF_000762985.1
orthogroup_31	9	9	GCF_000005845.2;GCF_000006925.2;GCF_000006945.1;GCF_000009065.1;GCF_000018045.1;GCF_000025565.1;GCF_000069965.1;GCF_000240185.1;GCF_000270125.2
orthogroup_32	10	10	GCF_000005845.2;GCF_000006925.2;GCF_000006945.1;GCF_000009065.1;GCF_000018045.1;GCF_000025565.1;GCF_000069965.1;GCF_000240185.1;GCF_000270125.2;GCF_000762985.1
orthogroup_33	8	8	GCF_000005845.2;GCF_000006925.2;GCF_000006945.1;GCF_000009065.1;GCF_000018045.1;GCF_000025565.1;GCF_000240185.1;GCF_000270125.2
orthogroup_34	9	9	GCF_000005845.2;GCF_000006925.2;GCF_000006945.1;GCF_000009065.1;GCF_000018045.1;GCF_000025565.1;GCF_000069965.1;GCF_000240185.1;GCF_000270125.2
orthogroup_35	9	9	GCF_000005845.2;GCF_000006925.2;GCF_000006945.1;GCF_000009065.1;GCF_000018045.1;GCF_000025565.1;GCF_000069965.1;GCF_000240185.1;GCF_000270125.2
orthogroup_36	8	8	GCF_000005845.2;GCF_000006925.2;GCF_000006945.1;GCF_000009065.1;GCF_000018045.1;GCF_000025565.1;GCF_000240185.1;GCF_000270125.2
orthogroup_37	9	9	GCF_000005845.2;GCF_000006925.2;GCF_000006945.1;GCF_000009065.1;GCF_000018045.1;GCF_000025565.1;GCF_000069965.1;GCF_000240185.1;GCF_000270125.2
orthogroup_38	9	9	GCF_000005845.2;GCF_000006925.2;GCF_000006945.1;GCF_000009065.1;GCF_000018045.1;GCF_000025565.1;GCF_000069965.1;GCF_000240185.1;GCF_000270125.2
orthogroup_39	10	10	GCF_000005845.2;GCF_000006925.2;GCF_000006945.1;GCF_000009065.1;GCF_000018045.1;GCF_000025565.1;GCF_000069965.1;GCF_000240185.1;GCF_000270125.2;GCF_000762985.1
orthogroup_40	10	10	GCF_000005845.2;GCF_000006925.2;GCF_000006945.1;GCF_000009065.1;GCF_000018045.1;GCF_000025565.1;GCF_000069965.1;GCF_000240185.1;GCF_000270125.2;GCF_000762985.1
orthogroup_41	10	10	GCF_000005845.2;GCF_000006925.2;GCF_000006945.1;GCF_000009065.1;GCF_000018045.1;GCF_000025565.1;GCF_000069965.1;GCF_000240185.1;GCF_000270125.2;GCF_000762985.1
orthogroup_42	9	9	GCF_000005845.2;GCF_000006925.2;GCF_000006945.1;GCF_000009065.1;GCF_000018045.1;GCF_000025565.1;GCF_000069965.1;GCF_000240185.1;GCF_000762985.1
orthogroup_43	10	10	GCF_000005845.2;GCF_000006925.2;GCF_000006945.1;GCF_000009065.1;GCF_000018045.1;GCF_000025565.1;GCF_000069965.1;GCF_000240185.1;GCF_000270125.2;GCF_000762985.1
orthogroup_44	9	9	GCF_000005845.2;GCF_000006925.2;GCF_000006945.1;GCF_000009065.1;GCF_000018045.1;GCF_000025565.1;GCF_000069965.1;GCF_000240185.1;GCF_000270125.2
orthogroup_45	9	9	GCF_000005845.2;GCF_000006925.2;GCF_000006945.1;GCF_000009065.1;GCF_000018045.1;GCF_000025565.1;GCF_000069965.1;GCF_000240185.1;GCF_000270125.2
orthogroup_46	10	10	GCF_000005845.2;GCF_000006925.2;GCF_000006945.1;GCF_000009065.1;GCF_000018045.1;GCF_000025565.1;GCF_000069965.1;GCF_000240185.1;GCF_000270125.2;GCF_000762985.1
orthogroup_47	8	8	GCF_000005845.2;GCF_000006925.2;GCF_000006945.1;GCF_000009065.1;GCF_000018045.1;GCF_000025565.1;GCF_000240185.1;GCF_000270125.2
orthogroup_48	8	8	GCF_000005845.2;GCF_000006925.2;GCF_000006945.1;GCF_000009065.1;GCF_000018045.1;GCF_000025565.1;GCF_000069965.1;GCF_000240185.1
orthogroup_49	9	9	GCF_000005845.2;GCF_000006925.2;GCF_000006945.1;GCF_000009065.1;GCF_000018045.1;GCF_000025565.1;GCF_000069965.1;GCF_000240185.1;GCF_000270125.2
orthogroup_50	9	9	GCF_000005845.2;GCF_000006925.2;GCF_000006945.1;GCF_000018045.1;GCF_000025565.1;GCF_000069965.1;GCF_000240185.1;GCF_000270125.2;GCF_000762985.1
orthogroup_51	9	9	GCF_000005845.2;GCF_000006925.2;GCF_000006945.1;GCF_000009065.1;GCF_000018045.1;GCF_000025565.1;GCF_000240185.1;GCF_000270125.2;GCF_000762985.1
orthogroup_52	9	9	GCF_000005845.2;GCF_000006925.2;GCF_000006945.1;GCF_000009065.1;GCF_000018045.1;GCF_000025565.1;GCF_000069965.1;GCF_000240185.1;GCF_000270125.2
orthogroup_53	9	9	GCF_000005845.2;GCF_000006925.2;GCF_000006945.1;GCF_000009065.1;GCF_000018045.1;GCF_000025565.1;GCF_000069965.1;GCF_000240185.1;GCF_000270125.2
orthogroup_54	9	9	GCF_000005845.2;GCF_000006925.2;GCF_000006945.1;GCF_000009065.1;GCF_000018045.1;GCF_000025565.1;GCF_000069965.1;GCF_000240185.1;GCF_000270125.2
orthogroup_55	9	9	GCF_000005845.2;GCF_000006925.2;GCF_000006945.1;GCF_000009065.1;GCF_000018045.1;GCF_000025565.1;GCF_000069965.1;GCF_000240185.1;GCF_000270125.2
orthogroup_56	10	10	GCF_000005845.2;GCF_000006925.2;GCF_000006945.1;GCF_000009065.1;GCF_000018045.1;GCF_000025565.1;GCF_000069965.1;GCF_000240185.1;GCF_000270125.2;GCF_000762985.1
orthogroup_57	10	10	GCF_000005845.2;GCF_000006925.2;GCF_000006945.1;GCF_000009065.1;GCF_000018045.1;GCF_000025565.1;GCF_000069965.1;GCF_000240185.1;GCF_000270125.2;GCF_000762985.1
orthogroup_58	9	9	GCF_000005845.2;GCF_000006925.2;GCF_000006945.1;GCF_000009065.1;GCF_000018045.1;GCF_000025565.1;GCF_000069965.1;GCF_000240185.1;GCF_000270125.2
orthogroup_59	9	9	GCF_000005845.2;GCF_000006925.2;GCF_000006945.1;GCF_000009065.1;GCF_000018045.1;GCF_000025565.1;GCF_000069965.1;GCF_000240185.1;GCF_000270125.2
orthogroup_60	10	10	GCF_000005845.2;GCF_000006925.2;GCF_000006945.1;GCF_000009065.1;GCF_000018045.1;GCF_000025565.1;GCF_000069965.1;GCF_000240185.1;GCF_000270125.2;GCF_000762985.1
orthogroup_61	9	9	GCF_000005845.2;GCF_000006925.2;GCF_000006945.1;GCF_000009065.1;GCF_000018045.1;GCF_000025565.1;GCF_000069965.1;GCF_000240185.1;GCF_000270125.2
orthogroup_62	10	10	GCF_000005845.2;GCF_000006925.2;GCF_000006945.1;GCF_000009065.1;GCF_000018045.1;GCF_000025565.1;GCF_000069965.1;GCF_000240185.1;GCF_000270125.2;GCF_000762985.1
orthogroup_63	10	10	GCF_000005845.2;GCF_000006925.2;GCF_000006945.1;GCF_000009065.1;GCF_000018045.1;GCF_000025565.1;GCF_000069965.1;GCF_000240185.1;GCF_000270125.2;GCF_000762985.1
orthogroup_64	8	8	GCF_000005845.2;GCF_000006925.2;GCF_000006945.1;GCF_000009065.1;GCF_000018045.1;GCF_000025565.1;GCF_000069965.1;GCF_000270125.2
orthogroup_65	9	9	GCF_000005845.2;GCF_000006925.2;GCF_000006945.1;GCF_000009065.1;GCF_000018045.1;GCF_000025565.1;GCF_000069965.1;GCF_000240185.1;GCF_000270125.2
orthogroup_66	9	9	GCF_000005845.2;GCF_000006925.2;GCF_000006945.1;GCF_000009065.1;GCF_000018045.1;GCF_000025565.1;GCF_000069965.1;GCF_000240185.1;GCF_000270125.2
orthogroup_67	9	9	GCF_000005845.2;GCF_000006925.2;GCF_000006945.1;GCF_000009065.1;GCF_000018045.1;GCF_000025565.1;GCF_000069965.1;GCF_000240185.1;GCF_000270125.2
orthogroup_68	9	9	GCF_000005845.2;GCF_000006925.2;GCF_000006945.1;GCF_000009065.1;GCF_000018045.1;GCF_000025565.1;GCF_000069965.1;GCF_000240185.1;GCF_000270125.2
orthogroup_69	9	9	GCF_000005845.2;GCF_000006925.2;GCF_000006945.1;GCF_000009065.1;GCF_000018045.1;GCF_000025565.1;GCF_000069965.1;GCF_000240185.1;GCF_000270125.2
orthogroup_70	9	9	GCF_000005845.2;GCF_000006925.2;GCF_000006945.1;GCF_000009065.1;GCF_000018045.1;GCF_000025565.1;GCF_000069965.1;GCF_000240185.1;GCF_000270125.2
orthogroup_71	10	10	GCF_000005845.2;GCF_000006925.2;GCF_000006945.1;GCF_000009065.1;GCF_000018045.1;GCF_000025565.1;GCF_000069965.1;GCF_000240185.1;GCF_000270125.2;GCF_000762985.1
orthogroup_72	8	8	GCF_000005845.2;GCF_000006925.2;GCF_000006945.1;GCF_000009065.1;GCF_000018045.1;GCF_000025565.1;GCF_000240185.1;GCF_000270125.2
orthogroup_73	8	8	GCF_000005845.2;GCF_000006925.2;GCF_000006945.1;GCF_000009065.1;GCF_000018045.1;GCF_000025565.1;GCF_000069965.1;GCF_000270125.2
orthogroup_74	8	8	GCF_000005845.2;GCF_000006925.2;GCF_000006945.1;GCF_000009065.1;GCF_000018045.1;GCF_000025565.1;GCF_000069965.1;GCF_000270125.2
orthogroup_75	9	9	GCF_000005845.2;GCF_000006925.2;GCF_000006945.1;GCF_000009065.1;GCF_000018045.1;GCF_000025565.1;GCF_000069965.1;GCF_000240185.1;GCF_000270125.2
orthogroup_76	8	8	GCF_000005845.2;GCF_000006925.2;GCF_000006945.1;GCF_000009065.1;GCF_000018045.1;GCF_000025565.1;GCF_000240185.1;GCF_000270125.2
orthogroup_77	9	9	GCF_000005845.2;GCF_000006925.2;GCF_000006945.1;GCF_000009065.1;GCF_000018045.1;GCF_000025565.1;GCF_000069965.1;GCF_000240185.1;GCF_000270125.2
orthogroup_78	8	8	GCF_000005845.2;GCF_000006925.2;GCF_000006945.1;GCF_000009065.1;GCF_000018045.1;GCF_000025565.1;GCF_000240185.1;GCF_000270125.2
orthogroup_79	10	10	GCF_000005845.2;GCF_000006925.2;GCF_000006945.1;GCF_000009065.1;GCF_000018045.1;GCF_000025565.1;GCF_000069965.1;GCF_000240185.1;GCF_000270125.2;GCF_000762985.1
orthogroup_80	9	9	GCF_000005845.2;GCF_000006925.2;GCF_000006945.1;GCF_000009065.1;GCF_000018045.1;GCF_000025565.1;GCF_000069965.1;GCF_000240185.1;GCF_000270125.2
orthogroup_81	10	10	GCF_000005845.2;GCF_000006925.2;GCF_000006945.1;GCF_000009065.1;GCF_000018045.1;GCF_000025565.1;GCF_000069965.1;GCF_000240185.1;GCF_000270125.2;GCF_000762985.1
orthogroup_82	10	10	GCF_000005845.2;GCF_000006925.2;GCF_000006945.1;GCF_000009065.1;GCF_000018045.1;GCF_000025565.1;GCF_000069965.1;GCF_000240185.1;GCF_000270125.2;GCF_000762985.1
orthogroup_83	8	8	GCF_000005845.2;GCF_000006925.2;GCF_000006945.1;GCF_000009065.1;GCF_000018045.1;GCF_000025565.1;GCF_000069965.1;GCF_000240185.1
orthogroup_84	10	10	GCF_000005845.2;GCF_000006925.2;GCF_000006945.1;GCF_000009065.1;GCF_000018045.1;GCF_000025565.1;GCF_000069965.1;GCF_000240185.1;GCF_000270125.2;GCF_000762985.1
orthogroup_85	9	9	GCF_000005845.2;GCF_000006925.2;GCF_000006945.1;GCF_000009065.1;GCF_000018045.1;GCF_000025565.1;GCF_000069965.1;GCF_000240185.1;GCF_000270125.2
orthogroup_86	9	9	GCF_000005845.2;GCF_000006925.2;GCF_000006945.1;GCF_000009065.1;GCF_000018045.1;GCF_000025565.1;GCF_000069965.1;GCF_000240185.1;GCF_000270125.2
orthogroup_87	10	10	GCF_000005845.2;GCF_000006925.2;GCF_000006945.1;GCF_000009065.1;GCF_000018045.1;GCF_000025565.1;GCF_000069965.1;GCF_000240185.1;GCF_000270125.2;GCF_000762985.1
orthogroup_88	8	8	GCF_000005845.2;GCF_000006925.2;GCF_000006945.1;GCF_000009065.1;GCF_000018045.1;GCF_000025565.1;GCF_000069965.1;GCF_000240185.1
orthogroup_89	9	9	GCF_000005845.2;GCF_000006925.2;GCF_000006945.1;GCF_000009065.1;GCF_000018045.1;GCF_000025565.1;GCF_000069965.1;GCF_000240185.1;GCF_000270125.2
orthogroup_90	9	9	GCF_000005845.2;GCF_000006925.2;GCF_000006945.1;GCF_000009065.1;GCF_000018045.1;GCF_000025565.1;GCF_000069965.1;GCF_000240185.1;GCF_000270125.2
orthogroup_91	9	9	GCF_000005845.2;GCF_000006925.2;GCF_000006945.1;GCF_000009065.1;GCF_000018045.1;GCF_000025565.1;GCF_000069965.1;GCF_000240185.1;GCF_000270125.2
orthogroup_92	10	10	GCF_000005845.2;GCF_000006925.2;GCF_000006945.1;GCF_000009065.1;GCF_000018045.1;GCF_000025565.1;GCF_000069965.1;GCF_000240185.1;GCF_000270125.2;GCF_000762985.1
orthogroup_93	9	9	GCF_000005845.2;GCF_000006925.2;GCF_000006945.1;GCF_000009065.1;GCF_000018045.1;GCF_000025565.1;GCF_000069965.1;GCF_000240185.1;GCF_000270125.2
orthogroup_94	10	10	GCF_000005845.2;GCF_000006925.2;GCF_000006945.1;GCF_000009065.1;GCF_000018045.1;GCF_000025565.1;GCF_000069965.1;GCF_000240185.1;GCF_000270125.2;GCF_000762985.1
orthogroup_95	10	10	GCF_000005845.2;GCF_000006925.2;GCF_000006945.1;GCF_000009065.1;GCF_000018045.1;GCF_000025565.1;GCF_000069965.1;GCF_000240185.1;GCF_000270125.2;GCF_000762985.1
orthogroup_96	9	9	GCF_000005845.2;GCF_000006925.2;GCF_000006945.1;GCF_000009065.1;GCF_000018045.1;GCF_000025565.1;GCF_000069965.1;GCF_000240185.1;GCF_000270125.2
orthogroup_97	9	9	GCF_000005845.2;GCF_000006925.2;GCF_000006945.1;GCF_000009065.1;GCF_000018045.1;GCF_000025565.1;GCF_000069965.1;GCF_000240185.1;GCF_000270125.2
orthogroup_98	10	10	GCF_000005845.2;GCF_000006925.2;GCF_000006945.1;GCF_000009065.1;GCF_000018045.1;GCF_000025565.1;GCF_000069965.1;GCF_000240185.1;GCF_000270125.2;GCF_000762985.1
orthogroup_99	9	9	GCF_000005845.2;GCF_000006925.2;GCF_000006945.1;GCF_000009065.1;GCF_000018045.1;GCF_000025565.1;GCF_000069965.1;GCF_000240185.1;GCF_000270125.2
orthogroup_100	10	10	GCF_000005845.2;GCF_000006925.2;GCF_000006945.1;GCF_000009065.1;GCF_000018045.1;GCF_000025565.1;GCF_000069965.1;GCF_000240185.1;GCF_000270125.2;GCF_000762985.1
orthogroup_101	10	10	GCF_000005845.2;GCF_000006925.2;GCF_000006945.1;GCF_000009065.1;GCF_000018045.1;GCF_000025565.1;GCF_000069965.1;GCF_000240185.1;GCF_000270125.2;GCF_000762985.1
orthogroup_102	10	10	GCF_000005845.2;GCF_000006925.2;GCF_000006945.1;GCF_000009065.1;GCF_000018045.1;GCF_000025565.1;GCF_000069965.1;GCF_000240185.1;GCF_000270125.2;GCF_000762985.1
orthogroup_103	9	9	GCF_000005845.2;GCF_000006925.2;GCF_000006945.1;GCF_000009065.1;GCF_000018045.1;GCF_000025565.1;GCF_000069965.1;GCF_000240185.1;GCF_000270125.2
orthogroup_104	8	8	GCF_000005845.2;GCF_000006925.2;GCF_000006945.1;GCF_000009065.1;GCF_000018045.1;GCF_000025565.1;GCF_000240185.1;GCF_000270125.2
orthogroup_105	9	9	GCF_000005845.2;GCF_000006925.2;GCF_000006945.1;GCF_000009065.1;GCF_000018045.1;GCF_000025565.1;GCF_000069965.1;GCF_000240185.1;GCF_000762985.1
orthogroup_106	9	9	GCF_000005845.2;GCF_000006925.2;GCF_000006945.1;GCF_000009065.1;GCF_000018045.1;GCF_000025565.1;GCF_000069965.1;GCF_000240185.1;GCF_000270125.2
orthogroup_107	9	9	GCF_000005845.2;GCF_000006925.2;GCF_000006945.1;GCF_000009065.1;GCF_000018045.1;GCF_000025565.1;GCF_000069965.1;GCF_000240185.1;GCF_000270125.2
orthogroup_108	10	10	GCF_000005845.2;GCF_000006925.2;GCF_000006945.1;GCF_000009065.1;GCF_000018045.1;GCF_000025565.1;GCF_000069965.1;GCF_000240185.1;GCF_000270125.2;GCF_000762985.1
orthogroup_109	9	9	GCF_000005845.2;GCF_000006925.2;GCF_000006945.1;GCF_000009065.1;GCF_000018045.1;GCF_000025565.1;GCF_000069965.1;GCF_000240185.1;GCF_000270125.2
orthogroup_110	9	9	GCF_000005845.2;GCF_000006925.2;GCF_000006945.1;GCF_000009065.1;GCF_000018045.1;GCF_000025565.1;GCF_000069965.1;GCF_000240185.1;GCF_000270125.2
orthogroup_111	9	9	GCF_000005845.2;GCF_000006925.2;GCF_000006945.1;GCF_000009065.1;GCF_000018045.1;GCF_000025565.1;GCF_000069965.1;GCF_000240185.1;GCF_000270125.2
orthogroup_112	10	10	GCF_000005845.2;GCF_000006925.2;GCF_000006945.1;GCF_000009065.1;GCF_000018045.1;GCF_000025565.1;GCF_000069965.1;GCF_000240185.1;GCF_000270125.2;GCF_000762985.1
orthogroup_113	9	9	GCF_000005845.2;GCF_000006925.2;GCF_000006945.1;GCF_000009065.1;GCF_000018045.1;GCF_000025565.1;GCF_000069965.1;GCF_000240185.1;GCF_000270125.2
orthogroup_114	10	10	GCF_000005845.2;GCF_000006925.2;GCF_000006945.1;GCF_000009065.1;GCF_000018045.1;GCF_000025565.1;GCF_000069965.1;GCF_000240185.1;GCF_000270125.2;GCF_000762985.1
orthogroup_115	8	8	GCF_000005845.2;GCF_000006925.2;GCF_000006945.1;GCF_000009065.1;GCF_000018045.1;GCF_000069965.1;GCF_000240185.1;GCF_000270125.2
orthogroup_116	9	9	GCF_000005845.2;GCF_000006925.2;GCF_000006945.1;GCF_000009065.1;GCF_000018045.1;GCF_000025565.1;GCF_000069965.1;GCF_000240185.1;GCF_000270125.2
orthogroup_117	10	10	GCF_000005845.2;GCF_000006925.2;GCF_000006945.1;GCF_000009065.1;GCF_000018045.1;GCF_000025565.1;GCF_000069965.1;GCF_000240185.1;GCF_000270125.2;GCF_000762985.1
orthogroup_118	8	8	GCF_000005845.2;GCF_000006925.2;GCF_000006945.1;GCF_000009065.1;GCF_000025565.1;GCF_000069965.1;GCF_000240185.1;GCF_000270125.2
orthogroup_119	8	8	GCF_000005845.2;GCF_000006925.2;GCF_000006945.1;GCF_000009065.1;GCF_000018045.1;GCF_000025565.1;GCF_000240185.1;GCF_000270125.2
orthogroup_120	9	9	GCF_000005845.2;GCF_000006925.2;GCF_000006945.1;GCF_000009065.1;GCF_000018045.1;GCF_000025565.1;GCF_000069965.1;GCF_000240185.1;GCF_000270125.2
orthogroup_121	8	8	GCF_000005845.2;GCF_000006925.2;GCF_000006945.1;GCF_000009065.1;GCF_000018045.1;GCF_000025565.1;GCF_000240185.1;GCF_000270125.2
orthogroup_122	9	9	GCF_000005845.2;GCF_000006925.2;GCF_000006945.1;GCF_000009065.1;GCF_000018045.1;GCF_000025565.1;GCF_000069965.1;GCF_000240185.1;GCF_000270125.2
orthogroup_123	9	9	GCF_000005845.2;GCF_000006925.2;GCF_000006945.1;GCF_000009065.1;GCF_000018045.1;GCF_000025565.1;GCF_000069965.1;GCF_000240185.1;GCF_000270125.2
orthogroup_124	8	8	GCF_000005845.2;GCF_000006925.2;GCF_000006945.1;GCF_000018045.1;GCF_000025565.1;GCF_000069965.1;GCF_000240185.1;GCF_000270125.2
orthogroup_125	9	9	GCF_000005845.2;GCF_000006925.2;GCF_000006945.1;GCF_000009065.1;GCF_000018045.1;GCF_000025565.1;GCF_000069965.1;GCF_000240185.1;GCF_000270125.2
orthogroup_126	10	10	GCF_000005845.2;GCF_000006925.2;GCF_000006945.1;GCF_000009065.1;GCF_000018045.1;GCF_000025565.1;GCF_000069965.1;GCF_000240185.1;GCF_000270125.2;GCF_000762985.1
orthogroup_127	8	8	GCF_000005845.2;GCF_000006925.2;GCF_000006945.1;GCF_000009065.1;GCF_000018045.1;GCF_000025565.1;GCF_000240185.1;GCF_000270125.2
orthogroup_128	9	9	GCF_000005845.2;GCF_000006925.2;GCF_000006945.1;GCF_000009065.1;GCF_000018045.1;GCF_000025565.1;GCF_000069965.1;GCF_000240185.1;GCF_000270125.2
orthogroup_129	10	10	GCF_000005845.2;GCF_000006925.2;GCF_000006945.1;GCF_000009065.1;GCF_000018045.1;GCF_000025565.1;GCF_000069965.1;GCF_000240185.1;GCF_000270125.2;GCF_000762985.1
orthogroup_130	9	9	GCF_000005845.2;GCF_000006925.2;GCF_000006945.1;GCF_000009065.1;GCF_000018045.1;GCF_000025565.1;GCF_000069965.1;GCF_000240185.1;GCF_000270125.2
orthogroup_131	8	8	GCF_000005845.2;GCF_000006925.2;GCF_000006945.1;GCF_000009065.1;GCF_000018045.1;GCF_000025565.1;GCF_000240185.1;GCF_000270125.2
orthogroup_132	9	9	GCF_000005845.2;GCF_000006925.2;GCF_000006945.1;GCF_000009065.1;GCF_000018045.1;GCF_000025565.1;GCF_000069965.1;GCF_000240185.1;GCF_000270125.2
orthogroup_133	9	9	GCF_000005845.2;GCF_000006925.2;GCF_000006945.1;GCF_000009065.1;GCF_000018045.1;GCF_000025565.1;GCF_000069965.1;GCF_000240185.1;GCF_000270125.2
orthogroup_134	8	8	GCF_000005845.2;GCF_000006925.2;GCF_000006945.1;GCF_000009065.1;GCF_000018045.1;GCF_000025565.1;GCF_000240185.1;GCF_000270125.2
orthogroup_135	9	9	GCF_000005845.2;GCF_000006925.2;GCF_000006945.1;GCF_000009065.1;GCF_000018045.1;GCF_000025565.1;GCF_000240185.1;GCF_000270125.2;GCF_000762985.1
orthogroup_136	9	9	GCF_000005845.2;GCF_000006925.2;GCF_000006945.1;GCF_000009065.1;GCF_000018045.1;GCF_000025565.1;GCF_000069965.1;GCF_000240185.1;GCF_000270125.2
orthogroup_137	9	9	GCF_000005845.2;GCF_000006925.2;GCF_000006945.1;GCF_000009065.1;GCF_000018045.1;GCF_000025565.1;GCF_000069965.1;GCF_000240185.1;GCF_000270125.2
orthogroup_138	9	9	GCF_000005845.2;GCF_000006925.2;GCF_000006945.1;GCF_000009065.1;GCF_000018045.1;GCF_000025565.1;GCF_000069965.1;GCF_000240185.1;GCF_000270125.2
orthogroup_139	9	9	GCF_000005845.2;GCF_000006925.2;GCF_000006945.1;GCF_000009065.1;GCF_000018045.1;GCF_000025565.1;GCF_000069965.1;GCF_000240185.1;GCF_000270125.2
orthogroup_140	10	10	GCF_000005845.2;GCF_000006925.2;GCF_000006945.1;GCF_000009065.1;GCF_000018045.1;GCF_000025565.1;GCF_000069965.1;GCF_000240185.1;GCF_000270125.2;GCF_000762985.1
orthogroup_141	10	10	GCF_000005845.2;GCF_000006925.2;GCF_000006945.1;GCF_000009065.1;GCF_000018045.1;GCF_000025565.1;GCF_000069965.1;GCF_000240185.1;GCF_000270125.2;GCF_000762985.1
orthogroup_142	9	9	GCF_000005845.2;GCF_000006925.2;GCF_000006945.1;GCF_000009065.1;GCF_000018045.1;GCF_000025565.1;GCF_000069965.1;GCF_000240185.1;GCF_000270125.2
orthogroup_143	10	10	GCF_000005845.2;GCF_000006925.2;GCF_000006945.1;GCF_000009065.1;GCF_000018045.1;GCF_000025565.1;GCF_000069965.1;GCF_000240185.1;GCF_000270125.2;GCF_000762985.1
orthogroup_144	9	9	GCF_000005845.2;GCF_000006925.2;GCF_000006945.1;GCF_000009065.1;GCF_000018045.1;GCF_000025565.1;GCF_000069965.1;GCF_000240185.1;GCF_000270125.2
orthogroup_145	8	8	GCF_000005845.2;GCF_000006925.2;GCF_000006945.1;GCF_000009065.1;GCF_000018045.1;GCF_000025565.1;GCF_000240185.1;GCF_000270125.2
orthogroup_146	10	10	GCF_000005845.2;GCF_000006925.2;GCF_000006945.1;GCF_000009065.1;GCF_000018045.1;GCF_000025565.1;GCF_000069965.1;GCF_000240185.1;GCF_000270125.2;GCF_000762985.1
orthogroup_147	8	8	GCF_000005845.2;GCF_000006925.2;GCF_000006945.1;GCF_000009065.1;GCF_000018045.1;GCF_000025565.1;GCF_000240185.1;GCF_000270125.2
orthogroup_148	9	9	GCF_000005845.2;GCF_000006925.2;GCF_000006945.1;GCF_000009065.1;GCF_000018045.1;GCF_000025565.1;GCF_000069965.1;GCF_000240185.1;GCF_000270125.2
orthogroup_149	9	9	GCF_000005845.2;GCF_000006925.2;GCF_000006945.1;GCF_000009065.1;GCF_000018045.1;GCF_000025565.1;GCF_000069965.1;GCF_000240185.1;GCF_000270125.2
orthogroup_150	9	9	GCF_000005845.2;GCF_000006925.2;GCF_000006945.1;GCF_000009065.1;GCF_000018045.1;GCF_000025565.1;GCF_000069965.1;GCF_000240185.1;GCF_000270125.2
orthogroup_151	9	9	GCF_000005845.2;GCF_000006925.2;GCF_000006945.1;GCF_000009065.1;GCF_000018045.1;GCF_000025565.1;GCF_000069965.1;GCF_000240185.1;GCF_000270125.2
orthogroup_152	9	9	GCF_000005845.2;GCF_000006925.2;GCF_000006945.1;GCF_000009065.1;GCF_000018045.1;GCF_000025565.1;GCF_000069965.1;GCF_000240185.1;GCF_000270125.2
orthogroup_153	9	9	GCF_000005845.2;GCF_000006925.2;GCF_000006945.1;GCF_000009065.1;GCF_000018045.1;GCF_000025565.1;GCF_000069965.1;GCF_000240185.1;GCF_000270125.2
orthogroup_154	9	9	GCF_000005845.2;GCF_000006925.2;GCF_000006945.1;GCF_000009065.1;GCF_000018045.1;GCF_000025565.1;GCF_000069965.1;GCF_000240185.1;GCF_000270125.2
orthogroup_155	10	10	GCF_000005845.2;GCF_000006925.2;GCF_000006945.1;GCF_000009065.1;GCF_000018045.1;GCF_000025565.1;GCF_000069965.1;GCF_000240185.1;GCF_000270125.2;GCF_000762985.1
orthogroup_156	9	9	GCF_000005845.2;GCF_000006925.2;GCF_000006945.1;GCF_000009065.1;GCF_000018045.1;GCF_000025565.1;GCF_000069965.1;GCF_000240185.1;GCF_000270125.2
orthogroup_157	9	9	GCF_000005845.2;GCF_000006925.2;GCF_000006945.1;GCF_000009065.1;GCF_000018045.1;GCF_000025565.1;GCF_000069965.1;GCF_000240185.1;GCF_000270125.2
orthogroup_158	9	9	GCF_000005845.2;GCF_000006925.2;GCF_000006945.1;GCF_000009065.1;GCF_000018045.1;GCF_000025565.1;GCF_000069965.1;GCF_000240185.1;GCF_000270125.2
orthogroup_159	8	8	GCF_000005845.2;GCF_000006925.2;GCF_000006945.1;GCF_000009065.1;GCF_000018045.1;GCF_000025565.1;GCF_000069965.1;GCF_000240185.1
orthogroup_160	9	9	GCF_000005845.2;GCF_000006925.2;GCF_000006945.1;GCF_000009065.1;GCF_000018045.1;GCF_000025565.1;GCF_000069965.1;GCF_000240185.1;GCF_000270125.2
orthogroup_161	8	8	GCF_000005845.2;GCF_000006925.2;GCF_000006945.1;GCF_000009065.1;GCF_000018045.1;GCF_000025565.1;GCF_000240185.1;GCF_000270125.2
orthogroup_162	9	9	GCF_000005845.2;GCF_000006925.2;GCF_000006945.1;GCF_000009065.1;GCF_000018045.1;GCF_000025565.1;GCF_000069965.1;GCF_000240185.1;GCF_000270125.2
orthogroup_163	10	10	GCF_000005845.2;GCF_000006925.2;GCF_000006945.1;GCF_000009065.1;GCF_000018045.1;GCF_000025565.1;GCF_000069965.1;GCF_000240185.1;GCF_000270125.2;GCF_000762985.1
orthogroup_164	10	10	GCF_000005845.2;GCF_000006925.2;GCF_000006945.1;GCF_000009065.1;GCF_000018045.1;GCF_000025565.1;GCF_000069965.1;GCF_000240185.1;GCF_000270125.2;GCF_000762985.1
orthogroup_165	9	9	GCF_000005845.2;GCF_000006925.2;GCF_000006945.1;GCF_000009065.1;GCF_000018045.1;GCF_000025565.1;GCF_000069965.1;GCF_000240185.1;GCF_000762985.1
orthogroup_166	9	9	GCF_000005845.2;GCF_000006925.2;GCF_000006945.1;GCF_000009065.1;GCF_000018045.1;GCF_000025565.1;GCF_000069965.1;GCF_000240185.1;GCF_000270125.2
orthogroup_167	9	9	GCF_000005845.2;GCF_000006925.2;GCF_000006945.1;GCF_000009065.1;GCF_000018045.1;GCF_000025565.1;GCF_000069965.1;GCF_000240185.1;GCF_000270125.2
orthogroup_168	8	8	GCF_000005845.2;GCF_000006925.2;GCF_000006945.1;GCF_000009065.1;GCF_000018045.1;GCF_000025565.1;GCF_000240185.1;GCF_000270125.2
orthogroup_169	10	10	GCF_000005845.2;GCF_000006925.2;GCF_000006945.1;GCF_000009065.1;GCF_000018045.1;GCF_000025565.1;GCF_000069965.1;GCF_000240185.1;GCF_000270125.2;GCF_000762985.1
orthogroup_170	10	10	GCF_000005845.2;GCF_000006925.2;GCF_000006945.1;GCF_000009065.1;GCF_000018045.1;GCF_000025565.1;GCF_000069965.1;GCF_000240185.1;GCF_000270125.2;GCF_000762985.1
orthogroup_171	9	9	GCF_000005845.2;GCF_000006925.2;GCF_000006945.1;GCF_000009065.1;GCF_000018045.1;GCF_000025565.1;GCF_000069965.1;GCF_000240185.1;GCF_000270125.2
orthogroup_172	9	9	GCF_000005845.2;GCF_000006925.2;GCF_000006945.1;GCF_000009065.1;GCF_000018045.1;GCF_000025565.1;GCF_000069965.1;GCF_000240185.1;GCF_000270125.2
orthogroup_173	9	9	GCF_000005845.2;GCF_000006925.2;GCF_000006945.1;GCF_000009065.1;GCF_000018045.1;GCF_000025565.1;GCF_000069965.1;GCF_000240185.1;GCF_000270125.2
orthogroup_174	9	9	GCF_000005845.2;GCF_000006925.2;GCF_000006945.1;GCF_000009065.1;GCF_000018045.1;GCF_000025565.1;GCF_000069965.1;GCF_000240185.1;GCF_000270125.2
orthogroup_175	9	9	GCF_000005845.2;GCF_000006925.2;GCF_000006945.1;GCF_000009065.1;GCF_000018045.1;GCF_000025565.1;GCF_000069965.1;GCF_000240185.1;GCF_000270125.2
orthogroup_176	8	8	GCF_000005845.2;GCF_000006925.2;GCF_000006945.1;GCF_000009065.1;GCF_000018045.1;GCF_000025565.1;GCF_000069965.1;GCF_000270125.2
orthogroup_177	8	8	GCF_000005845.2;GCF_000006925.2;GCF_000006945.1;GCF_000009065.1;GCF_000018045.1;GCF_000025565.1;GCF_000069965.1;GCF_000270125.2
orthogroup_178	10	10	GCF_000005845.2;GCF_000006925.2;GCF_000006945.1;GCF_000009065.1;GCF_000018045.1;GCF_000025565.1;GCF_000069965.1;GCF_000240185.1;GCF_000270125.2;GCF_000762985.1
orthogroup_179	9	9	GCF_000005845.2;GCF_000006925.2;GCF_000006945.1;GCF_000009065.1;GCF_000018045.1;GCF_000025565.1;GCF_000069965.1;GCF_000240185.1;GCF_000270125.2
orthogroup_180	10	10	GCF_000005845.2;GCF_000006925.2;GCF_000006945.1;GCF_000009065.1;GCF_000018045.1;GCF_000025565.1;GCF_000069965.1;GCF_000240185.1;GCF_000270125.2;GCF_000762985.1
orthogroup_181	9	9	GCF_000005845.2;GCF_000006925.2;GCF_000006945.1;GCF_000009065.1;GCF_000018045.1;GCF_000025565.1;GCF_000069965.1;GCF_000240185.1;GCF_000270125.2
orthogroup_182	9	9	GCF_000005845.2;GCF_000006925.2;GCF_000006945.1;GCF_000009065.1;GCF_000018045.1;GCF_000025565.1;GCF_000069965.1;GCF_000240185.1;GCF_000270125.2
orthogroup_183	9	9	GCF_000005845.2;GCF_000006925.2;GCF_000006945.1;GCF_000009065.1;GCF_000018045.1;GCF_000025565.1;GCF_000069965.1;GCF_000240185.1;GCF_000270125.2
orthogroup_184	10	10	GCF_000005845.2;GCF_000006925.2;GCF_000006945.1;GCF_000009065.1;GCF_000018045.1;GCF_000025565.1;GCF_000069965.1;GCF_000240185.1;GCF_000270125.2;GCF_000762985.1
orthogroup_185	9	9	GCF_000005845.2;GCF_000006925.2;GCF_000006945.1;GCF_000009065.1;GCF_000018045.1;GCF_000025565.1;GCF_000069965.1;GCF_000240185.1;GCF_000270125.2
orthogroup_186	8	8	GCF_000005845.2;GCF_000006925.2;GCF_000006945.1;GCF_000018045.1;GCF_000025565.1;GCF_000240185.1;GCF_000270125.2;GCF_000762985.1
orthogroup_187	9	9	GCF_000005845.2;GCF_000006925.2;GCF_000006945.1;GCF_000009065.1;GCF_000018045.1;GCF_000025565.1;GCF_000069965.1;GCF_000240185.1;GCF_000270125.2
orthogroup_188	8	8	GCF_000005845.2;GCF_000006925.2;GCF_000006945.1;GCF_000009065.1;GCF_000018045.1;GCF_000025565.1;GCF_000240185.1;GCF_000270125.2
orthogroup_189	9	9	GCF_000005845.2;GCF_000006925.2;GCF_000006945.1;GCF_000009065.1;GCF_000018045.1;GCF_000025565.1;GCF_000069965.1;GCF_000240185.1;GCF_000270125.2
orthogroup_190	9	9	GCF_000005845.2;GCF_000006925.2;GCF_000006945.1;GCF_000009065.1;GCF_000018045.1;GCF_000025565.1;GCF_000069965.1;GCF_000240185.1;GCF_000270125.2
orthogroup_191	10	10	GCF_000005845.2;GCF_000006925.2;GCF_000006945.1;GCF_000009065.1;GCF_000018045.1;GCF_000025565.1;GCF_000069965.1;GCF_000240185.1;GCF_000270125.2;GCF_000762985.1
orthogroup_192	10	10	GCF_000005845.2;GCF_000006925.2;GCF_000006945.1;GCF_000009065.1;GCF_000018045.1;GCF_000025565.1;GCF_000069965.1;GCF_000240185.1;GCF_000270125.2;GCF_000762985.1
orthogroup_193	8	8	GCF_000005845.2;GCF_000006925.2;GCF_000006945.1;GCF_000009065.1;GCF_000018045.1;GCF_000025565.1;GCF_000069965.1;GCF_000240185.1
orthogroup_194	9	9	GCF_000005845.2;GCF_000006925.2;GCF_000006945.1;GCF_000009065.1;GCF_000018045.1;GCF_000025565.1;GCF_000069965.1;GCF_000240185.1;GCF_000270125.2
orthogroup_195	8	8	GCF_000005845.2;GCF_000006925.2;GCF_000006945.1;GCF_000018045.1;GCF_000025565.1;GCF_000240185.1;GCF_000270125.2;GCF_000762985.1
orthogroup_196	9	9	GCF_000005845.2;GCF_000006925.2;GCF_000006945.1;GCF_000009065.1;GCF_000018045.1;GCF_000025565.1;GCF_000069965.1;GCF_000240185.1;GCF_000270125.2
orthogroup_197	9	9	GCF_000005845.2;GCF_000006925.2;GCF_000006945.1;GCF_000009065.1;GCF_000018045.1;GCF_000025565.1;GCF_000069965.1;GCF_000240185.1;GCF_000270125.2
orthogroup_198	9	9	GCF_000005845.2;GCF_000006925.2;GCF_000006945.1;GCF_000009065.1;GCF_000018045.1;GCF_000025565.1;GCF_000069965.1;GCF_000240185.1;GCF_000270125.2
orthogroup_199	10	10	GCF_000005845.2;GCF_000006925.2;GCF_000006945.1;GCF_000009065.1;GCF_000018045.1;GCF_000025565.1;GCF_000069965.1;GCF_000240185.1;GCF_000270125.2;GCF_000762985.1
orthogroup_200	10	10	GCF_000005845.2;GCF_000006925.2;GCF_000006945.1;GCF_000009065.1;GCF_000018045.1;GCF_000025565.1;GCF_000069965.1;GCF_000240185.1;GCF_000270125.2;GCF_000762985.1
orthogroup_201	9	9	GCF_000005845.2;GCF_000006925.2;GCF_000006945.1;GCF_000009065.1;GCF_000018045.1;GCF_000025565.1;GCF_000069965.1;GCF_000240185.1;GCF_000270125.2
orthogroup_202	8	8	GCF_000005845.2;GCF_000006925.2;GCF_000006945.1;GCF_000009065.1;GCF_000018045.1;GCF_000025565.1;GCF_000240185.1;GCF_000270125.2
orthogroup_203	10	10	GCF_000005845.2;GCF_000006925.2;GCF_000006945.1;GCF_000009065.1;GCF_000018045.1;GCF_000025565.1;GCF_000069965.1;GCF_000240185.1;GCF_000270125.2;GCF_000762985.1
orthogroup_204	8	8	GCF_000005845.2;GCF_000006925.2;GCF_000006945.1;GCF_000009065.1;GCF_000018045.1;GCF_000025565.1;GCF_000240185.1;GCF_000270125.2
orthogroup_205	10	10	GCF_000005845.2;GCF_000006925.2;GCF_000006945.1;GCF_000009065.1;GCF_000018045.1;GCF_000025565.1;GCF_000069965.1;GCF_000240185.1;GCF_000270125.2;GCF_000762985.1
orthogroup_206	10	10	GCF_000005845.2;GCF_000006925.2;GCF_000006945.1;GCF_000009065.1;GCF_000018045.1;GCF_000025565.1;GCF_000069965.1;GCF_000240185.1;GCF_000270125.2;GCF_000762985.1
orthogroup_207	8	8	GCF_000005845.2;GCF_000006925.2;GCF_000006945.1;GCF_000009065.1;GCF_000018045.1;GCF_000025565.1;GCF_000069965.1;GCF_000240185.1
orthogroup_208	9	9	GCF_000005845.2;GCF_000006925.2;GCF_000006945.1;GCF_000009065.1;GCF_000018045.1;GCF_000025565.1;GCF_000069965.1;GCF_000240185.1;GCF_000270125.2
orthogroup_209	9	9	GCF_000005845.2;GCF_000006925.2;GCF_000006945.1;GCF_000009065.1;GCF_000018045.1;GCF_000025565.1;GCF_000069965.1;GCF_000240185.1;GCF_000270125.2
orthogroup_210	9	9	GCF_000005845.2;GCF_000006925.2;GCF_000006945.1;GCF_000009065.1;GCF_000018045.1;GCF_000025565.1;GCF_000069965.1;GCF_000240185.1;GCF_000270125.2
orthogroup_211	10	10	GCF_000005845.2;GCF_000006925.2;GCF_000006945.1;GCF_000009065.1;GCF_000018045.1;GCF_000025565.1;GCF_000069965.1;GCF_000240185.1;GCF_000270125.2;GCF_000762985.1
orthogroup_212	10	10	GCF_000005845.2;GCF_000006925.2;GCF_000006945.1;GCF_000009065.1;GCF_000018045.1;GCF_000025565.1;GCF_000069965.1;GCF_000240185.1;GCF_000270125.2;GCF_000762985.1
orthogroup_213	10	10	GCF_000005845.2;GCF_000006925.2;GCF_000006945.1;GCF_000009065.1;GCF_000018045.1;GCF_000025565.1;GCF_000069965.1;GCF_000240185.1;GCF_000270125.2;GCF_000762985.1
orthogroup_214	10	10	GCF_000005845.2;GCF_000006925.2;GCF_000006945.1;GCF_000009065.1;GCF_000018045.1;GCF_000025565.1;GCF_000069965.1;GCF_000240185.1;GCF_000270125.2;GCF_000762985.1
orthogroup_215	9	9	GCF_000005845.2;GCF_000006925.2;GCF_000006945.1;GCF_000009065.1;GCF_000018045.1;GCF_000025565.1;GCF_000069965.1;GCF_000240185.1;GCF_000270125.2
orthogroup_216	9	9	GCF_000005845.2;GCF_000006925.2;GCF_000006945.1;GCF_000009065.1;GCF_000018045.1;GCF_000025565.1;GCF_000069965.1;GCF_000240185.1;GCF_000270125.2
orthogroup_217	10	10	GCF_000005845.2;GCF_000006925.2;GCF_000006945.1;GCF_000009065.1;GCF_000018045.1;GCF_000025565.1;GCF_000069965.1;GCF_000240185.1;GCF_000270125.2;GCF_000762985.1
orthogroup_218	9	9	GCF_000005845.2;GCF_000006925.2;GCF_000006945.1;GCF_000009065.1;GCF_000018045.1;GCF_000025565.1;GCF_000069965.1;GCF_000240185.1;GCF_000270125.2
orthogroup_219	9	9	GCF_000005845.2;GCF_000006925.2;GCF_000006945.1;GCF_000009065.1;GCF_000018045.1;GCF_000025565.1;GCF_000069965.1;GCF_000240185.1;GCF_000270125.2
orthogroup_220	9	9	GCF_000005845.2;GCF_000006925.2;GCF_000006945.1;GCF_000009065.1;GCF_000018045.1;GCF_000025565.1;GCF_000069965.1;GCF_000240185.1;GCF_000270125.2
orthogroup_221	8	8	GCF_000005845.2;GCF_000006925.2;GCF_000006945.1;GCF_000018045.1;GCF_000025565.1;GCF_000069965.1;GCF_000240185.1;GCF_000270125.2
orthogroup_222	8	8	GCF_000005845.2;GCF_000006925.2;GCF_000006945.1;GCF_000009065.1;GCF_000018045.1;GCF_000025565.1;GCF_000240185.1;GCF_000270125.2
orthogroup_223	8	8	GCF_000005845.2;GCF_000006925.2;GCF_000006945.1;GCF_000009065.1;GCF_000018045.1;GCF_000025565.1;GCF_000069965.1;GCF_000270125.2
orthogroup_224	9	9	GCF_000005845.2;GCF_000006925.2;GCF_000006945.1;GCF_000009065.1;GCF_000018045.1;GCF_000025565.1;GCF_000069965.1;GCF_000240185.1;GCF_000270125.2
orthogroup_225	9	9	GCF_000005845.2;GCF_000006925.2;GCF_000006945.1;GCF_000009065.1;GCF_000018045.1;GCF_000025565.1;GCF_000069965.1;GCF_000240185.1;GCF_000270125.2
orthogroup_226	9	9	GCF_000005845.2;GCF_000006925.2;GCF_000006945.1;GCF_000009065.1;GCF_000018045.1;GCF_000025565.1;GCF_000069965.1;GCF_000240185.1;GCF_000270125.2
orthogroup_227	10	10	GCF_000005845.2;GCF_000006925.2;GCF_000006945.1;GCF_000009065.1;GCF_000018045.1;GCF_000025565.1;GCF_000069965.1;GCF_000240185.1;GCF_000270125.2;GCF_000762985.1
orthogroup_228	9	9	GCF_000005845.2;GCF_000006925.2;GCF_000006945.1;GCF_000009065.1;GCF_000018045.1;GCF_000025565.1;GCF_000069965.1;GCF_000240185.1;GCF_000270125.2
orthogroup_229	9	9	GCF_000005845.2;GCF_000006925.2;GCF_000006945.1;GCF_000009065.1;GCF_000018045.1;GCF_000025565.1;GCF_000069965.1;GCF_000240185.1;GCF_000270125.2
orthogroup_230	9	9	GCF_000005845.2;GCF_000006925.2;GCF_000006945.1;GCF_000009065.1;GCF_000018045.1;GCF_000025565.1;GCF_000069965.1;GCF_000240185.1;GCF_000270125.2
orthogroup_231	8	8	GCF_000005845.2;GCF_000006925.2;GCF_000006945.1;GCF_000009065.1;GCF_000018045.1;GCF_000025565.1;GCF_000240185.1;GCF_000270125.2
orthogroup_232	8	8	GCF_000005845.2;GCF_000006925.2;GCF_000006945.1;GCF_000009065.1;GCF_000018045.1;GCF_000025565.1;GCF_000240185.1;GCF_000270125.2
orthogroup_233	9	9	GCF_000005845.2;GCF_000006925.2;GCF_000006945.1;GCF_000009065.1;GCF_000018045.1;GCF_000025565.1;GCF_000069965.1;GCF_000240185.1;GCF_000270125.2
orthogroup_234	10	10	GCF_000005845.2;GCF_000006925.2;GCF_000006945.1;GCF_000009065.1;GCF_000018045.1;GCF_000025565.1;GCF_000069965.1;GCF_000240185.1;GCF_000270125.2;GCF_000762985.1
orthogroup_235	9	9	GCF_000005845.2;GCF_000006925.2;GCF_000006945.1;GCF_000009065.1;GCF_000018045.1;GCF_000025565.1;GCF_000069965.1;GCF_000240185.1;GCF_000270125.2
orthogroup_236	9	9	GCF_000005845.2;GCF_000006925.2;GCF_000006945.1;GCF_000009065.1;GCF_000018045.1;GCF_000025565.1;GCF_000069965.1;GCF_000240185.1;GCF_000270125.2
orthogroup_237	8	8	GCF_000005845.2;GCF_000006925.2;GCF_000006945.1;GCF_000009065.1;GCF_000018045.1;GCF_000025565.1;GCF_000069965.1;GCF_000240185.1
orthogroup_238	9	9	GCF_000005845.2;GCF_000006925.2;GCF_000006945.1;GCF_000009065.1;GCF_000018045.1;GCF_000025565.1;GCF_000069965.1;GCF_000240185.1;GCF_000270125.2
orthogroup_239	9	9	GCF_000005845.2;GCF_000006925.2;GCF_000006945.1;GCF_000009065.1;GCF_000018045.1;GCF_000025565.1;GCF_000069965.1;GCF_000240185.1;GCF_000270125.2
orthogroup_240	9	9	GCF_000005845.2;GCF_000006925.2;GCF_000006945.1;GCF_000009065.1;GCF_000018045.1;GCF_000025565.1;GCF_000069965.1;GCF_000240185.1;GCF_000270125.2
orthogroup_241	9	9	GCF_000005845.2;GCF_000006925.2;GCF_000006945.1;GCF_000009065.1;GCF_000018045.1;GCF_000025565.1;GCF_000069965.1;GCF_000240185.1;GCF_000270125.2
orthogroup_242	10	10	GCF_000005845.2;GCF_000006925.2;GCF_000006945.1;GCF_000009065.1;GCF_000018045.1;GCF_000025565.1;GCF_000069965.1;GCF_000240185.1;GCF_000270125.2;GCF_000762985.1
orthogroup_243	8	8	GCF_000005845.2;GCF_000006925.2;GCF_000006945.1;GCF_000009065.1;GCF_000018045.1;GCF_000025565.1;GCF_000240185.1;GCF_000270125.2
orthogroup_244	9	9	GCF_000005845.2;GCF_000006925.2;GCF_000006945.1;GCF_000009065.1;GCF_000018045.1;GCF_000025565.1;GCF_000069965.1;GCF_000240185.1;GCF_000270125.2
orthogroup_245	8	8	GCF_000005845.2;GCF_000006925.2;GCF_000006945.1;GCF_000009065.1;GCF_000018045.1;GCF_000025565.1;GCF_000069965.1;GCF_000270125.2
orthogroup_246	9	9	GCF_000005845.2;GCF_000006925.2;GCF_000006945.1;GCF_000009065.1;GCF_000018045.1;GCF_000025565.1;GCF_000069965.1;GCF_000240185.1;GCF_000270125.2
orthogroup_247	10	10	GCF_000005845.2;GCF_000006925.2;GCF_000006945.1;GCF_000009065.1;GCF_000018045.1;GCF_000025565.1;GCF_000069965.1;GCF_000240185.1;GCF_000270125.2;GCF_000762985.1
orthogroup_248	9	9	GCF_000005845.2;GCF_000006925.2;GCF_000006945.1;GCF_000009065.1;GCF_000018045.1;GCF_000025565.1;GCF_000069965.1;GCF_000240185.1;GCF_000270125.2
orthogroup_249	9	9	GCF_000005845.2;GCF_000006925.2;GCF_000006945.1;GCF_000009065.1;GCF_000018045.1;GCF_000025565.1;GCF_000069965.1;GCF_000240185.1;GCF_000270125.2
orthogroup_250	10	10	GCF_000005845.2;GCF_000006925.2;GCF_000006945.1;GCF_000009065.1;GCF_000018045.1;GCF_000025565.1;GCF_000069965.1;GCF_000240185.1;GCF_000270125.2;GCF_000762985.1
orthogroup_251	8	8	GCF_000005845.2;GCF_000006925.2;GCF_000006945.1;GCF_000009065.1;GCF_000018045.1;GCF_000025565.1;GCF_000240185.1;GCF_000270125.2
orthogroup_252	9	9	GCF_000005845.2;GCF_000006925.2;GCF_000006945.1;GCF_000009065.1;GCF_000018045.1;GCF_000025565.1;GCF_000069965.1;GCF_000240185.1;GCF_000270125.2
orthogroup_253	10	10	GCF_000005845.2;GCF_000006925.2;GCF_000006945.1;GCF_000009065.1;GCF_000018045.1;GCF_000025565.1;GCF_000069965.1;GCF_000240185.1;GCF_000270125.2;GCF_000762985.1
orthogroup_254	10	10	GCF_000005845.2;GCF_000006925.2;GCF_000006945.1;GCF_000009065.1;GCF_000018045.1;GCF_000025565.1;GCF_000069965.1;GCF_000240185.1;GCF_000270125.2;GCF_000762985.1
orthogroup_255	8	8	GCF_000005845.2;GCF_000006925.2;GCF_000006945.1;GCF_000009065.1;GCF_000018045.1;GCF_000025565.1;GCF_000069965.1;GCF_000240185.1
orthogroup_256	9	9	GCF_000005845.2;GCF_000006925.2;GCF_000006945.1;GCF_000009065.1;GCF_000018045.1;GCF_000025565.1;GCF_000240185.1;GCF_000270125.2;GCF_000762985.1
orthogroup_257	9	9	GCF_000005845.2;GCF_000006925.2;GCF_000006945.1;GCF_000009065.1;GCF_000018045.1;GCF_000025565.1;GCF_000069965.1;GCF_000240185.1;GCF_000270125.2
orthogroup_258	9	9	GCF_000005845.2;GCF_000006925.2;GCF_000006945.1;GCF_000009065.1;GCF_000018045.1;GCF_000025565.1;GCF_000069965.1;GCF_000240185.1;GCF_000270125.2
orthogroup_259	9	9	GCF_000005845.2;GCF_000006925.2;GCF_000006945.1;GCF_000009065.1;GCF_000018045.1;GCF_000025565.1;GCF_000069965.1;GCF_000240185.1;GCF_000270125.2
orthogroup_260	8	8	GCF_000005845.2;GCF_000006925.2;GCF_000006945.1;GCF_000018045.1;GCF_000025565.1;GCF_000069965.1;GCF_000240185.1;GCF_000270125.2
orthogroup_261	10	10	GCF_000005845.2;GCF_000006925.2;GCF_000006945.1;GCF_000009065.1;GCF_000018045.1;GCF_000025565.1;GCF_000069965.1;GCF_000240185.1;GCF_000270125.2;GCF_000762985.1
orthogroup_262	9	9	GCF_000005845.2;GCF_000006925.2;GCF_000006945.1;GCF_000009065.1;GCF_000018045.1;GCF_000069965.1;GCF_000240185.1;GCF_000270125.2;GCF_000762985.1
orthogroup_263	9	9	GCF_000005845.2;GCF_000006925.2;GCF_000006945.1;GCF_000009065.1;GCF_000018045.1;GCF_000025565.1;GCF_000069965.1;GCF_000240185.1;GCF_000270125.2
orthogroup_264	9	9	GCF_000005845.2;GCF_000006925.2;GCF_000006945.1;GCF_000018045.1;GCF_000025565.1;GCF_000069965.1;GCF_000240185.1;GCF_000270125.2;GCF_000762985.1
orthogroup_265	10	10	GCF_000005845.2;GCF_000006925.2;GCF_000006945.1;GCF_000009065.1;GCF_000018045.1;GCF_000025565.1;GCF_000069965.1;GCF_000240185.1;GCF_000270125.2;GCF_000762985.1
orthogroup_266	9	9	GCF_000005845.2;GCF_000006925.2;GCF_000006945.1;GCF_000009065.1;GCF_000018045.1;GCF_000025565.1;GCF_000069965.1;GCF_000240185.1;GCF_000270125.2
orthogroup_267	10	10	GCF_000005845.2;GCF_000006925.2;GCF_000006945.1;GCF_000009065.1;GCF_000018045.1;GCF_000025565.1;GCF_000069965.1;GCF_000240185.1;GCF_000270125.2;GCF_000762985.1
orthogroup_268	9	9	GCF_000005845.2;GCF_000006925.2;GCF_000006945.1;GCF_000009065.1;GCF_000018045.1;GCF_000025565.1;GCF_000069965.1;GCF_000240185.1;GCF_000270125.2
orthogroup_269	8	8	GCF_000005845.2;GCF_000006925.2;GCF_000006945.1;GCF_000018045.1;GCF_000025565.1;GCF_000240185.1;GCF_000270125.2;GCF_000762985.1
orthogroup_270	9	9	GCF_000005845.2;GCF_000006925.2;GCF_000006945.1;GCF_000009065.1;GCF_000018045.1;GCF_000025565.1;GCF_000069965.1;GCF_000240185.1;GCF_000270125.2
orthogroup_271	8	8	GCF_000005845.2;GCF_000006925.2;GCF_000006945.1;GCF_000009065.1;GCF_000018045.1;GCF_000025565.1;GCF_000069965.1;GCF_000240185.1
orthogroup_272	9	9	GCF_000005845.2;GCF_000006925.2;GCF_000006945.1;GCF_000009065.1;GCF_000018045.1;GCF_000025565.1;GCF_000069965.1;GCF_000240185.1;GCF_000270125.2
orthogroup_273	8	8	GCF_000005845.2;GCF_000006925.2;GCF_000006945.1;GCF_000009065.1;GCF_000018045.1;GCF_000025565.1;GCF_000240185.1;GCF_000762985.1
orthogroup_274	9	9	GCF_000005845.2;GCF_000006925.2;GCF_000006945.1;GCF_000009065.1;GCF_000018045.1;GCF_000025565.1;GCF_000069965.1;GCF_000240185.1;GCF_000270125.2
orthogroup_275	8	8	GCF_000005845.2;GCF_000006925.2;GCF_000006945.1;GCF_000009065.1;GCF_000018045.1;GCF_000025565.1;GCF_000069965.1;GCF_000270125.2
orthogroup_276	8	8	GCF_000005845.2;GCF_000006925.2;GCF_000006945.1;GCF_000009065.1;GCF_000018045.1;GCF_000025565.1;GCF_000069965.1;GCF_000270125.2
orthogroup_277	8	8	GCF_000005845.2;GCF_000006925.2;GCF_000006945.1;GCF_000009065.1;GCF_000018045.1;GCF_000025565.1;GCF_000240185.1;GCF_000270125.2
orthogroup_278	9	9	GCF_000005845.2;GCF_000006925.2;GCF_000006945.1;GCF_000009065.1;GCF_000018045.1;GCF_000025565.1;GCF_000069965.1;GCF_000240185.1;GCF_000270125.2
orthogroup_279	9	9	GCF_000005845.2;GCF_000006925.2;GCF_000006945.1;GCF_000009065.1;GCF_000018045.1;GCF_000025565.1;GCF_000069965.1;GCF_000240185.1;GCF_000270125.2
orthogroup_280	9	9	GCF_000005845.2;GCF_000006925.2;GCF_000006945.1;GCF_000009065.1;GCF_000018045.1;GCF_000025565.1;GCF_000069965.1;GCF_000240185.1;GCF_000270125.2
orthogroup_281	9	9	GCF_000005845.2;GCF_000006925.2;GCF_000006945.1;GCF_000009065.1;GCF_000018045.1;GCF_000025565.1;GCF_000069965.1;GCF_000240185.1;GCF_000270125.2
orthogroup_282	10	10	GCF_000005845.2;GCF_000006925.2;GCF_000006945.1;GCF_000009065.1;GCF_000018045.1;GCF_000025565.1;GCF_000069965.1;GCF_000240185.1;GCF_000270125.2;GCF_000762985.1
orthogroup_283	8	8	GCF_000005845.2;GCF_000006925.2;GCF_000006945.1;GCF_000018045.1;GCF_000025565.1;GCF_000069965.1;GCF_000240185.1;GCF_000270125.2
orthogroup_284	9	9	GCF_000005845.2;GCF_000006925.2;GCF_000006945.1;GCF_000009065.1;GCF_000018045.1;GCF_000025565.1;GCF_000069965.1;GCF_000240185.1;GCF_000270125.2
orthogroup_285	8	8	GCF_000005845.2;GCF_000006925.2;GCF_000006945.1;GCF_000009065.1;GCF_000018045.1;GCF_000025565.1;GCF_000069965.1;GCF_000240185.1
orthogroup_286	9	9	GCF_000005845.2;GCF_000006925.2;GCF_000006945.1;GCF_000009065.1;GCF_000018045.1;GCF_000025565.1;GCF_000069965.1;GCF_000240185.1;GCF_000762985.1
orthogroup_287	9	9	GCF_000005845.2;GCF_000006925.2;GCF_000006945.1;GCF_000009065.1;GCF_000018045.1;GCF_000025565.1;GCF_000069965.1;GCF_000240185.1;GCF_000270125.2
orthogroup_288	8	8	GCF_000005845.2;GCF_000006925.2;GCF_000006945.1;GCF_000009065.1;GCF_000018045.1;GCF_000025565.1;GCF_000240185.1;GCF_000270125.2
orthogroup_289	9	9	GCF_000005845.2;GCF_000006925.2;GCF_000006945.1;GCF_000009065.1;GCF_000018045.1;GCF_000025565.1;GCF_000069965.1;GCF_000240185.1;GCF_000270125.2
orthogroup_290	9	9	GCF_000005845.2;GCF_000006925.2;GCF_000006945.1;GCF_000009065.1;GCF_000018045.1;GCF_000025565.1;GCF_000069965.1;GCF_000240185.1;GCF_000270125.2
orthogroup_291	9	9	GCF_000005845.2;GCF_000006925.2;GCF_000006945.1;GCF_000009065.1;GCF_000018045.1;GCF_000025565.1;GCF_000069965.1;GCF_000240185.1;GCF_000270125.2
orthogroup_292	8	8	GCF_000005845.2;GCF_000006925.2;GCF_000006945.1;GCF_000009065.1;GCF_000018045.1;GCF_000025565.1;GCF_000069965.1;GCF_000240185.1
orthogroup_293	9	9	GCF_000005845.2;GCF_000006925.2;GCF_000006945.1;GCF_000009065.1;GCF_000018045.1;GCF_000025565.1;GCF_000069965.1;GCF_000240185.1;GCF_000270125.2
orthogroup_294	9	9	GCF_000005845.2;GCF_000006925.2;GCF_000006945.1;GCF_000009065.1;GCF_000018045.1;GCF_000025565.1;GCF_000069965.1;GCF_000240185.1;GCF_000270125.2
orthogroup_295	10	10	GCF_000005845.2;GCF_000006925.2;GCF_000006945.1;GCF_000009065.1;GCF_000018045.1;GCF_000025565.1;GCF_000069965.1;GCF_000240185.1;GCF_000270125.2;GCF_000762985.1
orthogroup_296	10	10	GCF_000005845.2;GCF_000006925.2;GCF_000006945.1;GCF_000009065.1;GCF_000018045.1;GCF_000025565.1;GCF_000069965.1;GCF_000240185.1;GCF_000270125.2;GCF_000762985.1
orthogroup_297	10	10	GCF_000005845.2;GCF_000006925.2;GCF_000006945.1;GCF_000009065.1;GCF_000018045.1;GCF_000025565.1;GCF_000069965.1;GCF_000240185.1;GCF_000270125.2;GCF_000762985.1
orthogroup_298	9	9	GCF_000005845.2;GCF_000006925.2;GCF_000006945.1;GCF_000009065.1;GCF_000018045.1;GCF_000025565.1;GCF_000069965.1;GCF_000240185.1;GCF_000270125.2
orthogroup_299	9	9	GCF_000005845.2;GCF_000006925.2;GCF_000006945.1;GCF_000009065.1;GCF_000018045.1;GCF_000025565.1;GCF_000069965.1;GCF_000240185.1;GCF_000270125.2
orthogroup_300	8	8	GCF_000005845.2;GCF_000006925.2;GCF_000006945.1;GCF_000009065.1;GCF_000018045.1;GCF_000025565.1;GCF_000240185.1;GCF_000270125.2
orthogroup_301	8	8	GCF_000005845.2;GCF_000006925.2;GCF_000006945.1;GCF_000009065.1;GCF_000018045.1;GCF_000025565.1;GCF_000069965.1;GCF_000270125.2
orthogroup_302	10	10	GCF_000005845.2;GCF_000006925.2;GCF_000006945.1;GCF_000009065.1;GCF_000018045.1;GCF_000025565.1;GCF_000069965.1;GCF_000240185.1;GCF_000270125.2;GCF_000762985.1
orthogroup_303	9	9	GCF_000005845.2;GCF_000006925.2;GCF_000006945.1;GCF_000009065.1;GCF_000018045.1;GCF_000025565.1;GCF_000069965.1;GCF_000240185.1;GCF_000270125.2
orthogroup_304	9	9	GCF_000005845.2;GCF_000006925.2;GCF_000006945.1;GCF_000009065.1;GCF_000018045.1;GCF_000025565.1;GCF_000069965.1;GCF_000240185.1;GCF_000270125.2
orthogroup_305	9	9	GCF_000005845.2;GCF_000006925.2;GCF_000006945.1;GCF_000009065.1;GCF_000018045.1;GCF_000025565.1;GCF_000069965.1;GCF_000240185.1;GCF_000270125.2
orthogroup_306	10	10	GCF_000005845.2;GCF_000006925.2;GCF_000006945.1;GCF_000009065.1;GCF_000018045.1;GCF_000025565.1;GCF_000069965.1;GCF_000240185.1;GCF_000270125.2;GCF_000762985.1
orthogroup_307	9	9	GCF_000005845.2;GCF_000006925.2;GCF_000006945.1;GCF_000009065.1;GCF_000018045.1;GCF_000025565.1;GCF_000069965.1;GCF_000240185.1;GCF_000270125.2
orthogroup_308	8	8	GCF_000005845.2;GCF_000006925.2;GCF_000006945.1;GCF_000009065.1;GCF_000018045.1;GCF_000025565.1;GCF_000240185.1;GCF_000270125.2
orthogroup_309	9	9	GCF_000005845.2;GCF_000006925.2;GCF_000006945.1;GCF_000009065.1;GCF_000018045.1;GCF_000025565.1;GCF_000069965.1;GCF_000240185.1;GCF_000270125.2
orthogroup_310	10	10	GCF_000005845.2;GCF_000006925.2;GCF_000006945.1;GCF_000009065.1;GCF_000018045.1;GCF_000025565.1;GCF_000069965.1;GCF_000240185.1;GCF_000270125.2;GCF_000762985.1
orthogroup_311	9	9	GCF_000005845.2;GCF_000006925.2;GCF_000006945.1;GCF_000009065.1;GCF_000018045.1;GCF_000025565.1;GCF_000069965.1;GCF_000240185.1;GCF_000270125.2
orthogroup_312	10	10	GCF_000005845.2;GCF_000006925.2;GCF_000006945.1;GCF_000009065.1;GCF_000018045.1;GCF_000025565.1;GCF_000069965.1;GCF_000240185.1;GCF_000270125.2;GCF_000762985.1
orthogroup_313	8	8	GCF_000005845.2;GCF_000006925.2;GCF_000006945.1;GCF_000009065.1;GCF_000018045.1;GCF_000025565.1;GCF_000240185.1;GCF_000270125.2
orthogroup_314	8	8	GCF_000005845.2;GCF_000006925.2;GCF_000006945.1;GCF_000009065.1;GCF_000018045.1;GCF_000025565.1;GCF_000240185.1;GCF_000270125.2
orthogroup_315	9	9	GCF_000005845.2;GCF_000006925.2;GCF_000006945.1;GCF_000009065.1;GCF_000018045.1;GCF_000025565.1;GCF_000069965.1;GCF_000240185.1;GCF_000270125.2
orthogroup_316	9	9	GCF_000005845.2;GCF_000006925.2;GCF_000006945.1;GCF_000009065.1;GCF_000018045.1;GCF_000025565.1;GCF_000069965.1;GCF_000240185.1;GCF_000270125.2
orthogroup_317	9	9	GCF_000005845.2;GCF_000006925.2;GCF_000006945.1;GCF_000009065.1;GCF_000018045.1;GCF_000025565.1;GCF_000069965.1;GCF_000240185.1;GCF_000270125.2
orthogroup_318	9	9	GCF_000005845.2;GCF_000006925.2;GCF_000006945.1;GCF_000009065.1;GCF_000018045.1;GCF_000025565.1;GCF_000240185.1;GCF_000270125.2;GCF_000762985.1
orthogroup_319	9	9	GCF_000005845.2;GCF_000006925.2;GCF_000006945.1;GCF_000009065.1;GCF_000018045.1;GCF_000025565.1;GCF_000069965.1;GCF_000240185.1;GCF_000270125.2
orthogroup_320	9	9	GCF_000005845.2;GCF_000006925.2;GCF_000006945.1;GCF_000009065.1;GCF_000018045.1;GCF_000025565.1;GCF_000069965.1;GCF_000240185.1;GCF_000270125.2
orthogroup_321	9	9	GCF_000005845.2;GCF_000006925.2;GCF_000006945.1;GCF_000009065.1;GCF_000018045.1;GCF_000025565.1;GCF_000069965.1;GCF_000240185.1;GCF_000270125.2
orthogroup_322	8	8	GCF_000005845.2;GCF_000006925.2;GCF_000009065.1;GCF_000018045.1;GCF_000025565.1;GCF_000240185.1;GCF_000270125.2;GCF_000762985.1
orthogroup_323	9	9	GCF_000005845.2;GCF_000006925.2;GCF_000006945.1;GCF_000009065.1;GCF_000018045.1;GCF_000025565.1;GCF_000069965.1;GCF_000240185.1;GCF_000270125.2
orthogroup_324	10	10	GCF_000005845.2;GCF_000006925.2;GCF_000006945.1;GCF_000009065.1;GCF_000018045.1;GCF_000025565.1;GCF_000069965.1;GCF_000240185.1;GCF_000270125.2;GCF_000762985.1
orthogroup_325	10	10	GCF_000005845.2;GCF_000006925.2;GCF_000006945.1;GCF_000009065.1;GCF_000018045.1;GCF_000025565.1;GCF_000069965.1;GCF_000240185.1;GCF_000270125.2;GCF_000762985.1
orthogroup_326	9	9	GCF_000005845.2;GCF_000006925.2;GCF_000006945.1;GCF_000009065.1;GCF_000018045.1;GCF_000025565.1;GCF_000069965.1;GCF_000240185.1;GCF_000270125.2
orthogroup_327	9	9	GCF_000005845.2;GCF_000006925.2;GCF_000006945.1;GCF_000009065.1;GCF_000018045.1;GCF_000025565.1;GCF_000069965.1;GCF_000240185.1;GCF_000270125.2
orthogroup_328	9	9	GCF_000005845.2;GCF_000006925.2;GCF_000006945.1;GCF_000009065.1;GCF_000018045.1;GCF_000025565.1;GCF_000069965.1;GCF_000240185.1;GCF_000270125.2
orthogroup_329	9	9	GCF_000005845.2;GCF_000006925.2;GCF_000006945.1;GCF_000009065.1;GCF_000018045.1;GCF_000025565.1;GCF_000069965.1;GCF_000240185.1;GCF_000270125.2
orthogroup_330	10	10	GCF_000005845.2;GCF_000006925.2;GCF_000006945.1;GCF_000009065.1;GCF_000018045.1;GCF_000025565.1;GCF_000069965.1;GCF_000240185.1;GCF_000270125.2;GCF_000762985.1
orthogroup_331	8	8	GCF_000005845.2;GCF_000006925.2;GCF_000006945.1;GCF_000009065.1;GCF_000018045.1;GCF_000025565.1;GCF_000240185.1;GCF_000270125.2
orthogroup_332	8	8	GCF_000005845.2;GCF_000006925.2;GCF_000006945.1;GCF_000009065.1;GCF_000018045.1;GCF_000025565.1;GCF_000240185.1;GCF_000270125.2
orthogroup_333	8	8	GCF_000005845.2;GCF_000006925.2;GCF_000006945.1;GCF_000009065.1;GCF_000018045.1;GCF_000025565.1;GCF_000069965.1;GCF_000240185.1
orthogroup_334	9	9	GCF_000005845.2;GCF_000006925.2;GCF_000006945.1;GCF_000009065.1;GCF_000018045.1;GCF_000025565.1;GCF_000240185.1;GCF_000270125.2;GCF_000762985.1
orthogroup_335	9	9	GCF_000005845.2;GCF_000006925.2;GCF_000006945.1;GCF_000009065.1;GCF_000018045.1;GCF_000025565.1;GCF_000069965.1;GCF_000240185.1;GCF_000270125.2
orthogroup_336	9	9	GCF_000005845.2;GCF_000006925.2;GCF_000006945.1;GCF_000009065.1;GCF_000018045.1;GCF_000025565.1;GCF_000069965.1;GCF_000240185.1;GCF_000270125.2
orthogroup_337	9	9	GCF_000005845.2;GCF_000006925.2;GCF_000006945.1;GCF_000009065.1;GCF_000018045.1;GCF_000025565.1;GCF_000069965.1;GCF_000240185.1;GCF_000270125.2
orthogroup_338	10	10	GCF_000005845.2;GCF_000006925.2;GCF_000006945.1;GCF_000009065.1;GCF_000018045.1;GCF_000025565.1;GCF_000069965.1;GCF_000240185.1;GCF_000270125.2;GCF_000762985.1
orthogroup_339	9	9	GCF_000005845.2;GCF_000006925.2;GCF_000006945.1;GCF_000009065.1;GCF_000018045.1;GCF_000025565.1;GCF_000069965.1;GCF_000240185.1;GCF_000270125.2
orthogroup_340	9	9	GCF_000005845.2;GCF_000006925.2;GCF_000006945.1;GCF_000009065.1;GCF_000018045.1;GCF_000025565.1;GCF_000069965.1;GCF_000240185.1;GCF_000270125.2
orthogroup_341	8	8	GCF_000005845.2;GCF_000006925.2;GCF_000006945.1;GCF_000009065.1;GCF_000018045.1;GCF_000025565.1;GCF_000240185.1;GCF_000270125.2
orthogroup_342	10	10	GCF_000005845.2;GCF_000006925.2;GCF_000006945.1;GCF_000009065.1;GCF_000018045.1;GCF_000025565.1;GCF_000069965.1;GCF_000240185.1;GCF_000270125.2;GCF_000762985.1
orthogroup_343	10	10	GCF_000005845.2;GCF_000006925.2;GCF_000006945.1;GCF_000009065.1;GCF_000018045.1;GCF_000025565.1;GCF_000069965.1;GCF_000240185.1;GCF_000270125.2;GCF_000762985.1
orthogroup_344	9	9	GCF_000005845.2;GCF_000006925.2;GCF_000006945.1;GCF_000009065.1;GCF_000018045.1;GCF_000025565.1;GCF_000069965.1;GCF_000240185.1;GCF_000270125.2
orthogroup_345	10	10	GCF_000005845.2;GCF_000006925.2;GCF_000006945.1;GCF_000009065.1;GCF_000018045.1;GCF_000025565.1;GCF_000069965.1;GCF_000240185.1;GCF_000270125.2;GCF_000762985.1
orthogroup_346	9	9	GCF_000005845.2;GCF_000006925.2;GCF_000006945.1;GCF_000009065.1;GCF_000018045.1;GCF_000025565.1;GCF_000069965.1;GCF_000240185.1;GCF_000270125.2
orthogroup_347	8	8	GCF_000005845.2;GCF_000006925.2;GCF_000006945.1;GCF_000009065.1;GCF_000018045.1;GCF_000025565.1;GCF_000240185.1;GCF_000270125.2
orthogroup_348	9	9	GCF_000005845.2;GCF_000006925.2;GCF_000006945.1;GCF_000009065.1;GCF_000018045.1;GCF_000025565.1;GCF_000069965.1;GCF_000240185.1;GCF_000270125.2
orthogroup_349	8	8	GCF_000005845.2;GCF_000006925.2;GCF_000006945.1;GCF_000009065.1;GCF_000018045.1;GCF_000025565.1;GCF_000069965.1;GCF_000270125.2
orthogroup_350	9	9	GCF_000005845.2;GCF_000006925.2;GCF_000006945.1;GCF_000009065.1;GCF_000018045.1;GCF_000025565.1;GCF_000069965.1;GCF_000240185.1;GCF_000270125.2
orthogroup_351	8	8	GCF_000005845.2;GCF_000006925.2;GCF_000006945.1;GCF_000009065.1;GCF_000025565.1;GCF_000069965.1;GCF_000240185.1;GCF_000270125.2
orthogroup_352	10	10	GCF_000005845.2;GCF_000006925.2;GCF_000006945.1;GCF_000009065.1;GCF_000018045.1;GCF_000025565.1;GCF_000069965.1;GCF_000240185.1;GCF_000270125.2;GCF_000762985.1
orthogroup_353	9	9	GCF_000005845.2;GCF_000006925.2;GCF_000006945.1;GCF_000009065.1;GCF_000018045.1;GCF_000025565.1;GCF_000069965.1;GCF_000240185.1;GCF_000270125.2
orthogroup_354	9	9	GCF_000005845.2;GCF_000006925.2;GCF_000006945.1;GCF_000009065.1;GCF_000018045.1;GCF_000025565.1;GCF_000240185.1;GCF_000270125.2;GCF_000762985.1
orthogroup_355	9	9	GCF_000005845.2;GCF_000006925.2;GCF_000006945.1;GCF_000009065.1;GCF_000018045.1;GCF_000025565.1;GCF_000069965.1;GCF_000240185.1;GCF_000270125.2
orthogroup_356	8	8	GCF_000005845.2;GCF_000006925.2;GCF_000006945.1;GCF_000009065.1;GCF_000018045.1;GCF_000025565.1;GCF_000069965.1;GCF_000240185.1
orthogroup_357	9	9	GCF_000005845.2;GCF_000006925.2;GCF_000006945.1;GCF_000009065.1;GCF_000018045.1;GCF_000025565.1;GCF_000069965.1;GCF_000240185.1;GCF_000270125.2
orthogroup_358	10	10	GCF_000005845.2;GCF_000006925.2;GCF_000006945.1;GCF_000009065.1;GCF_000018045.1;GCF_000025565.1;GCF_000069965.1;GCF_000240185.1;GCF_000270125.2;GCF_000762985.1
orthogroup_359	9	9	GCF_000005845.2;GCF_000006925.2;GCF_000006945.1;GCF_000009065.1;GCF_000018045.1;GCF_000025565.1;GCF_000069965.1;GCF_000240185.1;GCF_000270125.2
orthogroup_360	10	10	GCF_000005845.2;GCF_000006925.2;GCF_000006945.1;GCF_000009065.1;GCF_000018045.1;GCF_000025565.1;GCF_000069965.1;GCF_000240185.1;GCF_000270125.2;GCF_000762985.1
orthogroup_361	9	9	GCF_000005845.2;GCF_000006925.2;GCF_000006945.1;GCF_000009065.1;GCF_000018045.1;GCF_000025565.1;GCF_000069965.1;GCF_000240185.1;GCF_000270125.2
orthogroup_362	9	9	GCF_000005845.2;GCF_000006925.2;GCF_000006945.1;GCF_000009065.1;GCF_000018045.1;GCF_000025565.1;GCF_000069965.1;GCF_000240185.1;GCF_000270125.2
orthogroup_363	10	10	GCF_000005845.2;GCF_000006925.2;GCF_000006945.1;GCF_000009065.1;GCF_000018045.1;GCF_000025565.1;GCF_000069965.1;GCF_000240185.1;GCF_000270125.2;GCF_000762985.1
orthogroup_364	9	9	GCF_000005845.2;GCF_000006925.2;GCF_000006945.1;GCF_000009065.1;GCF_000018045.1;GCF_000025565.1;GCF_000069965.1;GCF_000240185.1;GCF_000270125.2
orthogroup_365	9	9	GCF_000005845.2;GCF_000006925.2;GCF_000006945.1;GCF_000009065.1;GCF_000018045.1;GCF_000025565.1;GCF_000069965.1;GCF_000240185.1;GCF_000270125.2
orthogroup_366	8	8	GCF_000005845.2;GCF_000006925.2;GCF_000006945.1;GCF_000009065.1;GCF_000018045.1;GCF_000025565.1;GCF_000069965.1;GCF_000270125.2
orthogroup_367	9	9	GCF_000005845.2;GCF_000006925.2;GCF_000006945.1;GCF_000009065.1;GCF_000018045.1;GCF_000025565.1;GCF_000069965.1;GCF_000240185.1;GCF_000270125.2
orthogroup_368	8	8	GCF_000005845.2;GCF_000006925.2;GCF_000006945.1;GCF_000009065.1;GCF_000018045.1;GCF_000025565.1;GCF_000240185.1;GCF_000270125.2
orthogroup_369	9	9	GCF_000005845.2;GCF_000006925.2;GCF_000006945.1;GCF_000009065.1;GCF_000018045.1;GCF_000025565.1;GCF_000069965.1;GCF_000240185.1;GCF_000270125.2
orthogroup_370	9	9	GCF_000005845.2;GCF_000006925.2;GCF_000006945.1;GCF_000009065.1;GCF_000018045.1;GCF_000025565.1;GCF_000069965.1;GCF_000240185.1;GCF_000270125.2
orthogroup_371	9	9	GCF_000005845.2;GCF_000006925.2;GCF_000006945.1;GCF_000009065.1;GCF_000018045.1;GCF_000025565.1;GCF_000069965.1;GCF_000240185.1;GCF_000270125.2
orthogroup_372	9	9	GCF_000005845.2;GCF_000006925.2;GCF_000006945.1;GCF_000009065.1;GCF_000018045.1;GCF_000025565.1;GCF_000069965.1;GCF_000240185.1;GCF_000270125.2
orthogroup_373	9	9	GCF_000005845.2;GCF_000006925.2;GCF_000006945.1;GCF_000009065.1;GCF_000018045.1;GCF_000025565.1;GCF_000069965.1;GCF_000240185.1;GCF_000270125.2
orthogroup_374	10	10	GCF_000005845.2;GCF_000006925.2;GCF_000006945.1;GCF_000009065.1;GCF_000018045.1;GCF_000025565.1;GCF_000069965.1;GCF_000240185.1;GCF_000270125.2;GCF_000762985.1
orthogroup_375	9	9	GCF_000005845.2;GCF_000006925.2;GCF_000006945.1;GCF_000009065.1;GCF_000018045.1;GCF_000025565.1;GCF_000069965.1;GCF_000240185.1;GCF_000270125.2
orthogroup_376	9	9	GCF_000005845.2;GCF_000006925.2;GCF_000006945.1;GCF_000009065.1;GCF_000018045.1;GCF_000025565.1;GCF_000069965.1;GCF_000240185.1;GCF_000270125.2
orthogroup_377	9	9	GCF_000005845.2;GCF_000006925.2;GCF_000006945.1;GCF_000009065.1;GCF_000018045.1;GCF_000025565.1;GCF_000069965.1;GCF_000240185.1;GCF_000270125.2
orthogroup_378	8	8	GCF_000005845.2;GCF_000006925.2;GCF_000006945.1;GCF_000009065.1;GCF_000018045.1;GCF_000025565.1;GCF_000069965.1;GCF_000240185.1
orthogroup_379	9	9	GCF_000005845.2;GCF_000006925.2;GCF_000006945.1;GCF_000009065.1;GCF_000018045.1;GCF_000025565.1;GCF_000069965.1;GCF_000240185.1;GCF_000270125.2
orthogroup_380	10	10	GCF_000005845.2;GCF_000006925.2;GCF_000006945.1;GCF_000009065.1;GCF_000018045.1;GCF_000025565.1;GCF_000069965.1;GCF_000240185.1;GCF_000270125.2;GCF_000762985.1
orthogroup_381	9	9	GCF_000005845.2;GCF_000006925.2;GCF_000006945.1;GCF_000009065.1;GCF_000018045.1;GCF_000025565.1;GCF_000240185.1;GCF_000270125.2;GCF_000762985.1
orthogroup_382	9	9	GCF_000005845.2;GCF_000006925.2;GCF_000006945.1;GCF_000009065.1;GCF_000018045.1;GCF_000025565.1;GCF_000069965.1;GCF_000240185.1;GCF_000270125.2
orthogroup_383	9	9	GCF_000005845.2;GCF_000006925.2;GCF_000006945.1;GCF_000009065.1;GCF_000018045.1;GCF_000025565.1;GCF_000069965.1;GCF_000240185.1;GCF_000270125.2
orthogroup_384	10	10	GCF_000005845.2;GCF_000006925.2;GCF_000006945.1;GCF_000009065.1;GCF_000018045.1;GCF_000025565.1;GCF_000069965.1;GCF_000240185.1;GCF_000270125.2;GCF_000762985.1
orthogroup_385	8	8	GCF_000005845.2;GCF_000006925.2;GCF_000006945.1;GCF_000009065.1;GCF_000018045.1;GCF_000025565.1;GCF_000069965.1;GCF_000240185.1
orthogroup_386	9	9	GCF_000005845.2;GCF_000006925.2;GCF_000006945.1;GCF_000009065.1;GCF_000018045.1;GCF_000025565.1;GCF_000069965.1;GCF_000240185.1;GCF_000270125.2
orthogroup_387	8	8	GCF_000005845.2;GCF_000006925.2;GCF_000006945.1;GCF_000009065.1;GCF_000025565.1;GCF_000069965.1;GCF_000240185.1;GCF_000270125.2
orthogroup_388	9	9	GCF_000005845.2;GCF_000006925.2;GCF_000006945.1;GCF_000009065.1;GCF_000018045.1;GCF_000025565.1;GCF_000069965.1;GCF_000240185.1;GCF_000270125.2
orthogroup_389	8	8	GCF_000005845.2;GCF_000006925.2;GCF_000006945.1;GCF_000009065.1;GCF_000018045.1;GCF_000025565.1;GCF_000240185.1;GCF_000270125.2
orthogroup_390	9	9	GCF_000005845.2;GCF_000006925.2;GCF_000006945.1;GCF_000009065.1;GCF_000018045.1;GCF_000025565.1;GCF_000069965.1;GCF_000240185.1;GCF_000270125.2
orthogroup_391	9	9	GCF_000005845.2;GCF_000006925.2;GCF_000006945.1;GCF_000009065.1;GCF_000018045.1;GCF_000025565.1;GCF_000069965.1;GCF_000240185.1;GCF_000270125.2
orthogroup_392	9	9	GCF_000005845.2;GCF_000006925.2;GCF_000006945.1;GCF_000009065.1;GCF_000018045.1;GCF_000025565.1;GCF_000069965.1;GCF_000240185.1;GCF_000270125.2
orthogroup_393	8	8	GCF_000005845.2;GCF_000006925.2;GCF_000006945.1;GCF_000009065.1;GCF_000018045.1;GCF_000025565.1;GCF_000069965.1;GCF_000240185.1
orthogroup_394	9	9	GCF_000005845.2;GCF_000006925.2;GCF_000006945.1;GCF_000009065.1;GCF_000018045.1;GCF_000025565.1;GCF_000069965.1;GCF_000240185.1;GCF_000270125.2
orthogroup_395	8	8	GCF_000005845.2;GCF_000006925.2;GCF_000006945.1;GCF_000018045.1;GCF_000025565.1;GCF_000069965.1;GCF_000240185.1;GCF_000270125.2
orthogroup_396	9	9	GCF_000005845.2;GCF_000006925.2;GCF_000006945.1;GCF_000009065.1;GCF_000018045.1;GCF_000025565.1;GCF_000069965.1;GCF_000240185.1;GCF_000270125.2
orthogroup_397	10	10	GCF_000005845.2;GCF_000006925.2;GCF_000006945.1;GCF_000009065.1;GCF_000018045.1;GCF_000025565.1;GCF_000069965.1;GCF_000240185.1;GCF_000270125.2;GCF_000762985.1
orthogroup_398	10	10	GCF_000005845.2;GCF_000006925.2;GCF_000006945.1;GCF_000009065.1;GCF_000018045.1;GCF_000025565.1;GCF_000069965.1;GCF_000240185.1;GCF_000270125.2;GCF_000762985.1
orthogroup_399	10	10	GCF_000005845.2;GCF_000006925.2;GCF_000006945.1;GCF_000009065.1;GCF_000018045.1;GCF_000025565.1;GCF_000069965.1;GCF_000240185.1;GCF_000270125.2;GCF_000762985.1
orthogroup_400	9	9	GCF_000005845.2;GCF_000006925.2;GCF_000006945.1;GCF_000009065.1;GCF_000018045.1;GCF_000025565.1;GCF_000069965.1;GCF_000240185.1;GCF_000270125.2
orthogroup_401	8	8	GCF_000005845.2;GCF_000006925.2;GCF_000006945.1;GCF_000009065.1;GCF_000018045.1;GCF_000025565.1;GCF_000240185.1;GCF_000270125.2
orthogroup_402	10	10	GCF_000005845.2;GCF_000006925.2;GCF_000006945.1;GCF_000009065.1;GCF_000018045.1;GCF_000025565.1;GCF_000069965.1;GCF_000240185.1;GCF_000270125.2;GCF_000762985.1
orthogroup_403	9	9	GCF_000005845.2;GCF_000006925.2;GCF_000006945.1;GCF_000009065.1;GCF_000018045.1;GCF_000025565.1;GCF_000069965.1;GCF_000240185.1;GCF_000270125.2
orthogroup_404	10	10	GCF_000005845.2;GCF_000006925.2;GCF_000006945.1;GCF_000009065.1;GCF_000018045.1;GCF_000025565.1;GCF_000069965.1;GCF_000240185.1;GCF_000270125.2;GCF_000762985.1
orthogroup_405	9	9	GCF_000005845.2;GCF_000006925.2;GCF_000006945.1;GCF_000009065.1;GCF_000018045.1;GCF_000025565.1;GCF_000069965.1;GCF_000240185.1;GCF_000270125.2
orthogroup_406	9	9	GCF_000005845.2;GCF_000006925.2;GCF_000006945.1;GCF_000009065.1;GCF_000018045.1;GCF_000025565.1;GCF_000240185.1;GCF_000270125.2;GCF_000762985.1
orthogroup_407	9	9	GCF_000005845.2;GCF_000006925.2;GCF_000006945.1;GCF_000009065.1;GCF_000018045.1;GCF_000025565.1;GCF_000069965.1;GCF_000240185.1;GCF_000270125.2
orthogroup_408	9	9	GCF_000005845.2;GCF_000006925.2;GCF_000006945.1;GCF_000009065.1;GCF_000018045.1;GCF_000025565.1;GCF_000240185.1;GCF_000270125.2;GCF_000762985.1
orthogroup_409	8	8	GCF_000005845.2;GCF_000006925.2;GCF_000006945.1;GCF_000009065.1;GCF_000018045.1;GCF_000025565.1;GCF_000240185.1;GCF_000270125.2
orthogroup_410	9	9	GCF_000005845.2;GCF_000006925.2;GCF_000006945.1;GCF_000009065.1;GCF_000018045.1;GCF_000025565.1;GCF_000069965.1;GCF_000240185.1;GCF_000270125.2
orthogroup_411	10	10	GCF_000005845.2;GCF_000006925.2;GCF_000006945.1;GCF_000009065.1;GCF_000018045.1;GCF_000025565.1;GCF_000069965.1;GCF_000240185.1;GCF_000270125.2;GCF_000762985.1
orthogroup_412	8	8	GCF_000005845.2;GCF_000006925.2;GCF_000006945.1;GCF_000009065.1;GCF_000018045.1;GCF_000025565.1;GCF_000069965.1;GCF_000240185.1
orthogroup_413	9	9	GCF_000005845.2;GCF_000006925.2;GCF_000006945.1;GCF_000009065.1;GCF_000018045.1;GCF_000025565.1;GCF_000069965.1;GCF_000240185.1;GCF_000270125.2
orthogroup_414	9	9	GCF_000005845.2;GCF_000006925.2;GCF_000006945.1;GCF_000009065.1;GCF_000018045.1;GCF_000025565.1;GCF_000069965.1;GCF_000240185.1;GCF_000270125.2
orthogroup_415	9	9	GCF_000005845.2;GCF_000006925.2;GCF_000006945.1;GCF_000009065.1;GCF_000018045.1;GCF_000025565.1;GCF_000069965.1;GCF_000240185.1;GCF_000270125.2
orthogroup_416	8	8	GCF_000005845.2;GCF_000006925.2;GCF_000006945.1;GCF_000009065.1;GCF_000018045.1;GCF_000025565.1;GCF_000069965.1;GCF_000270125.2
orthogroup_417	8	8	GCF_000005845.2;GCF_000006925.2;GCF_000006945.1;GCF_000009065.1;GCF_000018045.1;GCF_000025565.1;GCF_000240185.1;GCF_000270125.2
orthogroup_418	8	8	GCF_000005845.2;GCF_000006925.2;GCF_000006945.1;GCF_000009065.1;GCF_000018045.1;GCF_000025565.1;GCF_000069965.1;GCF_000240185.1
orthogroup_419	8	8	GCF_000005845.2;GCF_000006925.2;GCF_000006945.1;GCF_000009065.1;GCF_000018045.1;GCF_000025565.1;GCF_000240185.1;GCF_000270125.2
orthogroup_420	8	8	GCF_000005845.2;GCF_000006925.2;GCF_000009065.1;GCF_000018045.1;GCF_000025565.1;GCF_000240185.1;GCF_000270125.2;GCF_000762985.1
orthogroup_421	9	9	GCF_000005845.2;GCF_000006925.2;GCF_000006945.1;GCF_000009065.1;GCF_000018045.1;GCF_000025565.1;GCF_000069965.1;GCF_000240185.1;GCF_000270125.2
orthogroup_422	8	8	GCF_000005845.2;GCF_000006925.2;GCF_000006945.1;GCF_000009065.1;GCF_000018045.1;GCF_000025565.1;GCF_000069965.1;GCF_000270125.2
orthogroup_423	9	9	GCF_000005845.2;GCF_000006925.2;GCF_000006945.1;GCF_000009065.1;GCF_000018045.1;GCF_000025565.1;GCF_000069965.1;GCF_000240185.1;GCF_000270125.2
orthogroup_424	9	9	GCF_000005845.2;GCF_000006925.2;GCF_000006945.1;GCF_000009065.1;GCF_000018045.1;GCF_000025565.1;GCF_000069965.1;GCF_000240185.1;GCF_000270125.2
orthogroup_425	8	8	GCF_000005845.2;GCF_000006925.2;GCF_000006945.1;GCF_000018045.1;GCF_000025565.1;GCF_000069965.1;GCF_000240185.1;GCF_000762985.1
orthogroup_426	9	9	GCF_000005845.2;GCF_000006925.2;GCF_000006945.1;GCF_000009065.1;GCF_000018045.1;GCF_000025565.1;GCF_000069965.1;GCF_000240185.1;GCF_000270125.2
orthogroup_427	9	9	GCF_000005845.2;GCF_000006925.2;GCF_000006945.1;GCF_000009065.1;GCF_000018045.1;GCF_000025565.1;GCF_000069965.1;GCF_000240185.1;GCF_000270125.2
orthogroup_428	10	10	GCF_000005845.2;GCF_000006925.2;GCF_000006945.1;GCF_000009065.1;GCF_000018045.1;GCF_000025565.1;GCF_000069965.1;GCF_000240185.1;GCF_000270125.2;GCF_000762985.1
orthogroup_429	8	8	GCF_000005845.2;GCF_000006925.2;GCF_000006945.1;GCF_000018045.1;GCF_000025565.1;GCF_000069965.1;GCF_000240185.1;GCF_000270125.2
orthogroup_430	9	9	GCF_000005845.2;GCF_000006925.2;GCF_000006945.1;GCF_000018045.1;GCF_000025565.1;GCF_000069965.1;GCF_000240185.1;GCF_000270125.2;GCF_000762985.1
orthogroup_431	9	9	GCF_000005845.2;GCF_000006925.2;GCF_000006945.1;GCF_000009065.1;GCF_000018045.1;GCF_000025565.1;GCF_000069965.1;GCF_000240185.1;GCF_000270125.2
orthogroup_432	9	9	GCF_000005845.2;GCF_000006925.2;GCF_000006945.1;GCF_000009065.1;GCF_000018045.1;GCF_000025565.1;GCF_000069965.1;GCF_000240185.1;GCF_000270125.2
orthogroup_433	10	10	GCF_000005845.2;GCF_000006925.2;GCF_000006945.1;GCF_000009065.1;GCF_000018045.1;GCF_000025565.1;GCF_000069965.1;GCF_000240185.1;GCF_000270125.2;GCF_000762985.1
orthogroup_434	9	9	GCF_000005845.2;GCF_000006925.2;GCF_000006945.1;GCF_000009065.1;GCF_000018045.1;GCF_000025565.1;GCF_000069965.1;GCF_000240185.1;GCF_000270125.2
orthogroup_435	10	10	GCF_000005845.2;GCF_000006925.2;GCF_000006945.1;GCF_000009065.1;GCF_000018045.1;GCF_000025565.1;GCF_000069965.1;GCF_000240185.1;GCF_000270125.2;GCF_000762985.1
orthogroup_436	10	10	GCF_000005845.2;GCF_000006925.2;GCF_000006945.1;GCF_000009065.1;GCF_000018045.1;GCF_000025565.1;GCF_000069965.1;GCF_000240185.1;GCF_000270125.2;GCF_000762985.1
orthogroup_437	9	9	GCF_000005845.2;GCF_000006925.2;GCF_000006945.1;GCF_000009065.1;GCF_000018045.1;GCF_000025565.1;GCF_000069965.1;GCF_000240185.1;GCF_000270125.2
orthogroup_438	9	9	GCF_000005845.2;GCF_000006925.2;GCF_000006945.1;GCF_000009065.1;GCF_000018045.1;GCF_000025565.1;GCF_000069965.1;GCF_000240185.1;GCF_000270125.2
orthogroup_439	8	8	GCF_000005845.2;GCF_000006925.2;GCF_000006945.1;GCF_000009065.1;GCF_000018045.1;GCF_000025565.1;GCF_000240185.1;GCF_000270125.2
orthogroup_440	10	10	GCF_000005845.2;GCF_000006925.2;GCF_000006945.1;GCF_000009065.1;GCF_000018045.1;GCF_000025565.1;GCF_000069965.1;GCF_000240185.1;GCF_000270125.2;GCF_000762985.1
orthogroup_441	9	9	GCF_000005845.2;GCF_000006925.2;GCF_000006945.1;GCF_000009065.1;GCF_000018045.1;GCF_000025565.1;GCF_000069965.1;GCF_000240185.1;GCF_000270125.2
orthogroup_442	9	9	GCF_000005845.2;GCF_000006925.2;GCF_000006945.1;GCF_000009065.1;GCF_000018045.1;GCF_000025565.1;GCF_000069965.1;GCF_000240185.1;GCF_000270125.2
orthogroup_443	9	9	GCF_000005845.2;GCF_000006925.2;GCF_000006945.1;GCF_000009065.1;GCF_000018045.1;GCF_000025565.1;GCF_000069965.1;GCF_000240185.1;GCF_000270125.2
orthogroup_444	9	9	GCF_000005845.2;GCF_000006925.2;GCF_000006945.1;GCF_000009065.1;GCF_000018045.1;GCF_000025565.1;GCF_000069965.1;GCF_000240185.1;GCF_000270125.2
orthogroup_445	10	10	GCF_000005845.2;GCF_000006925.2;GCF_000006945.1;GCF_000009065.1;GCF_000018045.1;GCF_000025565.1;GCF_000069965.1;GCF_000240185.1;GCF_000270125.2;GCF_000762985.1
orthogroup_446	9	9	GCF_000005845.2;GCF_000006925.2;GCF_000006945.1;GCF_000009065.1;GCF_000018045.1;GCF_000025565.1;GCF_000069965.1;GCF_000240185.1;GCF_000270125.2
orthogroup_447	9	9	GCF_000005845.2;GCF_000006925.2;GCF_000006945.1;GCF_000009065.1;GCF_000018045.1;GCF_000025565.1;GCF_000069965.1;GCF_000240185.1;GCF_000270125.2
orthogroup_448	10	10	GCF_000005845.2;GCF_000006925.2;GCF_000006945.1;GCF_000009065.1;GCF_000018045.1;GCF_000025565.1;GCF_000069965.1;GCF_000240185.1;GCF_000270125.2;GCF_000762985.1
orthogroup_449	8	8	GCF_000005845.2;GCF_000006925.2;GCF_000006945.1;GCF_000009065.1;GCF_000018045.1;GCF_000025565.1;GCF_000240185.1;GCF_000270125.2
orthogroup_450	10	10	GCF_000005845.2;GCF_000006925.2;GCF_000006945.1;GCF_000009065.1;GCF_000018045.1;GCF_000025565.1;GCF_000069965.1;GCF_000240185.1;GCF_000270125.2;GCF_000762985.1
orthogroup_451	8	8	GCF_000005845.2;GCF_000006925.2;GCF_000006945.1;GCF_000009065.1;GCF_000018045.1;GCF_000025565.1;GCF_000069965.1;GCF_000270125.2
orthogroup_452	8	8	GCF_000005845.2;GCF_000006925.2;GCF_000006945.1;GCF_000009065.1;GCF_000018045.1;GCF_000025565.1;GCF_000240185.1;GCF_000270125.2
orthogroup_453	9	9	GCF_000005845.2;GCF_000006925.2;GCF_000006945.1;GCF_000009065.1;GCF_000018045.1;GCF_000025565.1;GCF_000069965.1;GCF_000240185.1;GCF_000270125.2
orthogroup_454	9	9	GCF_000005845.2;GCF_000006925.2;GCF_000006945.1;GCF_000009065.1;GCF_000018045.1;GCF_000025565.1;GCF_000069965.1;GCF_000240185.1;GCF_000270125.2
orthogroup_455	9	9	GCF_000005845.2;GCF_000006925.2;GCF_000006945.1;GCF_000009065.1;GCF_000018045.1;GCF_000025565.1;GCF_000069965.1;GCF_000240185.1;GCF_000270125.2
orthogroup_456	10	10	GCF_000005845.2;GCF_000006925.2;GCF_000006945.1;GCF_000009065.1;GCF_000018045.1;GCF_000025565.1;GCF_000069965.1;GCF_000240185.1;GCF_000270125.2;GCF_000762985.1
orthogroup_457	9	9	GCF_000005845.2;GCF_000006925.2;GCF_000006945.1;GCF_000009065.1;GCF_000018045.1;GCF_000025565.1;GCF_000069965.1;GCF_000240185.1;GCF_000270125.2
orthogroup_458	9	9	GCF_000005845.2;GCF_000006925.2;GCF_000006945.1;GCF_000009065.1;GCF_000018045.1;GCF_000025565.1;GCF_000069965.1;GCF_000240185.1;GCF_000270125.2
orthogroup_459	10	10	GCF_000005845.2;GCF_000006925.2;GCF_000006945.1;GCF_000009065.1;GCF_000018045.1;GCF_000025565.1;GCF_000069965.1;GCF_000240185.1;GCF_000270125.2;GCF_000762985.1
orthogroup_460	8	8	GCF_000005845.2;GCF_000006925.2;GCF_000006945.1;GCF_000009065.1;GCF_000018045.1;GCF_000025565.1;GCF_000069965.1;GCF_000270125.2
orthogroup_461	10	10	GCF_000005845.2;GCF_000006925.2;GCF_000006945.1;GCF_000009065.1;GCF_000018045.1;GCF_000025565.1;GCF_000069965.1;GCF_000240185.1;GCF_000270125.2;GCF_000762985.1
orthogroup_462	9	9	GCF_000005845.2;GCF_000006925.2;GCF_000006945.1;GCF_000009065.1;GCF_000018045.1;GCF_000025565.1;GCF_000069965.1;GCF_000240185.1;GCF_000270125.2
orthogroup_463	9	9	GCF_000005845.2;GCF_000006925.2;GCF_000006945.1;GCF_000009065.1;GCF_000018045.1;GCF_000025565.1;GCF_000069965.1;GCF_000240185.1;GCF_000270125.2
orthogroup_464	9	9	GCF_000005845.2;GCF_000006925.2;GCF_000006945.1;GCF_000009065.1;GCF_000018045.1;GCF_000025565.1;GCF_000069965.1;GCF_000240185.1;GCF_000270125.2
orthogroup_465	9	9	GCF_000005845.2;GCF_000006925.2;GCF_000006945.1;GCF_000009065.1;GCF_000018045.1;GCF_000025565.1;GCF_000069965.1;GCF_000240185.1;GCF_000270125.2
orthogroup_466	10	10	GCF_000005845.2;GCF_000006925.2;GCF_000006945.1;GCF_000009065.1;GCF_000018045.1;GCF_000025565.1;GCF_000069965.1;GCF_000240185.1;GCF_000270125.2;GCF_000762985.1
orthogroup_467	9	9	GCF_000005845.2;GCF_000006925.2;GCF_000006945.1;GCF_000009065.1;GCF_000018045.1;GCF_000025565.1;GCF_000069965.1;GCF_000240185.1;GCF_000270125.2
orthogroup_468	9	9	GCF_000005845.2;GCF_000006925.2;GCF_000006945.1;GCF_000009065.1;GCF_000018045.1;GCF_000025565.1;GCF_000069965.1;GCF_000240185.1;GCF_000762985.1
orthogroup_469	10	10	GCF_000005845.2;GCF_000006925.2;GCF_000006945.1;GCF_000009065.1;GCF_000018045.1;GCF_000025565.1;GCF_000069965.1;GCF_000240185.1;GCF_000270125.2;GCF_000762985.1
orthogroup_470	9	9	GCF_000005845.2;GCF_000006925.2;GCF_000006945.1;GCF_000009065.1;GCF_000018045.1;GCF_000025565.1;GCF_000069965.1;GCF_000240185.1;GCF_000270125.2
orthogroup_471	9	9	GCF_000005845.2;GCF_000006925.2;GCF_000006945.1;GCF_000009065.1;GCF_000018045.1;GCF_000025565.1;GCF_000069965.1;GCF_000240185.1;GCF_000270125.2
orthogroup_472	9	9	GCF_000005845.2;GCF_000006925.2;GCF_000006945.1;GCF_000009065.1;GCF_000018045.1;GCF_000025565.1;GCF_000069965.1;GCF_000240185.1;GCF_000270125.2
orthogroup_473	10	10	GCF_000005845.2;GCF_000006925.2;GCF_000006945.1;GCF_000009065.1;GCF_000018045.1;GCF_000025565.1;GCF_000069965.1;GCF_000240185.1;GCF_000270125.2;GCF_000762985.1
orthogroup_474	8	8	GCF_000005845.2;GCF_000006925.2;GCF_000006945.1;GCF_000009065.1;GCF_000018045.1;GCF_000025565.1;GCF_000240185.1;GCF_000270125.2
orthogroup_475	9	9	GCF_000005845.2;GCF_000006925.2;GCF_000006945.1;GCF_000009065.1;GCF_000018045.1;GCF_000025565.1;GCF_000069965.1;GCF_000240185.1;GCF_000270125.2
orthogroup_476	10	10	GCF_000005845.2;GCF_000006925.2;GCF_000006945.1;GCF_000009065.1;GCF_000018045.1;GCF_000025565.1;GCF_000069965.1;GCF_000240185.1;GCF_000270125.2;GCF_000762985.1
orthogroup_477	9	9	GCF_000005845.2;GCF_000006925.2;GCF_000006945.1;GCF_000009065.1;GCF_000018045.1;GCF_000025565.1;GCF_000069965.1;GCF_000240185.1;GCF_000270125.2
orthogroup_478	8	8	GCF_000005845.2;GCF_000006925.2;GCF_000006945.1;GCF_000009065.1;GCF_000018045.1;GCF_000025565.1;GCF_000069965.1;GCF_000240185.1
orthogroup_479	9	9	GCF_000005845.2;GCF_000006925.2;GCF_000006945.1;GCF_000009065.1;GCF_000018045.1;GCF_000025565.1;GCF_000069965.1;GCF_000240185.1;GCF_000270125.2
orthogroup_480	9	9	GCF_000005845.2;GCF_000006925.2;GCF_000006945.1;GCF_000009065.1;GCF_000018045.1;GCF_000025565.1;GCF_000069965.1;GCF_000240185.1;GCF_000270125.2
orthogroup_481	8	8	GCF_000005845.2;GCF_000006925.2;GCF_000006945.1;GCF_000009065.1;GCF_000018045.1;GCF_000025565.1;GCF_000240185.1;GCF_000270125.2
orthogroup_482	9	9	GCF_000005845.2;GCF_000006925.2;GCF_000006945.1;GCF_000009065.1;GCF_000018045.1;GCF_000025565.1;GCF_000069965.1;GCF_000240185.1;GCF_000270125.2
orthogroup_483	8	8	GCF_000005845.2;GCF_000006925.2;GCF_000006945.1;GCF_000009065.1;GCF_000018045.1;GCF_000025565.1;GCF_000240185.1;GCF_000270125.2
orthogroup_484	9	9	GCF_000005845.2;GCF_000006925.2;GCF_000006945.1;GCF_000009065.1;GCF_000018045.1;GCF_000025565.1;GCF_000069965.1;GCF_000240185.1;GCF_000270125.2
orthogroup_485	10	10	GCF_000005845.2;GCF_000006925.2;GCF_000006945.1;GCF_000009065.1;GCF_000018045.1;GCF_000025565.1;GCF_000069965.1;GCF_000240185.1;GCF_000270125.2;GCF_000762985.1
orthogroup_486	9	9	GCF_000005845.2;GCF_000006925.2;GCF_000006945.1;GCF_000009065.1;GCF_000018045.1;GCF_000025565.1;GCF_000069965.1;GCF_000240185.1;GCF_000270125.2
orthogroup_487	10	10	GCF_000005845.2;GCF_000006925.2;GCF_000006945.1;GCF_000009065.1;GCF_000018045.1;GCF_000025565.1;GCF_000069965.1;GCF_000240185.1;GCF_000270125.2;GCF_000762985.1
orthogroup_488	9	9	GCF_000005845.2;GCF_000006925.2;GCF_000006945.1;GCF_000009065.1;GCF_000018045.1;GCF_000025565.1;GCF_000069965.1;GCF_000240185.1;GCF_000270125.2
orthogroup_489	9	9	GCF_000005845.2;GCF_000006925.2;GCF_000006945.1;GCF_000009065.1;GCF_000018045.1;GCF_000025565.1;GCF_000069965.1;GCF_000240185.1;GCF_000270125.2
orthogroup_490	10	10	GCF_000005845.2;GCF_000006925.2;GCF_000006945.1;GCF_000009065.1;GCF_000018045.1;GCF_000025565.1;GCF_000069965.1;GCF_000240185.1;GCF_000270125.2;GCF_000762985.1
orthogroup_491	10	10	GCF_000005845.2;GCF_000006925.2;GCF_000006945.1;GCF_000009065.1;GCF_000018045.1;GCF_000025565.1;GCF_000069965.1;GCF_000240185.1;GCF_000270125.2;GCF_000762985.1
orthogroup_492	9	9	GCF_000005845.2;GCF_000006925.2;GCF_000006945.1;GCF_000009065.1;GCF_000018045.1;GCF_000025565.1;GCF_000069965.1;GCF_000240185.1;GCF_000270125.2
orthogroup_493	9	9	GCF_000005845.2;GCF_000006925.2;GCF_000006945.1;GCF_000009065.1;GCF_000018045.1;GCF_000025565.1;GCF_000069965.1;GCF_000240185.1;GCF_000270125.2
orthogroup_494	9	9	GCF_000005845.2;GCF_000006925.2;GCF_000006945.1;GCF_000009065.1;GCF_000018045.1;GCF_000025565.1;GCF_000069965.1;GCF_000240185.1;GCF_000270125.2
orthogroup_495	9	9	GCF_000005845.2;GCF_000006925.2;GCF_000006945.1;GCF_000009065.1;GCF_000018045.1;GCF_000025565.1;GCF_000069965.1;GCF_000240185.1;GCF_000270125.2
orthogroup_496	9	9	GCF_000005845.2;GCF_000006925.2;GCF_000006945.1;GCF_000009065.1;GCF_000018045.1;GCF_000025565.1;GCF_000069965.1;GCF_000240185.1;GCF_000270125.2
orthogroup_497	9	9	GCF_000005845.2;GCF_000006925.2;GCF_000006945.1;GCF_000009065.1;GCF_000018045.1;GCF_000025565.1;GCF_000069965.1;GCF_000240185.1;GCF_000270125.2
orthogroup_498	9	9	GCF_000005845.2;GCF_000006925.2;GCF_000006945.1;GCF_000009065.1;GCF_000018045.1;GCF_000025565.1;GCF_000069965.1;GCF_000240185.1;GCF_000270125.2
orthogroup_499	9	9	GCF_000005845.2;GCF_000006925.2;GCF_000006945.1;GCF_000009065.1;GCF_000018045.1;GCF_000025565.1;GCF_000069965.1;GCF_000240185.1;GCF_000270125.2
orthogroup_500	9	9	GCF_000005845.2;GCF_000006925.2;GCF_000006945.1;GCF_000009065.1;GCF_000018045.1;GCF_000025565.1;GCF_000069965.1;GCF_000240185.1;GCF_000270125.2
orthogroup_501	9	9	GCF_000005845.2;GCF_000006925.2;GCF_000006945.1;GCF_000009065.1;GCF_000018045.1;GCF_000025565.1;GCF_000069965.1;GCF_000240185.1;GCF_000270125.2
orthogroup_502	9	9	GCF_000005845.2;GCF_000006925.2;GCF_000006945.1;GCF_000009065.1;GCF_000018045.1;GCF_000025565.1;GCF_000069965.1;GCF_000240185.1;GCF_000270125.2
orthogroup_503	10	10	GCF_000005845.2;GCF_000006925.2;GCF_000006945.1;GCF_000009065.1;GCF_000018045.1;GCF_000025565.1;GCF_000069965.1;GCF_000240185.1;GCF_000270125.2;GCF_000762985.1
orthogroup_504	9	9	GCF_000005845.2;GCF_000006925.2;GCF_000006945.1;GCF_000009065.1;GCF_000018045.1;GCF_000025565.1;GCF_000069965.1;GCF_000240185.1;GCF_000270125.2
orthogroup_505	9	9	GCF_000005845.2;GCF_000006925.2;GCF_000006945.1;GCF_000009065.1;GCF_000018045.1;GCF_000025565.1;GCF_000069965.1;GCF_000240185.1;GCF_000270125.2
orthogroup_506	9	9	GCF_000005845.2;GCF_000006925.2;GCF_000006945.1;GCF_000009065.1;GCF_000018045.1;GCF_000025565.1;GCF_000069965.1;GCF_000240185.1;GCF_000270125.2
orthogroup_507	8	8	GCF_000005845.2;GCF_000006925.2;GCF_000009065.1;GCF_000018045.1;GCF_000025565.1;GCF_000240185.1;GCF_000270125.2;GCF_000762985.1
orthogroup_508	10	10	GCF_000005845.2;GCF_000006925.2;GCF_000006945.1;GCF_000009065.1;GCF_000018045.1;GCF_000025565.1;GCF_000069965.1;GCF_000240185.1;GCF_000270125.2;GCF_000762985.1
orthogroup_509	9	9	GCF_000005845.2;GCF_000006925.2;GCF_000006945.1;GCF_000009065.1;GCF_000018045.1;GCF_000025565.1;GCF_000069965.1;GCF_000240185.1;GCF_000270125.2
orthogroup_510	9	9	GCF_000005845.2;GCF_000006925.2;GCF_000006945.1;GCF_000009065.1;GCF_000018045.1;GCF_000025565.1;GCF_000069965.1;GCF_000240185.1;GCF_000270125.2
orthogroup_511	9	9	GCF_000005845.2;GCF_000006925.2;GCF_000006945.1;GCF_000009065.1;GCF_000018045.1;GCF_000025565.1;GCF_000069965.1;GCF_000240185.1;GCF_000270125.2
orthogroup_512	10	10	GCF_000005845.2;GCF_000006925.2;GCF_000006945.1;GCF_000009065.1;GCF_000018045.1;GCF_000025565.1;GCF_000069965.1;GCF_000240185.1;GCF_000270125.2;GCF_000762985.1
orthogroup_513	10	10	GCF_000005845.2;GCF_000006925.2;GCF_000006945.1;GCF_000009065.1;GCF_000018045.1;GCF_000025565.1;GCF_000069965.1;GCF_000240185.1;GCF_000270125.2;GCF_000762985.1
orthogroup_514	10	10	GCF_000005845.2;GCF_000006925.2;GCF_000006945.1;GCF_000009065.1;GCF_000018045.1;GCF_000025565.1;GCF_000069965.1;GCF_000240185.1;GCF_000270125.2;GCF_000762985.1
orthogroup_515	9	9	GCF_000005845.2;GCF_000006925.2;GCF_000006945.1;GCF_000009065.1;GCF_000018045.1;GCF_000025565.1;GCF_000069965.1;GCF_000240185.1;GCF_000270125.2
orthogroup_516	10	10	GCF_000005845.2;GCF_000006925.2;GCF_000006945.1;GCF_000009065.1;GCF_000018045.1;GCF_000025565.1;GCF_000069965.1;GCF_000240185.1;GCF_000270125.2;GCF_000762985.1
orthogroup_517	10	10	GCF_000005845.2;GCF_000006925.2;GCF_000006945.1;GCF_000009065.1;GCF_000018045.1;GCF_000025565.1;GCF_000069965.1;GCF_000240185.1;GCF_000270125.2;GCF_000762985.1
orthogroup_518	9	9	GCF_000005845.2;GCF_000006925.2;GCF_000006945.1;GCF_000009065.1;GCF_000018045.1;GCF_000025565.1;GCF_000069965.1;GCF_000240185.1;GCF_000270125.2
orthogroup_519	9	9	GCF_000005845.2;GCF_000006925.2;GCF_000006945.1;GCF_000009065.1;GCF_000018045.1;GCF_000025565.1;GCF_000069965.1;GCF_000240185.1;GCF_000270125.2
orthogroup_520	9	9	GCF_000005845.2;GCF_000006925.2;GCF_000006945.1;GCF_000009065.1;GCF_000018045.1;GCF_000025565.1;GCF_000069965.1;GCF_000240185.1;GCF_000270125.2
orthogroup_521	8	8	GCF_000005845.2;GCF_000006925.2;GCF_000006945.1;GCF_000009065.1;GCF_000018045.1;GCF_000025565.1;GCF_000240185.1;GCF_000270125.2
orthogroup_522	9	9	GCF_000005845.2;GCF_000006925.2;GCF_000006945.1;GCF_000009065.1;GCF_000018045.1;GCF_000025565.1;GCF_000069965.1;GCF_000240185.1;GCF_000762985.1
orthogroup_523	9	9	GCF_000005845.2;GCF_000006925.2;GCF_000006945.1;GCF_000009065.1;GCF_000018045.1;GCF_000025565.1;GCF_000069965.1;GCF_000240185.1;GCF_000270125.2
orthogroup_524	10	10	GCF_000005845.2;GCF_000006925.2;GCF_000006945.1;GCF_000009065.1;GCF_000018045.1;GCF_000025565.1;GCF_000069965.1;GCF_000240185.1;GCF_000270125.2;GCF_000762985.1
orthogroup_525	9	9	GCF_000005845.2;GCF_000006925.2;GCF_000006945.1;GCF_000009065.1;GCF_000018045.1;GCF_000025565.1;GCF_000069965.1;GCF_000240185.1;GCF_000270125.2
orthogroup_526	9	9	GCF_000005845.2;GCF_000006925.2;GCF_000006945.1;GCF_000009065.1;GCF_000018045.1;GCF_000025565.1;GCF_000069965.1;GCF_000240185.1;GCF_000270125.2
orthogroup_527	8	8	GCF_000005845.2;GCF_000006925.2;GCF_000006945.1;GCF_000009065.1;GCF_000018045.1;GCF_000025565.1;GCF_000069965.1;GCF_000240185.1
orthogroup_528	10	10	GCF_000005845.2;GCF_000006925.2;GCF_000006945.1;GCF_000009065.1;GCF_000018045.1;GCF_000025565.1;GCF_000069965.1;GCF_000240185.1;GCF_000270125.2;GCF_000762985.1
orthogroup_529	8	8	GCF_000005845.2;GCF_000006925.2;GCF_000009065.1;GCF_000018045.1;GCF_000025565.1;GCF_000240185.1;GCF_000270125.2;GCF_000762985.1
orthogroup_530	9	9	GCF_000005845.2;GCF_000006925.2;GCF_000006945.1;GCF_000009065.1;GCF_000018045.1;GCF_000025565.1;GCF_000069965.1;GCF_000240185.1;GCF_000270125.2
orthogroup_531	9	9	GCF_000005845.2;GCF_000006925.2;GCF_000006945.1;GCF_000009065.1;GCF_000018045.1;GCF_000025565.1;GCF_000069965.1;GCF_000240185.1;GCF_000270125.2
orthogroup_532	9	9	GCF_000005845.2;GCF_000006925.2;GCF_000006945.1;GCF_000009065.1;GCF_000018045.1;GCF_000025565.1;GCF_000069965.1;GCF_000240185.1;GCF_000270125.2
orthogroup_533	9	9	GCF_000005845.2;GCF_000006925.2;GCF_000006945.1;GCF_000009065.1;GCF_000018045.1;GCF_000025565.1;GCF_000069965.1;GCF_000240185.1;GCF_000270125.2
orthogroup_534	10	10	GCF_000005845.2;GCF_000006925.2;GCF_000006945.1;GCF_000009065.1;GCF_000018045.1;GCF_000025565.1;GCF_000069965.1;GCF_000240185.1;GCF_000270125.2;GCF_000762985.1
orthogroup_535	9	9	GCF_000005845.2;GCF_000006925.2;GCF_000006945.1;GCF_000009065.1;GCF_000018045.1;GCF_000025565.1;GCF_000069965.1;GCF_000240185.1;GCF_000270125.2
orthogroup_536	9	9	GCF_000005845.2;GCF_000006925.2;GCF_000006945.1;GCF_000009065.1;GCF_000018045.1;GCF_000025565.1;GCF_000069965.1;GCF_000240185.1;GCF_000270125.2
orthogroup_537	10	10	GCF_000005845.2;GCF_000006925.2;GCF_000006945.1;GCF_000009065.1;GCF_000018045.1;GCF_000025565.1;GCF_000069965.1;GCF_000240185.1;GCF_000270125.2;GCF_000762985.1
orthogroup_538	9	9	GCF_000005845.2;GCF_000006925.2;GCF_000006945.1;GCF_000009065.1;GCF_000018045.1;GCF_000025565.1;GCF_000069965.1;GCF_000240185.1;GCF_000270125.2
orthogroup_539	10	10	GCF_000005845.2;GCF_000006925.2;GCF_000006945.1;GCF_000009065.1;GCF_000018045.1;GCF_000025565.1;GCF_000069965.1;GCF_000240185.1;GCF_000270125.2;GCF_000762985.1
orthogroup_540	9	9	GCF_000005845.2;GCF_000006925.2;GCF_000006945.1;GCF_000009065.1;GCF_000018045.1;GCF_000025565.1;GCF_000069965.1;GCF_000240185.1;GCF_000270125.2
orthogroup_541	10	10	GCF_000005845.2;GCF_000006925.2;GCF_000006945.1;GCF_000009065.1;GCF_000018045.1;GCF_000025565.1;GCF_000069965.1;GCF_000240185.1;GCF_000270125.2;GCF_000762985.1
orthogroup_542	8	8	GCF_000005845.2;GCF_000006925.2;GCF_000006945.1;GCF_000009065.1;GCF_000018045.1;GCF_000025565.1;GCF_000069965.1;GCF_000270125.2
orthogroup_543	9	9	GCF_000005845.2;GCF_000006925.2;GCF_000006945.1;GCF_000009065.1;GCF_000018045.1;GCF_000025565.1;GCF_000069965.1;GCF_000240185.1;GCF_000270125.2
orthogroup_544	9	9	GCF_000005845.2;GCF_000006925.2;GCF_000006945.1;GCF_000009065.1;GCF_000018045.1;GCF_000025565.1;GCF_000069965.1;GCF_000240185.1;GCF_000270125.2
orthogroup_545	9	9	GCF_000005845.2;GCF_000006925.2;GCF_000006945.1;GCF_000009065.1;GCF_000018045.1;GCF_000025565.1;GCF_000069965.1;GCF_000240185.1;GCF_000270125.2
orthogroup_546	9	9	GCF_000005845.2;GCF_000006925.2;GCF_000006945.1;GCF_000009065.1;GCF_000018045.1;GCF_000025565.1;GCF_000069965.1;GCF_000240185.1;GCF_000270125.2
orthogroup_547	10	10	GCF_000005845.2;GCF_000006925.2;GCF_000006945.1;GCF_000009065.1;GCF_000018045.1;GCF_000025565.1;GCF_000069965.1;GCF_000240185.1;GCF_000270125.2;GCF_000762985.1
orthogroup_548	9	9	GCF_000005845.2;GCF_000006925.2;GCF_000006945.1;GCF_000009065.1;GCF_000018045.1;GCF_000025565.1;GCF_000069965.1;GCF_000240185.1;GCF_000270125.2
orthogroup_549	9	9	GCF_000005845.2;GCF_000006925.2;GCF_000006945.1;GCF_000009065.1;GCF_000018045.1;GCF_000025565.1;GCF_000069965.1;GCF_000240185.1;GCF_000270125.2
orthogroup_550	9	9	GCF_000005845.2;GCF_000006925.2;GCF_000006945.1;GCF_000009065.1;GCF_000018045.1;GCF_000025565.1;GCF_000069965.1;GCF_000240185.1;GCF_000270125.2
orthogroup_551	9	9	GCF_000005845.2;GCF_000006925.2;GCF_000006945.1;GCF_000009065.1;GCF_000018045.1;GCF_000025565.1;GCF_000069965.1;GCF_000240185.1;GCF_000270125.2
orthogroup_552	9	9	GCF_000005845.2;GCF_000006925.2;GCF_000006945.1;GCF_000009065.1;GCF_000018045.1;GCF_000025565.1;GCF_000069965.1;GCF_000240185.1;GCF_000270125.2
orthogroup_553	10	10	GCF_000005845.2;GCF_000006925.2;GCF_000006945.1;GCF_000009065.1;GCF_000018045.1;GCF_000025565.1;GCF_000069965.1;GCF_000240185.1;GCF_000270125.2;GCF_000762985.1
orthogroup_554	9	9	GCF_000005845.2;GCF_000006925.2;GCF_000006945.1;GCF_000009065.1;GCF_000018045.1;GCF_000025565.1;GCF_000069965.1;GCF_000240185.1;GCF_000270125.2
orthogroup_555	9	9	GCF_000005845.2;GCF_000006925.2;GCF_000006945.1;GCF_000009065.1;GCF_000018045.1;GCF_000025565.1;GCF_000069965.1;GCF_000240185.1;GCF_000270125.2
orthogroup_556	8	8	GCF_000005845.2;GCF_000006925.2;GCF_000006945.1;GCF_000009065.1;GCF_000018045.1;GCF_000025565.1;GCF_000069965.1;GCF_000270125.2
orthogroup_557	10	10	GCF_000005845.2;GCF_000006925.2;GCF_000006945.1;GCF_000009065.1;GCF_000018045.1;GCF_000025565.1;GCF_000069965.1;GCF_000240185.1;GCF_000270125.2;GCF_000762985.1
orthogroup_558	9	9	GCF_000005845.2;GCF_000006925.2;GCF_000006945.1;GCF_000009065.1;GCF_000018045.1;GCF_000025565.1;GCF_000069965.1;GCF_000240185.1;GCF_000270125.2
orthogroup_559	10	10	GCF_000005845.2;GCF_000006925.2;GCF_000006945.1;GCF_000009065.1;GCF_000018045.1;GCF_000025565.1;GCF_000069965.1;GCF_000240185.1;GCF_000270125.2;GCF_000762985.1
orthogroup_560	9	9	GCF_000005845.2;GCF_000006925.2;GCF_000006945.1;GCF_000009065.1;GCF_000018045.1;GCF_000025565.1;GCF_000069965.1;GCF_000240185.1;GCF_000270125.2
orthogroup_561	9	9	GCF_000005845.2;GCF_000006925.2;GCF_000006945.1;GCF_000009065.1;GCF_000018045.1;GCF_000025565.1;GCF_000069965.1;GCF_000240185.1;GCF_000270125.2
orthogroup_562	10	10	GCF_000005845.2;GCF_000006925.2;GCF_000006945.1;GCF_000009065.1;GCF_000018045.1;GCF_000025565.1;GCF_000069965.1;GCF_000240185.1;GCF_000270125.2;GCF_000762985.1
orthogroup_563	9	9	GCF_000005845.2;GCF_000006925.2;GCF_000006945.1;GCF_000009065.1;GCF_000018045.1;GCF_000025565.1;GCF_000069965.1;GCF_000240185.1;GCF_000270125.2
orthogroup_564	8	8	GCF_000005845.2;GCF_000006925.2;GCF_000006945.1;GCF_000009065.1;GCF_000018045.1;GCF_000025565.1;GCF_000240185.1;GCF_000270125.2
orthogroup_565	8	8	GCF_000005845.2;GCF_000006925.2;GCF_000006945.1;GCF_000009065.1;GCF_000018045.1;GCF_000025565.1;GCF_000240185.1;GCF_000270125.2
orthogroup_566	10	10	GCF_000005845.2;GCF_000006925.2;GCF_000006945.1;GCF_000009065.1;GCF_000018045.1;GCF_000025565.1;GCF_000069965.1;GCF_000240185.1;GCF_000270125.2;GCF_000762985.1
orthogroup_567	10	10	GCF_000005845.2;GCF_000006925.2;GCF_000006945.1;GCF_000009065.1;GCF_000018045.1;GCF_000025565.1;GCF_000069965.1;GCF_000240185.1;GCF_000270125.2;GCF_000762985.1
orthogroup_568	10	10	GCF_000005845.2;GCF_000006925.2;GCF_000006945.1;GCF_000009065.1;GCF_000018045.1;GCF_000025565.1;GCF_000069965.1;GCF_000240185.1;GCF_000270125.2;GCF_000762985.1
orthogroup_569	10	10	GCF_000005845.2;GCF_000006925.2;GCF_000006945.1;GCF_000009065.1;GCF_000018045.1;GCF_000025565.1;GCF_000069965.1;GCF_000240185.1;GCF_000270125.2;GCF_000762985.1
orthogroup_570	9	9	GCF_000005845.2;GCF_000006925.2;GCF_000006945.1;GCF_000009065.1;GCF_000018045.1;GCF_000025565.1;GCF_000069965.1;GCF_000240185.1;GCF_000270125.2
orthogroup_571	9	9	GCF_000005845.2;GCF_000006925.2;GCF_000006945.1;GCF_000009065.1;GCF_000018045.1;GCF_000025565.1;GCF_000069965.1;GCF_000240185.1;GCF_000270125.2
orthogroup_572	10	10	GCF_000005845.2;GCF_000006925.2;GCF_000006945.1;GCF_000009065.1;GCF_000018045.1;GCF_000025565.1;GCF_000069965.1;GCF_000240185.1;GCF_000270125.2;GCF_000762985.1
orthogroup_573	9	9	GCF_000005845.2;GCF_000006925.2;GCF_000006945.1;GCF_000009065.1;GCF_000018045.1;GCF_000025565.1;GCF_000069965.1;GCF_000240185.1;GCF_000270125.2
orthogroup_574	9	9	GCF_000005845.2;GCF_000006925.2;GCF_000006945.1;GCF_000009065.1;GCF_000018045.1;GCF_000025565.1;GCF_000069965.1;GCF_000240185.1;GCF_000270125.2
orthogroup_575	8	8	GCF_000005845.2;GCF_000006925.2;GCF_000006945.1;GCF_000018045.1;GCF_000025565.1;GCF_000069965.1;GCF_000240185.1;GCF_000270125.2
orthogroup_576	8	8	GCF_000005845.2;GCF_000006925.2;GCF_000006945.1;GCF_000009065.1;GCF_000018045.1;GCF_000025565.1;GCF_000240185.1;GCF_000270125.2
orthogroup_577	9	9	GCF_000005845.2;GCF_000006925.2;GCF_000006945.1;GCF_000009065.1;GCF_000018045.1;GCF_000025565.1;GCF_000069965.1;GCF_000240185.1;GCF_000270125.2
orthogroup_578	9	9	GCF_000005845.2;GCF_000006925.2;GCF_000006945.1;GCF_000009065.1;GCF_000018045.1;GCF_000025565.1;GCF_000069965.1;GCF_000240185.1;GCF_000270125.2
orthogroup_579	9	9	GCF_000005845.2;GCF_000006925.2;GCF_000006945.1;GCF_000009065.1;GCF_000018045.1;GCF_000025565.1;GCF_000069965.1;GCF_000240185.1;GCF_000270125.2
orthogroup_580	8	8	GCF_000005845.2;GCF_000006925.2;GCF_000006945.1;GCF_000009065.1;GCF_000018045.1;GCF_000025565.1;GCF_000240185.1;GCF_000270125.2
orthogroup_581	9	9	GCF_000005845.2;GCF_000006925.2;GCF_000006945.1;GCF_000009065.1;GCF_000018045.1;GCF_000025565.1;GCF_000069965.1;GCF_000240185.1;GCF_000270125.2
orthogroup_582	8	8	GCF_000005845.2;GCF_000006925.2;GCF_000006945.1;GCF_000009065.1;GCF_000018045.1;GCF_000025565.1;GCF_000240185.1;GCF_000270125.2
orthogroup_583	8	8	GCF_000005845.2;GCF_000006925.2;GCF_000006945.1;GCF_000009065.1;GCF_000018045.1;GCF_000025565.1;GCF_000240185.1;GCF_000270125.2
orthogroup_584	8	8	GCF_000005845.2;GCF_000006925.2;GCF_000006945.1;GCF_000018045.1;GCF_000025565.1;GCF_000069965.1;GCF_000240185.1;GCF_000270125.2
orthogroup_585	8	8	GCF_000005845.2;GCF_000006925.2;GCF_000006945.1;GCF_000009065.1;GCF_000018045.1;GCF_000025565.1;GCF_000240185.1;GCF_000270125.2
orthogroup_586	10	10	GCF_000005845.2;GCF_000006925.2;GCF_000006945.1;GCF_000009065.1;GCF_000018045.1;GCF_000025565.1;GCF_000069965.1;GCF_000240185.1;GCF_000270125.2;GCF_000762985.1
orthogroup_587	9	9	GCF_000005845.2;GCF_000006925.2;GCF_000006945.1;GCF_000009065.1;GCF_000018045.1;GCF_000025565.1;GCF_000069965.1;GCF_000240185.1;GCF_000270125.2
orthogroup_588	8	8	GCF_000005845.2;GCF_000006925.2;GCF_000006945.1;GCF_000009065.1;GCF_000018045.1;GCF_000069965.1;GCF_000240185.1;GCF_000270125.2
orthogroup_589	9	9	GCF_000005845.2;GCF_000006925.2;GCF_000006945.1;GCF_000009065.1;GCF_000018045.1;GCF_000025565.1;GCF_000069965.1;GCF_000240185.1;GCF_000270125.2
orthogroup_590	9	9	GCF_000005845.2;GCF_000006925.2;GCF_000006945.1;GCF_000009065.1;GCF_000018045.1;GCF_000025565.1;GCF_000069965.1;GCF_000240185.1;GCF_000270125.2
orthogroup_591	8	8	GCF_000005845.2;GCF_000006925.2;GCF_000006945.1;GCF_000018045.1;GCF_000025565.1;GCF_000240185.1;GCF_000270125.2;GCF_000762985.1
orthogroup_592	9	9	GCF_000005845.2;GCF_000006925.2;GCF_000006945.1;GCF_000009065.1;GCF_000018045.1;GCF_000025565.1;GCF_000069965.1;GCF_000240185.1;GCF_000270125.2
orthogroup_593	9	9	GCF_000005845.2;GCF_000006925.2;GCF_000006945.1;GCF_000009065.1;GCF_000018045.1;GCF_000025565.1;GCF_000069965.1;GCF_000240185.1;GCF_000270125.2
orthogroup_594	8	8	GCF_000005845.2;GCF_000006925.2;GCF_000006945.1;GCF_000009065.1;GCF_000018045.1;GCF_000025565.1;GCF_000069965.1;GCF_000240185.1
orthogroup_595	9	9	GCF_000005845.2;GCF_000006925.2;GCF_000006945.1;GCF_000009065.1;GCF_000018045.1;GCF_000025565.1;GCF_000069965.1;GCF_000240185.1;GCF_000270125.2
orthogroup_596	9	9	GCF_000005845.2;GCF_000006925.2;GCF_000006945.1;GCF_000009065.1;GCF_000018045.1;GCF_000025565.1;GCF_000069965.1;GCF_000240185.1;GCF_000270125.2
orthogroup_597	8	8	GCF_000005845.2;GCF_000006925.2;GCF_000006945.1;GCF_000009065.1;GCF_000018045.1;GCF_000025565.1;GCF_000069965.1;GCF_000270125.2
orthogroup_598	9	9	GCF_000005845.2;GCF_000006925.2;GCF_000006945.1;GCF_000009065.1;GCF_000018045.1;GCF_000025565.1;GCF_000069965.1;GCF_000240185.1;GCF_000270125.2
orthogroup_599	8	8	GCF_000005845.2;GCF_000006925.2;GCF_000006945.1;GCF_000009065.1;GCF_000018045.1;GCF_000025565.1;GCF_000069965.1;GCF_000240185.1
orthogroup_600	8	8	GCF_000005845.2;GCF_000006925.2;GCF_000006945.1;GCF_000009065.1;GCF_000018045.1;GCF_000025565.1;GCF_000069965.1;GCF_000240185.1
orthogroup_601	9	9	GCF_000005845.2;GCF_000006925.2;GCF_000006945.1;GCF_000009065.1;GCF_000018045.1;GCF_000025565.1;GCF_000069965.1;GCF_000240185.1;GCF_000270125.2
orthogroup_602	8	8	GCF_000005845.2;GCF_000006925.2;GCF_000006945.1;GCF_000009065.1;GCF_000018045.1;GCF_000025565.1;GCF_000240185.1;GCF_000270125.2
orthogroup_603	10	10	GCF_000005845.2;GCF_000006925.2;GCF_000006945.1;GCF_000009065.1;GCF_000018045.1;GCF_000025565.1;GCF_000069965.1;GCF_000240185.1;GCF_000270125.2;GCF_000762985.1
orthogroup_604	9	9	GCF_000005845.2;GCF_000006925.2;GCF_000006945.1;GCF_000009065.1;GCF_000018045.1;GCF_000025565.1;GCF_000069965.1;GCF_000240185.1;GCF_000270125.2
orthogroup_605	9	9	GCF_000005845.2;GCF_000006925.2;GCF_000006945.1;GCF_000009065.1;GCF_000018045.1;GCF_000025565.1;GCF_000069965.1;GCF_000240185.1;GCF_000270125.2
orthogroup_606	9	9	GCF_000005845.2;GCF_000006925.2;GCF_000006945.1;GCF_000009065.1;GCF_000018045.1;GCF_000025565.1;GCF_000069965.1;GCF_000240185.1;GCF_000270125.2
orthogroup_607	9	9	GCF_000005845.2;GCF_000006925.2;GCF_000006945.1;GCF_000009065.1;GCF_000018045.1;GCF_000025565.1;GCF_000069965.1;GCF_000240185.1;GCF_000270125.2
orthogroup_608	9	9	GCF_000005845.2;GCF_000006925.2;GCF_000006945.1;GCF_000009065.1;GCF_000018045.1;GCF_000025565.1;GCF_000069965.1;GCF_000240185.1;GCF_000270125.2
orthogroup_609	9	9	GCF_000005845.2;GCF_000006925.2;GCF_000006945.1;GCF_000009065.1;GCF_000018045.1;GCF_000025565.1;GCF_000069965.1;GCF_000240185.1;GCF_000270125.2
orthogroup_610	9	9	GCF_000005845.2;GCF_000006925.2;GCF_000006945.1;GCF_000009065.1;GCF_000018045.1;GCF_000025565.1;GCF_000069965.1;GCF_000240185.1;GCF_000270125.2
orthogroup_611	9	9	GCF_000005845.2;GCF_000006925.2;GCF_000006945.1;GCF_000009065.1;GCF_000018045.1;GCF_000025565.1;GCF_000069965.1;GCF_000240185.1;GCF_000270125.2
orthogroup_612	8	8	GCF_000005845.2;GCF_000006925.2;GCF_000006945.1;GCF_000018045.1;GCF_000025565.1;GCF_000069965.1;GCF_000240185.1;GCF_000270125.2
orthogroup_613	10	10	GCF_000005845.2;GCF_000006925.2;GCF_000006945.1;GCF_000009065.1;GCF_000018045.1;GCF_000025565.1;GCF_000069965.1;GCF_000240185.1;GCF_000270125.2;GCF_000762985.1
orthogroup_614	10	10	GCF_000005845.2;GCF_000006925.2;GCF_000006945.1;GCF_000009065.1;GCF_000018045.1;GCF_000025565.1;GCF_000069965.1;GCF_000240185.1;GCF_000270125.2;GCF_000762985.1
orthogroup_615	10	10	GCF_000005845.2;GCF_000006925.2;GCF_000006945.1;GCF_000009065.1;GCF_000018045.1;GCF_000025565.1;GCF_000069965.1;GCF_000240185.1;GCF_000270125.2;GCF_000762985.1
orthogroup_616	9	9	GCF_000005845.2;GCF_000006925.2;GCF_000006945.1;GCF_000009065.1;GCF_000018045.1;GCF_000025565.1;GCF_000069965.1;GCF_000240185.1;GCF_000270125.2
orthogroup_617	10	10	GCF_000005845.2;GCF_000006925.2;GCF_000006945.1;GCF_000009065.1;GCF_000018045.1;GCF_000025565.1;GCF_000069965.1;GCF_000240185.1;GCF_000270125.2;GCF_000762985.1
orthogroup_618	9	9	GCF_000005845.2;GCF_000006925.2;GCF_000006945.1;GCF_000009065.1;GCF_000018045.1;GCF_000025565.1;GCF_000069965.1;GCF_000240185.1;GCF_000270125.2
orthogroup_619	9	9	GCF_000005845.2;GCF_000006925.2;GCF_000006945.1;GCF_000009065.1;GCF_000018045.1;GCF_000025565.1;GCF_000069965.1;GCF_000240185.1;GCF_000270125.2
orthogroup_620	9	9	GCF_000005845.2;GCF_000006925.2;GCF_000006945.1;GCF_000009065.1;GCF_000018045.1;GCF_000025565.1;GCF_000069965.1;GCF_000240185.1;GCF_000270125.2
orthogroup_621	8	8	GCF_000005845.2;GCF_000006925.2;GCF_000006945.1;GCF_000009065.1;GCF_000018045.1;GCF_000025565.1;GCF_000069965.1;GCF_000240185.1
orthogroup_622	9	9	GCF_000005845.2;GCF_000006925.2;GCF_000006945.1;GCF_000009065.1;GCF_000018045.1;GCF_000025565.1;GCF_000069965.1;GCF_000240185.1;GCF_000270125.2
orthogroup_623	9	9	GCF_000005845.2;GCF_000006925.2;GCF_000006945.1;GCF_000009065.1;GCF_000018045.1;GCF_000025565.1;GCF_000069965.1;GCF_000240185.1;GCF_000270125.2
orthogroup_624	9	9	GCF_000005845.2;GCF_000006925.2;GCF_000006945.1;GCF_000009065.1;GCF_000018045.1;GCF_000025565.1;GCF_000069965.1;GCF_000240185.1;GCF_000270125.2
orthogroup_625	10	10	GCF_000005845.2;GCF_000006925.2;GCF_000006945.1;GCF_000009065.1;GCF_000018045.1;GCF_000025565.1;GCF_000069965.1;GCF_000240185.1;GCF_000270125.2;GCF_000762985.1
orthogroup_626	9	9	GCF_000005845.2;GCF_000006925.2;GCF_000006945.1;GCF_000009065.1;GCF_000018045.1;GCF_000025565.1;GCF_000069965.1;GCF_000240185.1;GCF_000762985.1
orthogroup_627	9	9	GCF_000005845.2;GCF_000006925.2;GCF_000006945.1;GCF_000009065.1;GCF_000018045.1;GCF_000025565.1;GCF_000069965.1;GCF_000240185.1;GCF_000270125.2
orthogroup_628	10	10	GCF_000005845.2;GCF_000006925.2;GCF_000006945.1;GCF_000009065.1;GCF_000018045.1;GCF_000025565.1;GCF_000069965.1;GCF_000240185.1;GCF_000270125.2;GCF_000762985.1
orthogroup_629	10	10	GCF_000005845.2;GCF_000006925.2;GCF_000006945.1;GCF_000009065.1;GCF_000018045.1;GCF_000025565.1;GCF_000069965.1;GCF_000240185.1;GCF_000270125.2;GCF_000762985.1
orthogroup_630	9	9	GCF_000005845.2;GCF_000006925.2;GCF_000006945.1;GCF_000009065.1;GCF_000018045.1;GCF_000025565.1;GCF_000069965.1;GCF_000240185.1;GCF_000270125.2
orthogroup_631	9	9	GCF_000005845.2;GCF_000006925.2;GCF_000006945.1;GCF_000009065.1;GCF_000018045.1;GCF_000025565.1;GCF_000069965.1;GCF_000240185.1;GCF_000270125.2
orthogroup_632	9	9	GCF_000005845.2;GCF_000006925.2;GCF_000006945.1;GCF_000009065.1;GCF_000018045.1;GCF_000025565.1;GCF_000069965.1;GCF_000240185.1;GCF_000270125.2
orthogroup_633	9	9	GCF_000005845.2;GCF_000006925.2;GCF_000006945.1;GCF_000009065.1;GCF_000018045.1;GCF_000025565.1;GCF_000069965.1;GCF_000240185.1;GCF_000270125.2
orthogroup_634	9	9	GCF_000005845.2;GCF_000006925.2;GCF_000006945.1;GCF_000009065.1;GCF_000018045.1;GCF_000025565.1;GCF_000069965.1;GCF_000240185.1;GCF_000270125.2
orthogroup_635	10	10	GCF_000005845.2;GCF_000006925.2;GCF_000006945.1;GCF_000009065.1;GCF_000018045.1;GCF_000025565.1;GCF_000069965.1;GCF_000240185.1;GCF_000270125.2;GCF_000762985.1
orthogroup_636	10	10	GCF_000005845.2;GCF_000006925.2;GCF_000006945.1;GCF_000009065.1;GCF_000018045.1;GCF_000025565.1;GCF_000069965.1;GCF_000240185.1;GCF_000270125.2;GCF_000762985.1
orthogroup_637	10	10	GCF_000005845.2;GCF_000006925.2;GCF_000006945.1;GCF_000009065.1;GCF_000018045.1;GCF_000025565.1;GCF_000069965.1;GCF_000240185.1;GCF_000270125.2;GCF_000762985.1
orthogroup_638	9	9	GCF_000005845.2;GCF_000006925.2;GCF_000006945.1;GCF_000009065.1;GCF_000018045.1;GCF_000025565.1;GCF_000069965.1;GCF_000240185.1;GCF_000270125.2
orthogroup_639	10	10	GCF_000005845.2;GCF_000006925.2;GCF_000006945.1;GCF_000009065.1;GCF_000018045.1;GCF_000025565.1;GCF_000069965.1;GCF_000240185.1;GCF_000270125.2;GCF_000762985.1
orthogroup_640	9	9	GCF_000005845.2;GCF_000006925.2;GCF_000006945.1;GCF_000009065.1;GCF_000018045.1;GCF_000025565.1;GCF_000069965.1;GCF_000240185.1;GCF_000270125.2
orthogroup_641	9	9	GCF_000005845.2;GCF_000006925.2;GCF_000006945.1;GCF_000009065.1;GCF_000018045.1;GCF_000025565.1;GCF_000069965.1;GCF_000240185.1;GCF_000270125.2
orthogroup_642	9	9	GCF_000005845.2;GCF_000006925.2;GCF_000006945.1;GCF_000009065.1;GCF_000018045.1;GCF_000025565.1;GCF_000069965.1;GCF_000240185.1;GCF_000270125.2
orthogroup_643	9	9	GCF_000005845.2;GCF_000006925.2;GCF_000006945.1;GCF_000009065.1;GCF_000018045.1;GCF_000025565.1;GCF_000069965.1;GCF_000240185.1;GCF_000270125.2
orthogroup_644	9	9	GCF_000005845.2;GCF_000006925.2;GCF_000006945.1;GCF_000009065.1;GCF_000018045.1;GCF_000025565.1;GCF_000069965.1;GCF_000240185.1;GCF_000270125.2
orthogroup_645	10	10	GCF_000005845.2;GCF_000006925.2;GCF_000006945.1;GCF_000009065.1;GCF_000018045.1;GCF_000025565.1;GCF_000069965.1;GCF_000240185.1;GCF_000270125.2;GCF_000762985.1
orthogroup_646	8	8	GCF_000005845.2;GCF_000006925.2;GCF_000006945.1;GCF_000009065.1;GCF_000018045.1;GCF_000025565.1;GCF_000069965.1;GCF_000240185.1
orthogroup_647	9	9	GCF_000005845.2;GCF_000006925.2;GCF_000006945.1;GCF_000009065.1;GCF_000018045.1;GCF_000025565.1;GCF_000069965.1;GCF_000240185.1;GCF_000270125.2
orthogroup_648	8	8	GCF_000005845.2;GCF_000006925.2;GCF_000006945.1;GCF_000009065.1;GCF_000018045.1;GCF_000069965.1;GCF_000240185.1;GCF_000270125.2
orthogroup_649	10	10	GCF_000005845.2;GCF_000006925.2;GCF_000006945.1;GCF_000009065.1;GCF_000018045.1;GCF_000025565.1;GCF_000069965.1;GCF_000240185.1;GCF_000270125.2;GCF_000762985.1
orthogroup_650	9	9	GCF_000005845.2;GCF_000006925.2;GCF_000006945.1;GCF_000009065.1;GCF_000018045.1;GCF_000025565.1;GCF_000069965.1;GCF_000240185.1;GCF_000270125.2
orthogroup_651	10	10	GCF_000005845.2;GCF_000006925.2;GCF_000006945.1;GCF_000009065.1;GCF_000018045.1;GCF_000025565.1;GCF_000069965.1;GCF_000240185.1;GCF_000270125.2;GCF_000762985.1
orthogroup_652	9	9	GCF_000005845.2;GCF_000006925.2;GCF_000006945.1;GCF_000009065.1;GCF_000018045.1;GCF_000025565.1;GCF_000069965.1;GCF_000240185.1;GCF_000270125.2
orthogroup_653	9	9	GCF_000005845.2;GCF_000006925.2;GCF_000006945.1;GCF_000009065.1;GCF_000018045.1;GCF_000025565.1;GCF_000069965.1;GCF_000240185.1;GCF_000270125.2
orthogroup_654	10	10	GCF_000005845.2;GCF_000006925.2;GCF_000006945.1;GCF_000009065.1;GCF_000018045.1;GCF_000025565.1;GCF_000069965.1;GCF_000240185.1;GCF_000270125.2;GCF_000762985.1
orthogroup_655	8	8	GCF_000005845.2;GCF_000006925.2;GCF_000006945.1;GCF_000009065.1;GCF_000018045.1;GCF_000025565.1;GCF_000069965.1;GCF_000240185.1
orthogroup_656	9	9	GCF_000005845.2;GCF_000006925.2;GCF_000006945.1;GCF_000009065.1;GCF_000018045.1;GCF_000025565.1;GCF_000069965.1;GCF_000240185.1;GCF_000270125.2
orthogroup_657	9	9	GCF_000005845.2;GCF_000006925.2;GCF_000006945.1;GCF_000009065.1;GCF_000018045.1;GCF_000025565.1;GCF_000069965.1;GCF_000240185.1;GCF_000270125.2
orthogroup_658	8	8	GCF_000005845.2;GCF_000006925.2;GCF_000006945.1;GCF_000009065.1;GCF_000018045.1;GCF_000025565.1;GCF_000240185.1;GCF_000762985.1
orthogroup_659	10	10	GCF_000005845.2;GCF_000006925.2;GCF_000006945.1;GCF_000009065.1;GCF_000018045.1;GCF_000025565.1;GCF_000069965.1;GCF_000240185.1;GCF_000270125.2;GCF_000762985.1
orthogroup_660	10	10	GCF_000005845.2;GCF_000006925.2;GCF_000006945.1;GCF_000009065.1;GCF_000018045.1;GCF_000025565.1;GCF_000069965.1;GCF_000240185.1;GCF_000270125.2;GCF_000762985.1
orthogroup_661	10	10	GCF_000005845.2;GCF_000006925.2;GCF_000006945.1;GCF_000009065.1;GCF_000018045.1;GCF_000025565.1;GCF_000069965.1;GCF_000240185.1;GCF_000270125.2;GCF_000762985.1
orthogroup_662	8	8	GCF_000005845.2;GCF_000006925.2;GCF_000006945.1;GCF_000018045.1;GCF_000025565.1;GCF_000069965.1;GCF_000240185.1;GCF_000270125.2
orthogroup_663	9	9	GCF_000005845.2;GCF_000006925.2;GCF_000006945.1;GCF_000009065.1;GCF_000018045.1;GCF_000025565.1;GCF_000069965.1;GCF_000240185.1;GCF_000270125.2
orthogroup_664	9	9	GCF_000005845.2;GCF_000006925.2;GCF_000006945.1;GCF_000009065.1;GCF_000018045.1;GCF_000025565.1;GCF_000069965.1;GCF_000240185.1;GCF_000270125.2
orthogroup_665	9	9	GCF_000005845.2;GCF_000006925.2;GCF_000006945.1;GCF_000009065.1;GCF_000018045.1;GCF_000025565.1;GCF_000069965.1;GCF_000240185.1;GCF_000270125.2
orthogroup_666	9	9	GCF_000005845.2;GCF_000006925.2;GCF_000006945.1;GCF_000009065.1;GCF_000018045.1;GCF_000025565.1;GCF_000069965.1;GCF_000240185.1;GCF_000270125.2
orthogroup_667	8	8	GCF_000005845.2;GCF_000006925.2;GCF_000006945.1;GCF_000009065.1;GCF_000018045.1;GCF_000025565.1;GCF_000240185.1;GCF_000270125.2
orthogroup_668	8	8	GCF_000005845.2;GCF_000006925.2;GCF_000006945.1;GCF_000009065.1;GCF_000018045.1;GCF_000025565.1;GCF_000069965.1;GCF_000270125.2
orthogroup_669	9	9	GCF_000005845.2;GCF_000006925.2;GCF_000006945.1;GCF_000009065.1;GCF_000018045.1;GCF_000025565.1;GCF_000069965.1;GCF_000240185.1;GCF_000270125.2
orthogroup_670	9	9	GCF_000005845.2;GCF_000006925.2;GCF_000006945.1;GCF_000009065.1;GCF_000018045.1;GCF_000025565.1;GCF_000069965.1;GCF_000240185.1;GCF_000270125.2
orthogroup_671	10	10	GCF_000005845.2;GCF_000006925.2;GCF_000006945.1;GCF_000009065.1;GCF_000018045.1;GCF_000025565.1;GCF_000069965.1;GCF_000240185.1;GCF_000270125.2;GCF_000762985.1
orthogroup_672	9	9	GCF_000005845.2;GCF_000006925.2;GCF_000006945.1;GCF_000009065.1;GCF_000018045.1;GCF_000025565.1;GCF_000069965.1;GCF_000240185.1;GCF_000270125.2
orthogroup_673	9	9	GCF_000005845.2;GCF_000006925.2;GCF_000006945.1;GCF_000009065.1;GCF_000018045.1;GCF_000025565.1;GCF_000069965.1;GCF_000240185.1;GCF_000270125.2
orthogroup_674	9	9	GCF_000005845.2;GCF_000006925.2;GCF_000006945.1;GCF_000009065.1;GCF_000018045.1;GCF_000025565.1;GCF_000069965.1;GCF_000240185.1;GCF_000270125.2
orthogroup_675	10	10	GCF_000005845.2;GCF_000006925.2;GCF_000006945.1;GCF_000009065.1;GCF_000018045.1;GCF_000025565.1;GCF_000069965.1;GCF_000240185.1;GCF_000270125.2;GCF_000762985.1
orthogroup_676	9	9	GCF_000005845.2;GCF_000006925.2;GCF_000006945.1;GCF_000009065.1;GCF_000018045.1;GCF_000025565.1;GCF_000069965.1;GCF_000240185.1;GCF_000270125.2
orthogroup_677	8	8	GCF_000005845.2;GCF_000006925.2;GCF_000006945.1;GCF_000009065.1;GCF_000018045.1;GCF_000025565.1;GCF_000240185.1;GCF_000270125.2
orthogroup_678	10	10	GCF_000005845.2;GCF_000006925.2;GCF_000006945.1;GCF_000009065.1;GCF_000018045.1;GCF_000025565.1;GCF_000069965.1;GCF_000240185.1;GCF_000270125.2;GCF_000762985.1
orthogroup_679	9	9	GCF_000005845.2;GCF_000006925.2;GCF_000006945.1;GCF_000009065.1;GCF_000018045.1;GCF_000025565.1;GCF_000069965.1;GCF_000240185.1;GCF_000270125.2
orthogroup_680	10	10	GCF_000005845.2;GCF_000006925.2;GCF_000006945.1;GCF_000009065.1;GCF_000018045.1;GCF_000025565.1;GCF_000069965.1;GCF_000240185.1;GCF_000270125.2;GCF_000762985.1
orthogroup_681	9	9	GCF_000005845.2;GCF_000006925.2;GCF_000006945.1;GCF_000009065.1;GCF_000018045.1;GCF_000025565.1;GCF_000069965.1;GCF_000240185.1;GCF_000270125.2
orthogroup_682	8	8	GCF_000005845.2;GCF_000006925.2;GCF_000006945.1;GCF_000009065.1;GCF_000025565.1;GCF_000069965.1;GCF_000240185.1;GCF_000270125.2
orthogroup_683	10	10	GCF_000005845.2;GCF_000006925.2;GCF_000006945.1;GCF_000009065.1;GCF_000018045.1;GCF_000025565.1;GCF_000069965.1;GCF_000240185.1;GCF_000270125.2;GCF_000762985.1
orthogroup_684	9	9	GCF_000005845.2;GCF_000006925.2;GCF_000006945.1;GCF_000009065.1;GCF_000018045.1;GCF_000025565.1;GCF_000069965.1;GCF_000240185.1;GCF_000270125.2
orthogroup_685	8	8	GCF_000005845.2;GCF_000006925.2;GCF_000006945.1;GCF_000009065.1;GCF_000018045.1;GCF_000025565.1;GCF_000069965.1;GCF_000240185.1
orthogroup_686	9	9	GCF_000005845.2;GCF_000006925.2;GCF_000006945.1;GCF_000009065.1;GCF_000018045.1;GCF_000025565.1;GCF_000069965.1;GCF_000240185.1;GCF_000270125.2
orthogroup_687	9	9	GCF_000005845.2;GCF_000006925.2;GCF_000006945.1;GCF_000009065.1;GCF_000018045.1;GCF_000025565.1;GCF_000069965.1;GCF_000240185.1;GCF_000270125.2
orthogroup_688	8	8	GCF_000005845.2;GCF_000006925.2;GCF_000006945.1;GCF_000018045.1;GCF_000025565.1;GCF_000069965.1;GCF_000240185.1;GCF_000270125.2
orthogroup_689	8	8	GCF_000005845.2;GCF_000006925.2;GCF_000006945.1;GCF_000009065.1;GCF_000018045.1;GCF_000025565.1;GCF_000240185.1;GCF_000270125.2
orthogroup_690	9	9	GCF_000005845.2;GCF_000006925.2;GCF_000006945.1;GCF_000009065.1;GCF_000018045.1;GCF_000025565.1;GCF_000069965.1;GCF_000240185.1;GCF_000270125.2
orthogroup_691	8	8	GCF_000005845.2;GCF_000006925.2;GCF_000006945.1;GCF_000009065.1;GCF_000018045.1;GCF_000025565.1;GCF_000240185.1;GCF_000270125.2
orthogroup_692	9	9	GCF_000005845.2;GCF_000006925.2;GCF_000006945.1;GCF_000009065.1;GCF_000018045.1;GCF_000025565.1;GCF_000069965.1;GCF_000240185.1;GCF_000270125.2
orthogroup_693	10	10	GCF_000005845.2;GCF_000006925.2;GCF_000006945.1;GCF_000009065.1;GCF_000018045.1;GCF_000025565.1;GCF_000069965.1;GCF_000240185.1;GCF_000270125.2;GCF_000762985.1
orthogroup_694	9	9	GCF_000005845.2;GCF_000006925.2;GCF_000006945.1;GCF_000009065.1;GCF_000018045.1;GCF_000025565.1;GCF_000069965.1;GCF_000240185.1;GCF_000270125.2
orthogroup_695	9	9	GCF_000005845.2;GCF_000006925.2;GCF_000006945.1;GCF_000009065.1;GCF_000018045.1;GCF_000025565.1;GCF_000069965.1;GCF_000240185.1;GCF_000270125.2
orthogroup_696	8	8	GCF_000005845.2;GCF_000006925.2;GCF_000006945.1;GCF_000009065.1;GCF_000018045.1;GCF_000025565.1;GCF_000069965.1;GCF_000270125.2
orthogroup_697	9	9	GCF_000005845.2;GCF_000006925.2;GCF_000006945.1;GCF_000009065.1;GCF_000018045.1;GCF_000025565.1;GCF_000069965.1;GCF_000240185.1;GCF_000270125.2
orthogroup_698	9	9	GCF_000005845.2;GCF_000006925.2;GCF_000006945.1;GCF_000009065.1;GCF_000018045.1;GCF_000025565.1;GCF_000069965.1;GCF_000240185.1;GCF_000270125.2
orthogroup_699	9	9	GCF_000005845.2;GCF_000006925.2;GCF_000006945.1;GCF_000009065.1;GCF_000018045.1;GCF_000025565.1;GCF_000069965.1;GCF_000240185.1;GCF_000270125.2
orthogroup_700	10	10	GCF_000005845.2;GCF_000006925.2;GCF_000006945.1;GCF_000009065.1;GCF_000018045.1;GCF_000025565.1;GCF_000069965.1;GCF_000240185.1;GCF_000270125.2;GCF_000762985.1
orthogroup_701	9	9	GCF_000005845.2;GCF_000006925.2;GCF_000006945.1;GCF_000009065.1;GCF_000018045.1;GCF_000025565.1;GCF_000069965.1;GCF_000240185.1;GCF_000270125.2
orthogroup_702	10	10	GCF_000005845.2;GCF_000006925.2;GCF_000006945.1;GCF_000009065.1;GCF_000018045.1;GCF_000025565.1;GCF_000069965.1;GCF_000240185.1;GCF_000270125.2;GCF_000762985.1
orthogroup_703	9	9	GCF_000005845.2;GCF_000006925.2;GCF_000006945.1;GCF_000009065.1;GCF_000018045.1;GCF_000025565.1;GCF_000069965.1;GCF_000240185.1;GCF_000270125.2
orthogroup_704	9	9	GCF_000005845.2;GCF_000006925.2;GCF_000006945.1;GCF_000009065.1;GCF_000018045.1;GCF_000025565.1;GCF_000069965.1;GCF_000240185.1;GCF_000270125.2
orthogroup_705	8	8	GCF_000005845.2;GCF_000006925.2;GCF_000006945.1;GCF_000009065.1;GCF_000018045.1;GCF_000025565.1;GCF_000069965.1;GCF_000270125.2
orthogroup_706	9	9	GCF_000005845.2;GCF_000006925.2;GCF_000006945.1;GCF_000009065.1;GCF_000018045.1;GCF_000025565.1;GCF_000069965.1;GCF_000240185.1;GCF_000270125.2
orthogroup_707	8	8	GCF_000005845.2;GCF_000006925.2;GCF_000006945.1;GCF_000009065.1;GCF_000018045.1;GCF_000025565.1;GCF_000069965.1;GCF_000270125.2
orthogroup_708	8	8	GCF_000005845.2;GCF_000006925.2;GCF_000006945.1;GCF_000018045.1;GCF_000025565.1;GCF_000069965.1;GCF_000240185.1;GCF_000270125.2
orthogroup_709	10	10	GCF_000005845.2;GCF_000006925.2;GCF_000006945.1;GCF_000009065.1;GCF_000018045.1;GCF_000025565.1;GCF_000069965.1;GCF_000240185.1;GCF_000270125.2;GCF_000762985.1
orthogroup_710	9	9	GCF_000005845.2;GCF_000006925.2;GCF_000006945.1;GCF_000009065.1;GCF_000018045.1;GCF_000025565.1;GCF_000069965.1;GCF_000240185.1;GCF_000270125.2
orthogroup_711	8	8	GCF_000005845.2;GCF_000006925.2;GCF_000006945.1;GCF_000009065.1;GCF_000018045.1;GCF_000025565.1;GCF_000069965.1;GCF_000240185.1
orthogroup_712	10	10	GCF_000005845.2;GCF_000006925.2;GCF_000006945.1;GCF_000009065.1;GCF_000018045.1;GCF_000025565.1;GCF_000069965.1;GCF_000240185.1;GCF_000270125.2;GCF_000762985.1
orthogroup_713	10	10	GCF_000005845.2;GCF_000006925.2;GCF_000006945.1;GCF_000009065.1;GCF_000018045.1;GCF_000025565.1;GCF_000069965.1;GCF_000240185.1;GCF_000270125.2;GCF_000762985.1
orthogroup_714	9	9	GCF_000005845.2;GCF_000006925.2;GCF_000006945.1;GCF_000009065.1;GCF_000018045.1;GCF_000025565.1;GCF_000069965.1;GCF_000240185.1;GCF_000270125.2
orthogroup_715	8	8	GCF_000005845.2;GCF_000006925.2;GCF_000006945.1;GCF_000009065.1;GCF_000018045.1;GCF_000025565.1;GCF_000240185.1;GCF_000270125.2
orthogroup_716	9	9	GCF_000005845.2;GCF_000006925.2;GCF_000006945.1;GCF_000009065.1;GCF_000018045.1;GCF_000025565.1;GCF_000069965.1;GCF_000240185.1;GCF_000270125.2
orthogroup_717	10	10	GCF_000005845.2;GCF_000006925.2;GCF_000006945.1;GCF_000009065.1;GCF_000018045.1;GCF_000025565.1;GCF_000069965.1;GCF_000240185.1;GCF_000270125.2;GCF_000762985.1
orthogroup_718	10	10	GCF_000005845.2;GCF_000006925.2;GCF_000006945.1;GCF_000009065.1;GCF_000018045.1;GCF_000025565.1;GCF_000069965.1;GCF_000240185.1;GCF_000270125.2;GCF_000762985.1
orthogroup_719	9	9	GCF_000005845.2;GCF_000006925.2;GCF_000006945.1;GCF_000009065.1;GCF_000018045.1;GCF_000025565.1;GCF_000069965.1;GCF_000240185.1;GCF_000270125.2
orthogroup_720	9	9	GCF_000005845.2;GCF_000006925.2;GCF_000006945.1;GCF_000009065.1;GCF_000018045.1;GCF_000025565.1;GCF_000069965.1;GCF_000240185.1;GCF_000270125.2
orthogroup_721	9	9	GCF_000005845.2;GCF_000006925.2;GCF_000006945.1;GCF_000009065.1;GCF_000018045.1;GCF_000025565.1;GCF_000069965.1;GCF_000240185.1;GCF_000270125.2
orthogroup_722	9	9	GCF_000005845.2;GCF_000006925.2;GCF_000006945.1;GCF_000009065.1;GCF_000018045.1;GCF_000025565.1;GCF_000069965.1;GCF_000240185.1;GCF_000270125.2
orthogroup_723	10	10	GCF_000005845.2;GCF_000006925.2;GCF_000006945.1;GCF_000009065.1;GCF_000018045.1;GCF_000025565.1;GCF_000069965.1;GCF_000240185.1;GCF_000270125.2;GCF_000762985.1
orthogroup_724	9	9	GCF_000005845.2;GCF_000006925.2;GCF_000006945.1;GCF_000009065.1;GCF_000018045.1;GCF_000025565.1;GCF_000069965.1;GCF_000240185.1;GCF_000270125.2
orthogroup_725	10	10	GCF_000005845.2;GCF_000006925.2;GCF_000006945.1;GCF_000009065.1;GCF_000018045.1;GCF_000025565.1;GCF_000069965.1;GCF_000240185.1;GCF_000270125.2;GCF_000762985.1
orthogroup_726	8	8	GCF_000005845.2;GCF_000006925.2;GCF_000006945.1;GCF_000009065.1;GCF_000018045.1;GCF_000025565.1;GCF_000240185.1;GCF_000270125.2
orthogroup_727	10	10	GCF_000005845.2;GCF_000006925.2;GCF_000006945.1;GCF_000009065.1;GCF_000018045.1;GCF_000025565.1;GCF_000069965.1;GCF_000240185.1;GCF_000270125.2;GCF_000762985.1
orthogroup_728	10	10	GCF_000005845.2;GCF_000006925.2;GCF_000006945.1;GCF_000009065.1;GCF_000018045.1;GCF_000025565.1;GCF_000069965.1;GCF_000240185.1;GCF_000270125.2;GCF_000762985.1
orthogroup_729	9	9	GCF_000005845.2;GCF_000006925.2;GCF_000006945.1;GCF_000009065.1;GCF_000018045.1;GCF_000025565.1;GCF_000069965.1;GCF_000240185.1;GCF_000270125.2
orthogroup_730	10	10	GCF_000005845.2;GCF_000006925.2;GCF_000006945.1;GCF_000009065.1;GCF_000018045.1;GCF_000025565.1;GCF_000069965.1;GCF_000240185.1;GCF_000270125.2;GCF_000762985.1
orthogroup_731	8	8	GCF_000005845.2;GCF_000006925.2;GCF_000006945.1;GCF_000018045.1;GCF_000025565.1;GCF_000240185.1;GCF_000270125.2;GCF_000762985.1
orthogroup_732	8	8	GCF_000005845.2;GCF_000006925.2;GCF_000006945.1;GCF_000009065.1;GCF_000018045.1;GCF_000025565.1;GCF_000240185.1;GCF_000270125.2
orthogroup_733	9	9	GCF_000005845.2;GCF_000006925.2;GCF_000006945.1;GCF_000009065.1;GCF_000018045.1;GCF_000025565.1;GCF_000069965.1;GCF_000240185.1;GCF_000270125.2
orthogroup_734	9	9	GCF_000005845.2;GCF_000006925.2;GCF_000006945.1;GCF_000009065.1;GCF_000018045.1;GCF_000025565.1;GCF_000069965.1;GCF_000240185.1;GCF_000270125.2
orthogroup_735	8	8	GCF_000005845.2;GCF_000006925.2;GCF_000006945.1;GCF_000009065.1;GCF_000018045.1;GCF_000025565.1;GCF_000240185.1;GCF_000270125.2
orthogroup_736	9	9	GCF_000005845.2;GCF_000006925.2;GCF_000006945.1;GCF_000009065.1;GCF_000018045.1;GCF_000025565.1;GCF_000069965.1;GCF_000240185.1;GCF_000270125.2
orthogroup_737	9	9	GCF_000005845.2;GCF_000006925.2;GCF_000006945.1;GCF_000009065.1;GCF_000018045.1;GCF_000025565.1;GCF_000069965.1;GCF_000240185.1;GCF_000270125.2
orthogroup_738	9	9	GCF_000005845.2;GCF_000006925.2;GCF_000006945.1;GCF_000009065.1;GCF_000018045.1;GCF_000025565.1;GCF_000069965.1;GCF_000240185.1;GCF_000270125.2
orthogroup_739	10	10	GCF_000005845.2;GCF_000006925.2;GCF_000006945.1;GCF_000009065.1;GCF_000018045.1;GCF_000025565.1;GCF_000069965.1;GCF_000240185.1;GCF_000270125.2;GCF_000762985.1
orthogroup_740	10	10	GCF_000005845.2;GCF_000006925.2;GCF_000006945.1;GCF_000009065.1;GCF_000018045.1;GCF_000025565.1;GCF_000069965.1;GCF_000240185.1;GCF_000270125.2;GCF_000762985.1
orthogroup_741	9	9	GCF_000005845.2;GCF_000006925.2;GCF_000006945.1;GCF_000009065.1;GCF_000018045.1;GCF_000025565.1;GCF_000069965.1;GCF_000240185.1;GCF_000270125.2
orthogroup_742	10	10	GCF_000005845.2;GCF_000006925.2;GCF_000006945.1;GCF_000009065.1;GCF_000018045.1;GCF_000025565.1;GCF_000069965.1;GCF_000240185.1;GCF_000270125.2;GCF_000762985.1
orthogroup_743	8	8	GCF_000005845.2;GCF_000006925.2;GCF_000006945.1;GCF_000009065.1;GCF_000018045.1;GCF_000025565.1;GCF_000240185.1;GCF_000270125.2
orthogroup_744	9	9	GCF_000005845.2;GCF_000006925.2;GCF_000006945.1;GCF_000009065.1;GCF_000018045.1;GCF_000025565.1;GCF_000069965.1;GCF_000240185.1;GCF_000270125.2
orthogroup_745	10	10	GCF_000005845.2;GCF_000006925.2;GCF_000006945.1;GCF_000009065.1;GCF_000018045.1;GCF_000025565.1;GCF_000069965.1;GCF_000240185.1;GCF_000270125.2;GCF_000762985.1
orthogroup_746	9	9	GCF_000005845.2;GCF_000006925.2;GCF_000006945.1;GCF_000009065.1;GCF_000018045.1;GCF_000025565.1;GCF_000069965.1;GCF_000240185.1;GCF_000270125.2
orthogroup_747	10	10	GCF_000005845.2;GCF_000006925.2;GCF_000006945.1;GCF_000009065.1;GCF_000018045.1;GCF_000025565.1;GCF_000069965.1;GCF_000240185.1;GCF_000270125.2;GCF_000762985.1
orthogroup_748	10	10	GCF_000005845.2;GCF_000006925.2;GCF_000006945.1;GCF_000009065.1;GCF_000018045.1;GCF_000025565.1;GCF_000069965.1;GCF_000240185.1;GCF_000270125.2;GCF_000762985.1
orthogroup_749	9	9	GCF_000005845.2;GCF_000006925.2;GCF_000006945.1;GCF_000009065.1;GCF_000018045.1;GCF_000025565.1;GCF_000069965.1;GCF_000240185.1;GCF_000270125.2
orthogroup_750	10	10	GCF_000005845.2;GCF_000006925.2;GCF_000006945.1;GCF_000009065.1;GCF_000018045.1;GCF_000025565.1;GCF_000069965.1;GCF_000240185.1;GCF_000270125.2;GCF_000762985.1
orthogroup_751	9	9	GCF_000005845.2;GCF_000006925.2;GCF_000006945.1;GCF_000018045.1;GCF_000025565.1;GCF_000069965.1;GCF_000240185.1;GCF_000270125.2;GCF_000762985.1
orthogroup_752	10	10	GCF_000005845.2;GCF_000006925.2;GCF_000006945.1;GCF_000009065.1;GCF_000018045.1;GCF_000025565.1;GCF_000069965.1;GCF_000240185.1;GCF_000270125.2;GCF_000762985.1
orthogroup_753	9	9	GCF_000005845.2;GCF_000006925.2;GCF_000006945.1;GCF_000009065.1;GCF_000018045.1;GCF_000025565.1;GCF_000069965.1;GCF_000240185.1;GCF_000270125.2
orthogroup_754	8	8	GCF_000005845.2;GCF_000006925.2;GCF_000006945.1;GCF_000018045.1;GCF_000025565.1;GCF_000069965.1;GCF_000240185.1;GCF_000270125.2
orthogroup_755	9	9	GCF_000005845.2;GCF_000006925.2;GCF_000006945.1;GCF_000009065.1;GCF_000018045.1;GCF_000025565.1;GCF_000069965.1;GCF_000240185.1;GCF_000270125.2
orthogroup_756	9	9	GCF_000005845.2;GCF_000006925.2;GCF_000006945.1;GCF_000009065.1;GCF_000018045.1;GCF_000025565.1;GCF_000069965.1;GCF_000240185.1;GCF_000270125.2
orthogroup_757	9	9	GCF_000005845.2;GCF_000006925.2;GCF_000006945.1;GCF_000009065.1;GCF_000018045.1;GCF_000025565.1;GCF_000069965.1;GCF_000240185.1;GCF_000270125.2
orthogroup_758	8	8	GCF_000005845.2;GCF_000006925.2;GCF_000006945.1;GCF_000009065.1;GCF_000018045.1;GCF_000025565.1;GCF_000240185.1;GCF_000270125.2
orthogroup_759	9	9	GCF_000005845.2;GCF_000006925.2;GCF_000006945.1;GCF_000009065.1;GCF_000018045.1;GCF_000025565.1;GCF_000069965.1;GCF_000240185.1;GCF_000270125.2
orthogroup_760	9	9	GCF_000005845.2;GCF_000006925.2;GCF_000006945.1;GCF_000009065.1;GCF_000018045.1;GCF_000025565.1;GCF_000069965.1;GCF_000240185.1;GCF_000270125.2
orthogroup_761	9	9	GCF_000005845.2;GCF_000006925.2;GCF_000006945.1;GCF_000009065.1;GCF_000018045.1;GCF_000025565.1;GCF_000240185.1;GCF_000270125.2;GCF_000762985.1
orthogroup_762	10	10	GCF_000005845.2;GCF_000006925.2;GCF_000006945.1;GCF_000009065.1;GCF_000018045.1;GCF_000025565.1;GCF_000069965.1;GCF_000240185.1;GCF_000270125.2;GCF_000762985.1
orthogroup_763	8	8	GCF_000005845.2;GCF_000006925.2;GCF_000006945.1;GCF_000009065.1;GCF_000018045.1;GCF_000025565.1;GCF_000069965.1;GCF_000270125.2
orthogroup_764	10	10	GCF_000005845.2;GCF_000006925.2;GCF_000006945.1;GCF_000009065.1;GCF_000018045.1;GCF_000025565.1;GCF_000069965.1;GCF_000240185.1;GCF_000270125.2;GCF_000762985.1
orthogroup_765	9	9	GCF_000005845.2;GCF_000006925.2;GCF_000006945.1;GCF_000009065.1;GCF_000018045.1;GCF_000025565.1;GCF_000069965.1;GCF_000240185.1;GCF_000270125.2
orthogroup_766	9	9	GCF_000005845.2;GCF_000006925.2;GCF_000006945.1;GCF_000009065.1;GCF_000018045.1;GCF_000025565.1;GCF_000069965.1;GCF_000240185.1;GCF_000270125.2
orthogroup_767	10	10	GCF_000005845.2;GCF_000006925.2;GCF_000006945.1;GCF_000009065.1;GCF_000018045.1;GCF_000025565.1;GCF_000069965.1;GCF_000240185.1;GCF_000270125.2;GCF_000762985.1
orthogroup_768	9	9	GCF_000005845.2;GCF_000006925.2;GCF_000006945.1;GCF_000009065.1;GCF_000018045.1;GCF_000025565.1;GCF_000069965.1;GCF_000240185.1;GCF_000270125.2
orthogroup_769	8	8	GCF_000005845.2;GCF_000006925.2;GCF_000006945.1;GCF_000009065.1;GCF_000018045.1;GCF_000069965.1;GCF_000240185.1;GCF_000270125.2
orthogroup_770	9	9	GCF_000005845.2;GCF_000006925.2;GCF_000006945.1;GCF_000009065.1;GCF_000018045.1;GCF_000025565.1;GCF_000069965.1;GCF_000240185.1;GCF_000270125.2
orthogroup_771	8	8	GCF_000005845.2;GCF_000006925.2;GCF_000006945.1;GCF_000009065.1;GCF_000018045.1;GCF_000025565.1;GCF_000069965.1;GCF_000270125.2
orthogroup_772	9	9	GCF_000005845.2;GCF_000006925.2;GCF_000006945.1;GCF_000009065.1;GCF_000018045.1;GCF_000025565.1;GCF_000069965.1;GCF_000240185.1;GCF_000270125.2
orthogroup_773	9	9	GCF_000005845.2;GCF_000006925.2;GCF_000006945.1;GCF_000009065.1;GCF_000018045.1;GCF_000025565.1;GCF_000240185.1;GCF_000270125.2;GCF_000762985.1
orthogroup_774	9	9	GCF_000005845.2;GCF_000006925.2;GCF_000006945.1;GCF_000009065.1;GCF_000018045.1;GCF_000025565.1;GCF_000069965.1;GCF_000240185.1;GCF_000270125.2
orthogroup_775	10	10	GCF_000005845.2;GCF_000006925.2;GCF_000006945.1;GCF_000009065.1;GCF_000018045.1;GCF_000025565.1;GCF_000069965.1;GCF_000240185.1;GCF_000270125.2;GCF_000762985.1
orthogroup_776	9	9	GCF_000005845.2;GCF_000006925.2;GCF_000006945.1;GCF_000009065.1;GCF_000018045.1;GCF_000025565.1;GCF_000069965.1;GCF_000240185.1;GCF_000270125.2
orthogroup_777	8	8	GCF_000005845.2;GCF_000006925.2;GCF_000006945.1;GCF_000009065.1;GCF_000018045.1;GCF_000025565.1;GCF_000240185.1;GCF_000270125.2
orthogroup_778	10	10	GCF_000005845.2;GCF_000006925.2;GCF_000006945.1;GCF_000009065.1;GCF_000018045.1;GCF_000025565.1;GCF_000069965.1;GCF_000240185.1;GCF_000270125.2;GCF_000762985.1
orthogroup_779	10	10	GCF_000005845.2;GCF_000006925.2;GCF_000006945.1;GCF_000009065.1;GCF_000018045.1;GCF_000025565.1;GCF_000069965.1;GCF_000240185.1;GCF_000270125.2;GCF_000762985.1
orthogroup_780	9	9	GCF_000005845.2;GCF_000006925.2;GCF_000006945.1;GCF_000009065.1;GCF_000018045.1;GCF_000025565.1;GCF_000069965.1;GCF_000240185.1;GCF_000270125.2
orthogroup_781	10	10	GCF_000005845.2;GCF_000006925.2;GCF_000006945.1;GCF_000009065.1;GCF_000018045.1;GCF_000025565.1;GCF_000069965.1;GCF_000240185.1;GCF_000270125.2;GCF_000762985.1
orthogroup_782	9	9	GCF_000005845.2;GCF_000006925.2;GCF_000006945.1;GCF_000009065.1;GCF_000018045.1;GCF_000025565.1;GCF_000069965.1;GCF_000240185.1;GCF_000270125.2
orthogroup_783	10	10	GCF_000005845.2;GCF_000006925.2;GCF_000006945.1;GCF_000009065.1;GCF_000018045.1;GCF_000025565.1;GCF_000069965.1;GCF_000240185.1;GCF_000270125.2;GCF_000762985.1
orthogroup_784	9	9	GCF_000005845.2;GCF_000006925.2;GCF_000006945.1;GCF_000009065.1;GCF_000018045.1;GCF_000025565.1;GCF_000069965.1;GCF_000240185.1;GCF_000270125.2
orthogroup_785	9	9	GCF_000005845.2;GCF_000006925.2;GCF_000006945.1;GCF_000009065.1;GCF_000018045.1;GCF_000025565.1;GCF_000069965.1;GCF_000240185.1;GCF_000270125.2
orthogroup_786	10	10	GCF_000005845.2;GCF_000006925.2;GCF_000006945.1;GCF_000009065.1;GCF_000018045.1;GCF_000025565.1;GCF_000069965.1;GCF_000240185.1;GCF_000270125.2;GCF_000762985.1
orthogroup_787	10	10	GCF_000005845.2;GCF_000006925.2;GCF_000006945.1;GCF_000009065.1;GCF_000018045.1;GCF_000025565.1;GCF_000069965.1;GCF_000240185.1;GCF_000270125.2;GCF_000762985.1
orthogroup_788	8	8	GCF_000005845.2;GCF_000006925.2;GCF_000006945.1;GCF_000009065.1;GCF_000018045.1;GCF_000025565.1;GCF_000240185.1;GCF_000762985.1
orthogroup_789	9	9	GCF_000005845.2;GCF_000006925.2;GCF_000006945.1;GCF_000009065.1;GCF_000018045.1;GCF_000025565.1;GCF_000069965.1;GCF_000240185.1;GCF_000270125.2
orthogroup_790	9	9	GCF_000005845.2;GCF_000006925.2;GCF_000006945.1;GCF_000009065.1;GCF_000018045.1;GCF_000025565.1;GCF_000069965.1;GCF_000240185.1;GCF_000270125.2
orthogroup_791	10	10	GCF_000005845.2;GCF_000006925.2;GCF_000006945.1;GCF_000009065.1;GCF_000018045.1;GCF_000025565.1;GCF_000069965.1;GCF_000240185.1;GCF_000270125.2;GCF_000762985.1
orthogroup_792	9	9	GCF_000005845.2;GCF_000006925.2;GCF_000006945.1;GCF_000009065.1;GCF_000018045.1;GCF_000025565.1;GCF_000069965.1;GCF_000240185.1;GCF_000270125.2
orthogroup_793	10	10	GCF_000005845.2;GCF_000006925.2;GCF_000006945.1;GCF_000009065.1;GCF_000018045.1;GCF_000025565.1;GCF_000069965.1;GCF_000240185.1;GCF_000270125.2;GCF_000762985.1
orthogroup_794	9	9	GCF_000005845.2;GCF_000006925.2;GCF_000006945.1;GCF_000009065.1;GCF_000018045.1;GCF_000025565.1;GCF_000069965.1;GCF_000240185.1;GCF_000270125.2
orthogroup_795	10	10	GCF_000005845.2;GCF_000006925.2;GCF_000006945.1;GCF_000009065.1;GCF_000018045.1;GCF_000025565.1;GCF_000069965.1;GCF_000240185.1;GCF_000270125.2;GCF_000762985.1
orthogroup_796	9	9	GCF_000005845.2;GCF_000006925.2;GCF_000006945.1;GCF_000009065.1;GCF_000018045.1;GCF_000025565.1;GCF_000069965.1;GCF_000240185.1;GCF_000270125.2
orthogroup_797	9	9	GCF_000005845.2;GCF_000006925.2;GCF_000006945.1;GCF_000009065.1;GCF_000018045.1;GCF_000025565.1;GCF_000069965.1;GCF_000240185.1;GCF_000270125.2
orthogroup_798	9	9	GCF_000005845.2;GCF_000006925.2;GCF_000006945.1;GCF_000009065.1;GCF_000018045.1;GCF_000025565.1;GCF_000240185.1;GCF_000270125.2;GCF_000762985.1
orthogroup_799	10	10	GCF_000005845.2;GCF_000006925.2;GCF_000006945.1;GCF_000009065.1;GCF_000018045.1;GCF_000025565.1;GCF_000069965.1;GCF_000240185.1;GCF_000270125.2;GCF_000762985.1
orthogroup_800	9	9	GCF_000005845.2;GCF_000006925.2;GCF_000006945.1;GCF_000009065.1;GCF_000018045.1;GCF_000025565.1;GCF_000069965.1;GCF_000240185.1;GCF_000270125.2
orthogroup_801	9	9	GCF_000005845.2;GCF_000006925.2;GCF_000006945.1;GCF_000009065.1;GCF_000018045.1;GCF_000025565.1;GCF_000069965.1;GCF_000240185.1;GCF_000270125.2
orthogroup_802	9	9	GCF_000005845.2;GCF_000006925.2;GCF_000006945.1;GCF_000009065.1;GCF_000018045.1;GCF_000025565.1;GCF_000069965.1;GCF_000240185.1;GCF_000270125.2
orthogroup_803	8	8	GCF_000005845.2;GCF_000006925.2;GCF_000006945.1;GCF_000009065.1;GCF_000018045.1;GCF_000025565.1;GCF_000069965.1;GCF_000270125.2
orthogroup_804	10	10	GCF_000005845.2;GCF_000006925.2;GCF_000006945.1;GCF_000009065.1;GCF_000018045.1;GCF_000025565.1;GCF_000069965.1;GCF_000240185.1;GCF_000270125.2;GCF_000762985.1
orthogroup_805	9	9	GCF_000005845.2;GCF_000006925.2;GCF_000006945.1;GCF_000009065.1;GCF_000018045.1;GCF_000025565.1;GCF_000069965.1;GCF_000240185.1;GCF_000270125.2
orthogroup_806	9	9	GCF_000005845.2;GCF_000006925.2;GCF_000006945.1;GCF_000009065.1;GCF_000018045.1;GCF_000025565.1;GCF_000069965.1;GCF_000240185.1;GCF_000270125.2
orthogroup_807	9	9	GCF_000005845.2;GCF_000006925.2;GCF_000006945.1;GCF_000009065.1;GCF_000018045.1;GCF_000025565.1;GCF_000069965.1;GCF_000240185.1;GCF_000270125.2
orthogroup_808	8	8	GCF_000005845.2;GCF_000006925.2;GCF_000006945.1;GCF_000009065.1;GCF_000018045.1;GCF_000025565.1;GCF_000069965.1;GCF_000270125.2
orthogroup_809	9	9	GCF_000005845.2;GCF_000006925.2;GCF_000006945.1;GCF_000009065.1;GCF_000018045.1;GCF_000025565.1;GCF_000069965.1;GCF_000240185.1;GCF_000270125.2
orthogroup_810	9	9	GCF_000005845.2;GCF_000006925.2;GCF_000006945.1;GCF_000009065.1;GCF_000018045.1;GCF_000025565.1;GCF_000069965.1;GCF_000240185.1;GCF_000270125.2
orthogroup_811	10	10	GCF_000005845.2;GCF_000006925.2;GCF_000006945.1;GCF_000009065.1;GCF_000018045.1;GCF_000025565.1;GCF_000069965.1;GCF_000240185.1;GCF_000270125.2;GCF_000762985.1
orthogroup_812	9	9	GCF_000005845.2;GCF_000006925.2;GCF_000006945.1;GCF_000009065.1;GCF_000018045.1;GCF_000025565.1;GCF_000069965.1;GCF_000240185.1;GCF_000270125.2
orthogroup_813	9	9	GCF_000005845.2;GCF_000006925.2;GCF_000006945.1;GCF_000009065.1;GCF_000018045.1;GCF_000025565.1;GCF_000069965.1;GCF_000240185.1;GCF_000270125.2
orthogroup_814	10	10	GCF_000005845.2;GCF_000006925.2;GCF_000006945.1;GCF_000009065.1;GCF_000018045.1;GCF_000025565.1;GCF_000069965.1;GCF_000240185.1;GCF_000270125.2;GCF_000762985.1
orthogroup_815	8	8	GCF_000005845.2;GCF_000006925.2;GCF_000006945.1;GCF_000018045.1;GCF_000025565.1;GCF_000240185.1;GCF_000270125.2;GCF_000762985.1
orthogroup_816	9	9	GCF_000005845.2;GCF_000006925.2;GCF_000006945.1;GCF_000009065.1;GCF_000018045.1;GCF_000025565.1;GCF_000069965.1;GCF_000240185.1;GCF_000762985.1
orthogroup_817	8	8	GCF_000005845.2;GCF_000006925.2;GCF_000006945.1;GCF_000009065.1;GCF_000018045.1;GCF_000025565.1;GCF_000069965.1;GCF_000240185.1
orthogroup_818	9	9	GCF_000005845.2;GCF_000006925.2;GCF_000006945.1;GCF_000009065.1;GCF_000018045.1;GCF_000025565.1;GCF_000069965.1;GCF_000240185.1;GCF_000270125.2
orthogroup_819	8	8	GCF_000005845.2;GCF_000006925.2;GCF_000006945.1;GCF_000009065.1;GCF_000018045.1;GCF_000025565.1;GCF_000069965.1;GCF_000240185.1
orthogroup_820	9	9	GCF_000005845.2;GCF_000006925.2;GCF_000006945.1;GCF_000009065.1;GCF_000018045.1;GCF_000025565.1;GCF_000240185.1;GCF_000270125.2;GCF_000762985.1
orthogroup_821	9	9	GCF_000005845.2;GCF_000006925.2;GCF_000006945.1;GCF_000009065.1;GCF_000018045.1;GCF_000025565.1;GCF_000069965.1;GCF_000240185.1;GCF_000270125.2
orthogroup_822	8	8	GCF_000005845.2;GCF_000006925.2;GCF_000006945.1;GCF_000009065.1;GCF_000018045.1;GCF_000025565.1;GCF_000240185.1;GCF_000270125.2
orthogroup_823	10	10	GCF_000005845.2;GCF_000006925.2;GCF_000006945.1;GCF_000009065.1;GCF_000018045.1;GCF_000025565.1;GCF_000069965.1;GCF_000240185.1;GCF_000270125.2;GCF_000762985.1
orthogroup_824	10	10	GCF_000005845.2;GCF_000006925.2;GCF_000006945.1;GCF_000009065.1;GCF_000018045.1;GCF_000025565.1;GCF_000069965.1;GCF_000240185.1;GCF_000270125.2;GCF_000762985.1
orthogroup_825	8	8	GCF_000005845.2;GCF_000006925.2;GCF_000006945.1;GCF_000009065.1;GCF_000025565.1;GCF_000069965.1;GCF_000240185.1;GCF_000270125.2
orthogroup_826	8	8	GCF_000005845.2;GCF_000006925.2;GCF_000006945.1;GCF_000009065.1;GCF_000018045.1;GCF_000025565.1;GCF_000240185.1;GCF_000270125.2
orthogroup_827	9	9	GCF_000005845.2;GCF_000006925.2;GCF_000006945.1;GCF_000009065.1;GCF_000018045.1;GCF_000025565.1;GCF_000069965.1;GCF_000240185.1;GCF_000270125.2
orthogroup_828	9	9	GCF_000005845.2;GCF_000006925.2;GCF_000006945.1;GCF_000009065.1;GCF_000018045.1;GCF_000025565.1;GCF_000069965.1;GCF_000240185.1;GCF_000270125.2
orthogroup_829	10	10	GCF_000005845.2;GCF_000006925.2;GCF_000006945.1;GCF_000009065.1;GCF_000018045.1;GCF_000025565.1;GCF_000069965.1;GCF_000240185.1;GCF_000270125.2;GCF_000762985.1
orthogroup_830	8	8	GCF_000005845.2;GCF_000006925.2;GCF_000006945.1;GCF_000009065.1;GCF_000018045.1;GCF_000025565.1;GCF_000240185.1;GCF_000270125.2
orthogroup_831	9	9	GCF_000005845.2;GCF_000006925.2;GCF_000006945.1;GCF_000009065.1;GCF_000018045.1;GCF_000025565.1;GCF_000069965.1;GCF_000240185.1;GCF_000270125.2
orthogroup_832	9	9	GCF_000005845.2;GCF_000006925.2;GCF_000006945.1;GCF_000009065.1;GCF_000018045.1;GCF_000025565.1;GCF_000069965.1;GCF_000240185.1;GCF_000270125.2
orthogroup_833	9	9	GCF_000005845.2;GCF_000006925.2;GCF_000006945.1;GCF_000009065.1;GCF_000018045.1;GCF_000025565.1;GCF_000069965.1;GCF_000240185.1;GCF_000270125.2
orthogroup_834	8	8	GCF_000005845.2;GCF_000006925.2;GCF_000006945.1;GCF_000009065.1;GCF_000018045.1;GCF_000025565.1;GCF_000240185.1;GCF_000270125.2
orthogroup_835	8	8	GCF_000005845.2;GCF_000006925.2;GCF_000006945.1;GCF_000009065.1;GCF_000018045.1;GCF_000025565.1;GCF_000240185.1;GCF_000270125.2
orthogroup_836	9	9	GCF_000005845.2;GCF_000006925.2;GCF_000006945.1;GCF_000009065.1;GCF_000018045.1;GCF_000025565.1;GCF_000069965.1;GCF_000240185.1;GCF_000270125.2
orthogroup_837	10	10	GCF_000005845.2;GCF_000006925.2;GCF_000006945.1;GCF_000009065.1;GCF_000018045.1;GCF_000025565.1;GCF_000069965.1;GCF_000240185.1;GCF_000270125.2;GCF_000762985.1
orthogroup_838	8	8	GCF_000005845.2;GCF_000006925.2;GCF_000006945.1;GCF_000009065.1;GCF_000018045.1;GCF_000025565.1;GCF_000240185.1;GCF_000270125.2
orthogroup_839	8	8	GCF_000005845.2;GCF_000006925.2;GCF_000006945.1;GCF_000018045.1;GCF_000025565.1;GCF_000240185.1;GCF_000270125.2;GCF_000762985.1
orthogroup_840	10	10	GCF_000005845.2;GCF_000006925.2;GCF_000006945.1;GCF_000009065.1;GCF_000018045.1;GCF_000025565.1;GCF_000069965.1;GCF_000240185.1;GCF_000270125.2;GCF_000762985.1
orthogroup_841	9	9	GCF_000005845.2;GCF_000006925.2;GCF_000006945.1;GCF_000009065.1;GCF_000018045.1;GCF_000025565.1;GCF_000069965.1;GCF_000240185.1;GCF_000270125.2
orthogroup_842	9	9	GCF_000005845.2;GCF_000006925.2;GCF_000006945.1;GCF_000009065.1;GCF_000018045.1;GCF_000025565.1;GCF_000069965.1;GCF_000240185.1;GCF_000270125.2
orthogroup_843	8	8	GCF_000005845.2;GCF_000006925.2;GCF_000006945.1;GCF_000009065.1;GCF_000018045.1;GCF_000025565.1;GCF_000069965.1;GCF_000270125.2
orthogroup_844	9	9	GCF_000005845.2;GCF_000006925.2;GCF_000006945.1;GCF_000009065.1;GCF_000018045.1;GCF_000025565.1;GCF_000069965.1;GCF_000240185.1;GCF_000270125.2
orthogroup_845	9	9	GCF_000005845.2;GCF_000006925.2;GCF_000006945.1;GCF_000009065.1;GCF_000018045.1;GCF_000025565.1;GCF_000069965.1;GCF_000240185.1;GCF_000270125.2
orthogroup_846	9	9	GCF_000005845.2;GCF_000006925.2;GCF_000006945.1;GCF_000018045.1;GCF_000025565.1;GCF_000069965.1;GCF_000240185.1;GCF_000270125.2;GCF_000762985.1
orthogroup_847	9	9	GCF_000005845.2;GCF_000006925.2;GCF_000006945.1;GCF_000009065.1;GCF_000018045.1;GCF_000025565.1;GCF_000069965.1;GCF_000240185.1;GCF_000270125.2
orthogroup_848	10	10	GCF_000005845.2;GCF_000006925.2;GCF_000006945.1;GCF_000009065.1;GCF_000018045.1;GCF_000025565.1;GCF_000069965.1;GCF_000240185.1;GCF_000270125.2;GCF_000762985.1
orthogroup_849	10	10	GCF_000005845.2;GCF_000006925.2;GCF_000006945.1;GCF_000009065.1;GCF_000018045.1;GCF_000025565.1;GCF_000069965.1;GCF_000240185.1;GCF_000270125.2;GCF_000762985.1
orthogroup_850	9	9	GCF_000005845.2;GCF_000006925.2;GCF_000006945.1;GCF_000009065.1;GCF_000018045.1;GCF_000025565.1;GCF_000069965.1;GCF_000240185.1;GCF_000270125.2
orthogroup_851	10	10	GCF_000005845.2;GCF_000006925.2;GCF_000006945.1;GCF_000009065.1;GCF_000018045.1;GCF_000025565.1;GCF_000069965.1;GCF_000240185.1;GCF_000270125.2;GCF_000762985.1
orthogroup_852	10	10	GCF_000005845.2;GCF_000006925.2;GCF_000006945.1;GCF_000009065.1;GCF_000018045.1;GCF_000025565.1;GCF_000069965.1;GCF_000240185.1;GCF_000270125.2;GCF_000762985.1
orthogroup_853	8	8	GCF_000005845.2;GCF_000006925.2;GCF_000006945.1;GCF_000009065.1;GCF_000018045.1;GCF_000025565.1;GCF_000240185.1;GCF_000270125.2
orthogroup_854	10	10	GCF_000005845.2;GCF_000006925.2;GCF_000006945.1;GCF_000009065.1;GCF_000018045.1;GCF_000025565.1;GCF_000069965.1;GCF_000240185.1;GCF_000270125.2;GCF_000762985.1
orthogroup_855	9	9	GCF_000005845.2;GCF_000006925.2;GCF_000006945.1;GCF_000009065.1;GCF_000018045.1;GCF_000025565.1;GCF_000069965.1;GCF_000240185.1;GCF_000270125.2
orthogroup_856	10	10	GCF_000005845.2;GCF_000006925.2;GCF_000006945.1;GCF_000009065.1;GCF_000018045.1;GCF_000025565.1;GCF_000069965.1;GCF_000240185.1;GCF_000270125.2;GCF_000762985.1
orthogroup_857	8	8	GCF_000005845.2;GCF_000006925.2;GCF_000006945.1;GCF_000009065.1;GCF_000018045.1;GCF_000069965.1;GCF_000240185.1;GCF_000270125.2
orthogroup_858	9	9	GCF_000005845.2;GCF_000006925.2;GCF_000006945.1;GCF_000009065.1;GCF_000018045.1;GCF_000025565.1;GCF_000069965.1;GCF_000240185.1;GCF_000270125.2
orthogroup_859	9	9	GCF_000005845.2;GCF_000006925.2;GCF_000006945.1;GCF_000009065.1;GCF_000018045.1;GCF_000025565.1;GCF_000069965.1;GCF_000240185.1;GCF_000270125.2
orthogroup_860	9	9	GCF_000005845.2;GCF_000006925.2;GCF_000006945.1;GCF_000009065.1;GCF_000018045.1;GCF_000025565.1;GCF_000069965.1;GCF_000240185.1;GCF_000270125.2
orthogroup_861	9	9	GCF_000005845.2;GCF_000006925.2;GCF_000006945.1;GCF_000009065.1;GCF_000018045.1;GCF_000025565.1;GCF_000069965.1;GCF_000240185.1;GCF_000270125.2
orthogroup_862	9	9	GCF_000005845.2;GCF_000006925.2;GCF_000006945.1;GCF_000009065.1;GCF_000018045.1;GCF_000025565.1;GCF_000240185.1;GCF_000270125.2;GCF_000762985.1
orthogroup_863	9	9	GCF_000005845.2;GCF_000006925.2;GCF_000006945.1;GCF_000009065.1;GCF_000018045.1;GCF_000025565.1;GCF_000069965.1;GCF_000240185.1;GCF_000270125.2
orthogroup_864	9	9	GCF_000005845.2;GCF_000006925.2;GCF_000006945.1;GCF_000009065.1;GCF_000018045.1;GCF_000025565.1;GCF_000069965.1;GCF_000240185.1;GCF_000270125.2
orthogroup_865	9	9	GCF_000005845.2;GCF_000006925.2;GCF_000006945.1;GCF_000018045.1;GCF_000025565.1;GCF_000069965.1;GCF_000240185.1;GCF_000270125.2;GCF_000762985.1
orthogroup_866	10	10	GCF_000005845.2;GCF_000006925.2;GCF_000006945.1;GCF_000009065.1;GCF_000018045.1;GCF_000025565.1;GCF_000069965.1;GCF_000240185.1;GCF_000270125.2;GCF_000762985.1
orthogroup_867	8	8	GCF_000005845.2;GCF_000006925.2;GCF_000006945.1;GCF_000009065.1;GCF_000018045.1;GCF_000025565.1;GCF_000069965.1;GCF_000240185.1
orthogroup_868	9	9	GCF_000005845.2;GCF_000006925.2;GCF_000006945.1;GCF_000009065.1;GCF_000018045.1;GCF_000025565.1;GCF_000240185.1;GCF_000270125.2;GCF_000762985.1
orthogroup_869	9	9	GCF_000005845.2;GCF_000006925.2;GCF_000006945.1;GCF_000009065.1;GCF_000018045.1;GCF_000025565.1;GCF_000069965.1;GCF_000240185.1;GCF_000270125.2
orthogroup_870	9	9	GCF_000005845.2;GCF_000006925.2;GCF_000006945.1;GCF_000009065.1;GCF_000018045.1;GCF_000025565.1;GCF_000069965.1;GCF_000240185.1;GCF_000270125.2
orthogroup_871	9	9	GCF_000005845.2;GCF_000006925.2;GCF_000006945.1;GCF_000009065.1;GCF_000018045.1;GCF_000025565.1;GCF_000069965.1;GCF_000240185.1;GCF_000270125.2
orthogroup_872	8	8	GCF_000005845.2;GCF_000006925.2;GCF_000006945.1;GCF_000009065.1;GCF_000018045.1;GCF_000025565.1;GCF_000069965.1;GCF_000270125.2
orthogroup_873	9	9	GCF_000005845.2;GCF_000006925.2;GCF_000006945.1;GCF_000009065.1;GCF_000018045.1;GCF_000025565.1;GCF_000069965.1;GCF_000240185.1;GCF_000270125.2
orthogroup_874	10	10	GCF_000005845.2;GCF_000006925.2;GCF_000006945.1;GCF_000009065.1;GCF_000018045.1;GCF_000025565.1;GCF_000069965.1;GCF_000240185.1;GCF_000270125.2;GCF_000762985.1
orthogroup_875	9	9	GCF_000005845.2;GCF_000006925.2;GCF_000006945.1;GCF_000009065.1;GCF_000018045.1;GCF_000025565.1;GCF_000069965.1;GCF_000240185.1;GCF_000270125.2
orthogroup_876	9	9	GCF_000005845.2;GCF_000006925.2;GCF_000006945.1;GCF_000009065.1;GCF_000018045.1;GCF_000025565.1;GCF_000069965.1;GCF_000240185.1;GCF_000270125.2
orthogroup_877	10	10	GCF_000005845.2;GCF_000006925.2;GCF_000006945.1;GCF_000009065.1;GCF_000018045.1;GCF_000025565.1;GCF_000069965.1;GCF_000240185.1;GCF_000270125.2;GCF_000762985.1
orthogroup_878	9	9	GCF_000005845.2;GCF_000006925.2;GCF_000006945.1;GCF_000009065.1;GCF_000018045.1;GCF_000025565.1;GCF_000069965.1;GCF_000240185.1;GCF_000270125.2
orthogroup_879	8	8	GCF_000005845.2;GCF_000006925.2;GCF_000006945.1;GCF_000009065.1;GCF_000018045.1;GCF_000025565.1;GCF_000240185.1;GCF_000270125.2
orthogroup_880	9	9	GCF_000005845.2;GCF_000006925.2;GCF_000006945.1;GCF_000009065.1;GCF_000018045.1;GCF_000025565.1;GCF_000069965.1;GCF_000240185.1;GCF_000270125.2
orthogroup_881	10	10	GCF_000005845.2;GCF_000006925.2;GCF_000006945.1;GCF_000009065.1;GCF_000018045.1;GCF_000025565.1;GCF_000069965.1;GCF_000240185.1;GCF_000270125.2;GCF_000762985.1
orthogroup_882	9	9	GCF_000005845.2;GCF_000006925.2;GCF_000006945.1;GCF_000009065.1;GCF_000018045.1;GCF_000025565.1;GCF_000069965.1;GCF_000240185.1;GCF_000270125.2
orthogroup_883	9	9	GCF_000005845.2;GCF_000006925.2;GCF_000006945.1;GCF_000009065.1;GCF_000025565.1;GCF_000069965.1;GCF_000240185.1;GCF_000270125.2;GCF_000762985.1
orthogroup_884	9	9	GCF_000005845.2;GCF_000006925.2;GCF_000006945.1;GCF_000009065.1;GCF_000018045.1;GCF_000025565.1;GCF_000069965.1;GCF_000240185.1;GCF_000270125.2
orthogroup_885	10	10	GCF_000005845.2;GCF_000006925.2;GCF_000006945.1;GCF_000009065.1;GCF_000018045.1;GCF_000025565.1;GCF_000069965.1;GCF_000240185.1;GCF_000270125.2;GCF_000762985.1
orthogroup_886	10	10	GCF_000005845.2;GCF_000006925.2;GCF_000006945.1;GCF_000009065.1;GCF_000018045.1;GCF_000025565.1;GCF_000069965.1;GCF_000240185.1;GCF_000270125.2;GCF_000762985.1
orthogroup_887	8	8	GCF_000005845.2;GCF_000006925.2;GCF_000006945.1;GCF_000009065.1;GCF_000018045.1;GCF_000025565.1;GCF_000240185.1;GCF_000270125.2
orthogroup_888	9	9	GCF_000005845.2;GCF_000006925.2;GCF_000006945.1;GCF_000009065.1;GCF_000018045.1;GCF_000025565.1;GCF_000069965.1;GCF_000240185.1;GCF_000270125.2
orthogroup_889	9	9	GCF_000005845.2;GCF_000006925.2;GCF_000006945.1;GCF_000009065.1;GCF_000018045.1;GCF_000025565.1;GCF_000069965.1;GCF_000240185.1;GCF_000270125.2
orthogroup_890	10	10	GCF_000005845.2;GCF_000006925.2;GCF_000006945.1;GCF_000009065.1;GCF_000018045.1;GCF_000025565.1;GCF_000069965.1;GCF_000240185.1;GCF_000270125.2;GCF_000762985.1
orthogroup_891	9	9	GCF_000005845.2;GCF_000006925.2;GCF_000006945.1;GCF_000009065.1;GCF_000018045.1;GCF_000025565.1;GCF_000069965.1;GCF_000240185.1;GCF_000270125.2
orthogroup_892	9	9	GCF_000005845.2;GCF_000006925.2;GCF_000006945.1;GCF_000009065.1;GCF_000018045.1;GCF_000025565.1;GCF_000069965.1;GCF_000240185.1;GCF_000270125.2
orthogroup_893	9	9	GCF_000005845.2;GCF_000006925.2;GCF_000006945.1;GCF_000009065.1;GCF_000018045.1;GCF_000025565.1;GCF_000069965.1;GCF_000240185.1;GCF_000270125.2
orthogroup_894	8	8	GCF_000005845.2;GCF_000006925.2;GCF_000006945.1;GCF_000009065.1;GCF_000018045.1;GCF_000025565.1;GCF_000069965.1;GCF_000240185.1
orthogroup_895	9	9	GCF_000005845.2;GCF_000006925.2;GCF_000006945.1;GCF_000009065.1;GCF_000018045.1;GCF_000025565.1;GCF_000069965.1;GCF_000240185.1;GCF_000270125.2
orthogroup_896	10	10	GCF_000005845.2;GCF_000006925.2;GCF_000006945.1;GCF_000009065.1;GCF_000018045.1;GCF_000025565.1;GCF_000069965.1;GCF_000240185.1;GCF_000270125.2;GCF_000762985.1
orthogroup_897	9	9	GCF_000005845.2;GCF_000006925.2;GCF_000006945.1;GCF_000009065.1;GCF_000018045.1;GCF_000025565.1;GCF_000069965.1;GCF_000240185.1;GCF_000270125.2
orthogroup_898	8	8	GCF_000005845.2;GCF_000006925.2;GCF_000006945.1;GCF_000009065.1;GCF_000018045.1;GCF_000025565.1;GCF_000240185.1;GCF_000270125.2
orthogroup_899	10	10	GCF_000005845.2;GCF_000006925.2;GCF_000006945.1;GCF_000009065.1;GCF_000018045.1;GCF_000025565.1;GCF_000069965.1;GCF_000240185.1;GCF_000270125.2;GCF_000762985.1
orthogroup_900	9	9	GCF_000005845.2;GCF_000006925.2;GCF_000006945.1;GCF_000009065.1;GCF_000018045.1;GCF_000025565.1;GCF_000240185.1;GCF_000270125.2;GCF_000762985.1
orthogroup_901	9	9	GCF_000005845.2;GCF_000006925.2;GCF_000006945.1;GCF_000009065.1;GCF_000018045.1;GCF_000025565.1;GCF_000069965.1;GCF_000240185.1;GCF_000270125.2
orthogroup_902	9	9	GCF_000005845.2;GCF_000006925.2;GCF_000006945.1;GCF_000009065.1;GCF_000018045.1;GCF_000025565.1;GCF_000069965.1;GCF_000240185.1;GCF_000270125.2
orthogroup_903	9	9	GCF_000005845.2;GCF_000006925.2;GCF_000006945.1;GCF_000009065.1;GCF_000018045.1;GCF_000025565.1;GCF_000069965.1;GCF_000240185.1;GCF_000270125.2
orthogroup_904	9	9	GCF_000005845.2;GCF_000006925.2;GCF_000006945.1;GCF_000009065.1;GCF_000018045.1;GCF_000025565.1;GCF_000069965.1;GCF_000240185.1;GCF_000270125.2
orthogroup_905	10	10	GCF_000005845.2;GCF_000006925.2;GCF_000006945.1;GCF_000009065.1;GCF_000018045.1;GCF_000025565.1;GCF_000069965.1;GCF_000240185.1;GCF_000270125.2;GCF_000762985.1
orthogroup_906	9	9	GCF_000005845.2;GCF_000006925.2;GCF_000006945.1;GCF_000009065.1;GCF_000018045.1;GCF_000025565.1;GCF_000069965.1;GCF_000240185.1;GCF_000270125.2
orthogroup_907	9	9	GCF_000005845.2;GCF_000006925.2;GCF_000006945.1;GCF_000009065.1;GCF_000018045.1;GCF_000025565.1;GCF_000069965.1;GCF_000240185.1;GCF_000270125.2
orthogroup_908	10	10	GCF_000005845.2;GCF_000006925.2;GCF_000006945.1;GCF_000009065.1;GCF_000018045.1;GCF_000025565.1;GCF_000069965.1;GCF_000240185.1;GCF_000270125.2;GCF_000762985.1
orthogroup_909	9	9	GCF_000005845.2;GCF_000006925.2;GCF_000006945.1;GCF_000009065.1;GCF_000018045.1;GCF_000025565.1;GCF_000069965.1;GCF_000240185.1;GCF_000270125.2
orthogroup_910	10	10	GCF_000005845.2;GCF_000006925.2;GCF_000006945.1;GCF_000009065.1;GCF_000018045.1;GCF_000025565.1;GCF_000069965.1;GCF_000240185.1;GCF_000270125.2;GCF_000762985.1
orthogroup_911	9	9	GCF_000005845.2;GCF_000006925.2;GCF_000006945.1;GCF_000009065.1;GCF_000018045.1;GCF_000025565.1;GCF_000069965.1;GCF_000240185.1;GCF_000270125.2
orthogroup_912	9	9	GCF_000005845.2;GCF_000006925.2;GCF_000006945.1;GCF_000009065.1;GCF_000018045.1;GCF_000025565.1;GCF_000069965.1;GCF_000240185.1;GCF_000270125.2
orthogroup_913	10	10	GCF_000005845.2;GCF_000006925.2;GCF_000006945.1;GCF_000009065.1;GCF_000018045.1;GCF_000025565.1;GCF_000069965.1;GCF_000240185.1;GCF_000270125.2;GCF_000762985.1
orthogroup_914	9	9	GCF_000005845.2;GCF_000006925.2;GCF_000006945.1;GCF_000009065.1;GCF_000018045.1;GCF_000025565.1;GCF_000069965.1;GCF_000240185.1;GCF_000270125.2
orthogroup_915	10	10	GCF_000005845.2;GCF_000006925.2;GCF_000006945.1;GCF_000009065.1;GCF_000018045.1;GCF_000025565.1;GCF_000069965.1;GCF_000240185.1;GCF_000270125.2;GCF_000762985.1
orthogroup_916	8	8	GCF_000005845.2;GCF_000006925.2;GCF_000006945.1;GCF_000009065.1;GCF_000018045.1;GCF_000025565.1;GCF_000069965.1;GCF_000240185.1
orthogroup_917	8	8	GCF_000005845.2;GCF_000006925.2;GCF_000006945.1;GCF_000009065.1;GCF_000018045.1;GCF_000025565.1;GCF_000240185.1;GCF_000270125.2
orthogroup_918	9	9	GCF_000005845.2;GCF_000006925.2;GCF_000006945.1;GCF_000009065.1;GCF_000018045.1;GCF_000025565.1;GCF_000069965.1;GCF_000240185.1;GCF_000762985.1
orthogroup_919	9	9	GCF_000005845.2;GCF_000006925.2;GCF_000006945.1;GCF_000009065.1;GCF_000018045.1;GCF_000025565.1;GCF_000069965.1;GCF_000240185.1;GCF_000270125.2
orthogroup_920	9	9	GCF_000005845.2;GCF_000006925.2;GCF_000006945.1;GCF_000009065.1;GCF_000018045.1;GCF_000025565.1;GCF_000069965.1;GCF_000240185.1;GCF_000270125.2
orthogroup_921	9	9	GCF_000005845.2;GCF_000006925.2;GCF_000006945.1;GCF_000009065.1;GCF_000018045.1;GCF_000025565.1;GCF_000069965.1;GCF_000240185.1;GCF_000270125.2
orthogroup_922	9	9	GCF_000005845.2;GCF_000006925.2;GCF_000006945.1;GCF_000009065.1;GCF_000018045.1;GCF_000025565.1;GCF_000069965.1;GCF_000240185.1;GCF_000270125.2
orthogroup_923	10	10	GCF_000005845.2;GCF_000006925.2;GCF_000006945.1;GCF_000009065.1;GCF_000018045.1;GCF_000025565.1;GCF_000069965.1;GCF_000240185.1;GCF_000270125.2;GCF_000762985.1
orthogroup_924	10	10	GCF_000005845.2;GCF_000006925.2;GCF_000006945.1;GCF_000009065.1;GCF_000018045.1;GCF_000025565.1;GCF_000069965.1;GCF_000240185.1;GCF_000270125.2;GCF_000762985.1
orthogroup_925	10	10	GCF_000005845.2;GCF_000006925.2;GCF_000006945.1;GCF_000009065.1;GCF_000018045.1;GCF_000025565.1;GCF_000069965.1;GCF_000240185.1;GCF_000270125.2;GCF_000762985.1
orthogroup_926	9	9	GCF_000005845.2;GCF_000006925.2;GCF_000006945.1;GCF_000009065.1;GCF_000018045.1;GCF_000025565.1;GCF_000069965.1;GCF_000240185.1;GCF_000270125.2
orthogroup_927	10	10	GCF_000005845.2;GCF_000006925.2;GCF_000006945.1;GCF_000009065.1;GCF_000018045.1;GCF_000025565.1;GCF_000069965.1;GCF_000240185.1;GCF_000270125.2;GCF_000762985.1
orthogroup_928	8	8	GCF_000005845.2;GCF_000006925.2;GCF_000006945.1;GCF_000009065.1;GCF_000018045.1;GCF_000025565.1;GCF_000069965.1;GCF_000240185.1
orthogroup_929	10	10	GCF_000005845.2;GCF_000006925.2;GCF_000006945.1;GCF_000009065.1;GCF_000018045.1;GCF_000025565.1;GCF_000069965.1;GCF_000240185.1;GCF_000270125.2;GCF_000762985.1
orthogroup_930	8	8	GCF_000005845.2;GCF_000006925.2;GCF_000006945.1;GCF_000009065.1;GCF_000018045.1;GCF_000025565.1;GCF_000069965.1;GCF_000270125.2
orthogroup_931	8	8	GCF_000005845.2;GCF_000006925.2;GCF_000006945.1;GCF_000018045.1;GCF_000025565.1;GCF_000069965.1;GCF_000240185.1;GCF_000270125.2
orthogroup_932	9	9	GCF_000005845.2;GCF_000006925.2;GCF_000006945.1;GCF_000009065.1;GCF_000018045.1;GCF_000025565.1;GCF_000069965.1;GCF_000240185.1;GCF_000270125.2
orthogroup_933	9	9	GCF_000005845.2;GCF_000006925.2;GCF_000006945.1;GCF_000009065.1;GCF_000018045.1;GCF_000025565.1;GCF_000069965.1;GCF_000240185.1;GCF_000270125.2
orthogroup_934	8	8	GCF_000005845.2;GCF_000006925.2;GCF_000006945.1;GCF_000009065.1;GCF_000018045.1;GCF_000025565.1;GCF_000069965.1;GCF_000240185.1
orthogroup_935	10	10	GCF_000005845.2;GCF_000006925.2;GCF_000006945.1;GCF_000009065.1;GCF_000018045.1;GCF_000025565.1;GCF_000069965.1;GCF_000240185.1;GCF_000270125.2;GCF_000762985.1
orthogroup_936	10	10	GCF_000005845.2;GCF_000006925.2;GCF_000006945.1;GCF_000009065.1;GCF_000018045.1;GCF_000025565.1;GCF_000069965.1;GCF_000240185.1;GCF_000270125.2;GCF_000762985.1
orthogroup_937	9	9	GCF_000005845.2;GCF_000006925.2;GCF_000006945.1;GCF_000009065.1;GCF_000018045.1;GCF_000025565.1;GCF_000069965.1;GCF_000240185.1;GCF_000270125.2
orthogroup_938	8	8	GCF_000005845.2;GCF_000006925.2;GCF_000006945.1;GCF_000009065.1;GCF_000018045.1;GCF_000025565.1;GCF_000069965.1;GCF_000240185.1
orthogroup_939	8	8	GCF_000005845.2;GCF_000006925.2;GCF_000006945.1;GCF_000009065.1;GCF_000018045.1;GCF_000025565.1;GCF_000069965.1;GCF_000270125.2
orthogroup_940	8	8	GCF_000005845.2;GCF_000006925.2;GCF_000006945.1;GCF_000009065.1;GCF_000018045.1;GCF_000025565.1;GCF_000240185.1;GCF_000270125.2
orthogroup_941	9	9	GCF_000005845.2;GCF_000006925.2;GCF_000006945.1;GCF_000009065.1;GCF_000018045.1;GCF_000025565.1;GCF_000069965.1;GCF_000240185.1;GCF_000270125.2
orthogroup_942	9	9	GCF_000005845.2;GCF_000006925.2;GCF_000006945.1;GCF_000009065.1;GCF_000018045.1;GCF_000025565.1;GCF_000069965.1;GCF_000240185.1;GCF_000270125.2
orthogroup_943	8	8	GCF_000005845.2;GCF_000006925.2;GCF_000006945.1;GCF_000009065.1;GCF_000018045.1;GCF_000025565.1;GCF_000240185.1;GCF_000270125.2
orthogroup_944	9	9	GCF_000005845.2;GCF_000006925.2;GCF_000006945.1;GCF_000009065.1;GCF_000018045.1;GCF_000025565.1;GCF_000069965.1;GCF_000240185.1;GCF_000270125.2
orthogroup_945	10	10	GCF_000005845.2;GCF_000006925.2;GCF_000006945.1;GCF_000009065.1;GCF_000018045.1;GCF_000025565.1;GCF_000069965.1;GCF_000240185.1;GCF_000270125.2;GCF_000762985.1
orthogroup_946	8	8	GCF_000005845.2;GCF_000006925.2;GCF_000006945.1;GCF_000018045.1;GCF_000025565.1;GCF_000069965.1;GCF_000240185.1;GCF_000270125.2
orthogroup_947	8	8	GCF_000005845.2;GCF_000006925.2;GCF_000006945.1;GCF_000009065.1;GCF_000018045.1;GCF_000025565.1;GCF_000069965.1;GCF_000240185.1
orthogroup_948	8	8	GCF_000005845.2;GCF_000006925.2;GCF_000006945.1;GCF_000009065.1;GCF_000018045.1;GCF_000025565.1;GCF_000240185.1;GCF_000270125.2
orthogroup_949	8	8	GCF_000005845.2;GCF_000006925.2;GCF_000009065.1;GCF_000018045.1;GCF_000025565.1;GCF_000240185.1;GCF_000270125.2;GCF_000762985.1
orthogroup_950	9	9	GCF_000005845.2;GCF_000006925.2;GCF_000006945.1;GCF_000009065.1;GCF_000018045.1;GCF_000025565.1;GCF_000069965.1;GCF_000240185.1;GCF_000270125.2
orthogroup_951	9	9	GCF_000005845.2;GCF_000006925.2;GCF_000006945.1;GCF_000009065.1;GCF_000018045.1;GCF_000025565.1;GCF_000069965.1;GCF_000240185.1;GCF_000270125.2
orthogroup_952	9	9	GCF_000005845.2;GCF_000006925.2;GCF_000006945.1;GCF_000009065.1;GCF_000018045.1;GCF_000025565.1;GCF_000069965.1;GCF_000240185.1;GCF_000270125.2
orthogroup_953	8	8	GCF_000005845.2;GCF_000006925.2;GCF_000006945.1;GCF_000009065.1;GCF_000018045.1;GCF_000025565.1;GCF_000240185.1;GCF_000270125.2
orthogroup_954	9	9	GCF_000005845.2;GCF_000006925.2;GCF_000006945.1;GCF_000009065.1;GCF_000018045.1;GCF_000025565.1;GCF_000069965.1;GCF_000240185.1;GCF_000270125.2
orthogroup_955	9	9	GCF_000005845.2;GCF_000006925.2;GCF_000006945.1;GCF_000009065.1;GCF_000018045.1;GCF_000025565.1;GCF_000069965.1;GCF_000240185.1;GCF_000270125.2
orthogroup_956	10	10	GCF_000005845.2;GCF_000006925.2;GCF_000006945.1;GCF_000009065.1;GCF_000018045.1;GCF_000025565.1;GCF_000069965.1;GCF_000240185.1;GCF_000270125.2;GCF_000762985.1
orthogroup_957	10	10	GCF_000005845.2;GCF_000006925.2;GCF_000006945.1;GCF_000009065.1;GCF_000018045.1;GCF_000025565.1;GCF_000069965.1;GCF_000240185.1;GCF_000270125.2;GCF_000762985.1
orthogroup_958	9	9	GCF_000005845.2;GCF_000006925.2;GCF_000006945.1;GCF_000009065.1;GCF_000018045.1;GCF_000025565.1;GCF_000069965.1;GCF_000240185.1;GCF_000270125.2
orthogroup_959	10	10	GCF_000005845.2;GCF_000006925.2;GCF_000006945.1;GCF_000009065.1;GCF_000018045.1;GCF_000025565.1;GCF_000069965.1;GCF_000240185.1;GCF_000270125.2;GCF_000762985.1
orthogroup_960	10	10	GCF_000005845.2;GCF_000006925.2;GCF_000006945.1;GCF_000009065.1;GCF_000018045.1;GCF_000025565.1;GCF_000069965.1;GCF_000240185.1;GCF_000270125.2;GCF_000762985.1
orthogroup_961	10	10	GCF_000005845.2;GCF_000006925.2;GCF_000006945.1;GCF_000009065.1;GCF_000018045.1;GCF_000025565.1;GCF_000069965.1;GCF_000240185.1;GCF_000270125.2;GCF_000762985.1
orthogroup_962	10	10	GCF_000005845.2;GCF_000006925.2;GCF_000006945.1;GCF_000009065.1;GCF_000018045.1;GCF_000025565.1;GCF_000069965.1;GCF_000240185.1;GCF_000270125.2;GCF_000762985.1
orthogroup_963	10	10	GCF_000005845.2;GCF_000006925.2;GCF_000006945.1;GCF_000009065.1;GCF_000018045.1;GCF_000025565.1;GCF_000069965.1;GCF_000240185.1;GCF_000270125.2;GCF_000762985.1
orthogroup_964	9	9	GCF_000005845.2;GCF_000006925.2;GCF_000006945.1;GCF_000009065.1;GCF_000018045.1;GCF_000025565.1;GCF_000069965.1;GCF_000240185.1;GCF_000270125.2
orthogroup_965	9	9	GCF_000005845.2;GCF_000006925.2;GCF_000006945.1;GCF_000009065.1;GCF_000018045.1;GCF_000025565.1;GCF_000069965.1;GCF_000240185.1;GCF_000270125.2
orthogroup_966	9	9	GCF_000005845.2;GCF_000006925.2;GCF_000006945.1;GCF_000009065.1;GCF_000018045.1;GCF_000025565.1;GCF_000240185.1;GCF_000270125.2;GCF_000762985.1
orthogroup_967	8	8	GCF_000005845.2;GCF_000006925.2;GCF_000006945.1;GCF_000009065.1;GCF_000018045.1;GCF_000025565.1;GCF_000240185.1;GCF_000270125.2
orthogroup_968	8	8	GCF_000005845.2;GCF_000006925.2;GCF_000006945.1;GCF_000009065.1;GCF_000018045.1;GCF_000025565.1;GCF_000069965.1;GCF_000240185.1
orthogroup_969	9	9	GCF_000005845.2;GCF_000006925.2;GCF_000006945.1;GCF_000009065.1;GCF_000018045.1;GCF_000025565.1;GCF_000069965.1;GCF_000240185.1;GCF_000270125.2
orthogroup_970	8	8	GCF_000005845.2;GCF_000006925.2;GCF_000006945.1;GCF_000009065.1;GCF_000018045.1;GCF_000025565.1;GCF_000069965.1;GCF_000270125.2
orthogroup_971	8	8	GCF_000005845.2;GCF_000006925.2;GCF_000006945.1;GCF_000009065.1;GCF_000018045.1;GCF_000025565.1;GCF_000240185.1;GCF_000270125.2
orthogroup_972	9	9	GCF_000005845.2;GCF_000006925.2;GCF_000006945.1;GCF_000009065.1;GCF_000018045.1;GCF_000025565.1;GCF_000069965.1;GCF_000240185.1;GCF_000270125.2
orthogroup_973	9	9	GCF_000005845.2;GCF_000006925.2;GCF_000006945.1;GCF_000009065.1;GCF_000018045.1;GCF_000025565.1;GCF_000069965.1;GCF_000240185.1;GCF_000270125.2
orthogroup_974	8	8	GCF_000005845.2;GCF_000006925.2;GCF_000006945.1;GCF_000009065.1;GCF_000018045.1;GCF_000025565.1;GCF_000240185.1;GCF_000270125.2
orthogroup_975	9	9	GCF_000005845.2;GCF_000006925.2;GCF_000006945.1;GCF_000009065.1;GCF_000018045.1;GCF_000025565.1;GCF_000069965.1;GCF_000240185.1;GCF_000270125.2
orthogroup_976	9	9	GCF_000005845.2;GCF_000006925.2;GCF_000006945.1;GCF_000009065.1;GCF_000018045.1;GCF_000025565.1;GCF_000069965.1;GCF_000240185.1;GCF_000270125.2
orthogroup_977	8	8	GCF_000005845.2;GCF_000006925.2;GCF_000006945.1;GCF_000009065.1;GCF_000018045.1;GCF_000025565.1;GCF_000240185.1;GCF_000270125.2
orthogroup_978	10	10	GCF_000005845.2;GCF_000006925.2;GCF_000006945.1;GCF_000009065.1;GCF_000018045.1;GCF_000025565.1;GCF_000069965.1;GCF_000240185.1;GCF_000270125.2;GCF_000762985.1
orthogroup_979	9	9	GCF_000005845.2;GCF_000006925.2;GCF_000006945.1;GCF_000009065.1;GCF_000018045.1;GCF_000025565.1;GCF_000069965.1;GCF_000240185.1;GCF_000270125.2
orthogroup_980	8	8	GCF_000005845.2;GCF_000006925.2;GCF_000006945.1;GCF_000009065.1;GCF_000018045.1;GCF_000025565.1;GCF_000069965.1;GCF_000270125.2
orthogroup_981	9	9	GCF_000005845.2;GCF_000006925.2;GCF_000006945.1;GCF_000009065.1;GCF_000018045.1;GCF_000025565.1;GCF_000069965.1;GCF_000240185.1;GCF_000270125.2
orthogroup_982	9	9	GCF_000005845.2;GCF_000006925.2;GCF_000006945.1;GCF_000009065.1;GCF_000018045.1;GCF_000025565.1;GCF_000069965.1;GCF_000240185.1;GCF_000270125.2
orthogroup_983	9	9	GCF_000005845.2;GCF_000006925.2;GCF_000006945.1;GCF_000009065.1;GCF_000018045.1;GCF_000025565.1;GCF_000069965.1;GCF_000240185.1;GCF_000270125.2
orthogroup_984	9	9	GCF_000005845.2;GCF_000006925.2;GCF_000006945.1;GCF_000018045.1;GCF_000025565.1;GCF_000069965.1;GCF_000240185.1;GCF_000270125.2;GCF_000762985.1
orthogroup_985	10	10	GCF_000005845.2;GCF_000006925.2;GCF_000006945.1;GCF_000009065.1;GCF_000018045.1;GCF_000025565.1;GCF_000069965.1;GCF_000240185.1;GCF_000270125.2;GCF_000762985.1
orthogroup_986	9	9	GCF_000005845.2;GCF_000006925.2;GCF_000006945.1;GCF_000009065.1;GCF_000018045.1;GCF_000025565.1;GCF_000069965.1;GCF_000240185.1;GCF_000270125.2
orthogroup_987	10	10	GCF_000005845.2;GCF_000006925.2;GCF_000006945.1;GCF_000009065.1;GCF_000018045.1;GCF_000025565.1;GCF_000069965.1;GCF_000240185.1;GCF_000270125.2;GCF_000762985.1
orthogroup_988	10	10	GCF_000005845.2;GCF_000006925.2;GCF_000006945.1;GCF_000009065.1;GCF_000018045.1;GCF_000025565.1;GCF_000069965.1;GCF_000240185.1;GCF_000270125.2;GCF_000762985.1
orthogroup_989	9	9	GCF_000005845.2;GCF_000006925.2;GCF_000006945.1;GCF_000009065.1;GCF_000018045.1;GCF_000025565.1;GCF_000069965.1;GCF_000240185.1;GCF_000270125.2
orthogroup_990	8	8	GCF_000005845.2;GCF_000006925.2;GCF_000006945.1;GCF_000009065.1;GCF_000018045.1;GCF_000025565.1;GCF_000069965.1;GCF_000240185.1
orthogroup_991	9	9	GCF_000005845.2;GCF_000006925.2;GCF_000006945.1;GCF_000009065.1;GCF_000018045.1;GCF_000025565.1;GCF_000069965.1;GCF_000240185.1;GCF_000270125.2
orthogroup_992	9	9	GCF_000005845.2;GCF_000006925.2;GCF_000006945.1;GCF_000009065.1;GCF_000018045.1;GCF_000025565.1;GCF_000069965.1;GCF_000240185.1;GCF_000270125.2
orthogroup_993	8	8	GCF_000005845.2;GCF_000006925.2;GCF_000006945.1;GCF_000009065.1;GCF_000018045.1;GCF_000025565.1;GCF_000240185.1;GCF_000270125.2
orthogroup_994	9	9	GCF_000005845.2;GCF_000006925.2;GCF_000006945.1;GCF_000009065.1;GCF_000018045.1;GCF_000025565.1;GCF_000069965.1;GCF_000240185.1;GCF_000270125.2
orthogroup_995	9	9	GCF_000005845.2;GCF_000006925.2;GCF_000006945.1;GCF_000009065.1;GCF_000018045.1;GCF_000025565.1;GCF_000069965.1;GCF_000240185.1;GCF_000270125.2
orthogroup_996	10	10	GCF_000005845.2;GCF_000006925.2;GCF_000006945.1;GCF_000009065.1;GCF_000018045.1;GCF_000025565.1;GCF_000069965.1;GCF_000240185.1;GCF_000270125.2;GCF_000762985.1
orthogroup_997	9	9	GCF_000005845.2;GCF_000006925.2;GCF_000006945.1;GCF_000009065.1;GCF_000018045.1;GCF_000025565.1;GCF_000069965.1;GCF_000240185.1;GCF_000270125.2
orthogroup_998	9	9	GCF_000005845.2;GCF_000006925.2;GCF_000006945.1;GCF_000009065.1;GCF_000018045.1;GCF_000025565.1;GCF_000069965.1;GCF_000240185.1;GCF_000270125.2
orthogroup_999	9	9	GCF_000005845.2;GCF_000006925.2;GCF_000006945.1;GCF_000009065.1;GCF_000018045.1;GCF_000025565.1;GCF_000069965.1;GCF_000240185.1;GCF_000270125.2
orthogroup_1000	9	9	GCF_000005845.2;GCF_000006925.2;GCF_000006945.1;GCF_000009065.1;GCF_000018045.1;GCF_000025565.1;GCF_000069965.1;GCF_000240185.1;GCF_000270125.2
orthogroup_1001	10	10	GCF_000005845.2;GCF_000006925.2;GCF_000006945.1;GCF_000009065.1;GCF_000018045.1;GCF_000025565.1;GCF_000069965.1;GCF_000240185.1;GCF_000270125.2;GCF_000762985.1
orthogroup_1002	8	8	GCF_000005845.2;GCF_000006925.2;GCF_000006945.1;GCF_000009065.1;GCF_000018045.1;GCF_000025565.1;GCF_000069965.1;GCF_000270125.2
orthogroup_1003	8	8	GCF_000005845.2;GCF_000006925.2;GCF_000006945.1;GCF_000009065.1;GCF_000018045.1;GCF_000025565.1;GCF_000240185.1;GCF_000270125.2
orthogroup_1004	9	9	GCF_000005845.2;GCF_000006925.2;GCF_000006945.1;GCF_000009065.1;GCF_000018045.1;GCF_000025565.1;GCF_000069965.1;GCF_000240185.1;GCF_000270125.2
orthogroup_1005	9	9	GCF_000005845.2;GCF_000006925.2;GCF_000006945.1;GCF_000009065.1;GCF_000018045.1;GCF_000025565.1;GCF_000069965.1;GCF_000240185.1;GCF_000270125.2
orthogroup_1006	8	8	GCF_000005845.2;GCF_000006925.2;GCF_000006945.1;GCF_000009065.1;GCF_000018045.1;GCF_000025565.1;GCF_000240185.1;GCF_000270125.2
orthogroup_1007	8	8	GCF_000005845.2;GCF_000006925.2;GCF_000006945.1;GCF_000018045.1;GCF_000025565.1;GCF_000240185.1;GCF_000270125.2;GCF_000762985.1
orthogroup_1008	10	10	GCF_000005845.2;GCF_000006925.2;GCF_000006945.1;GCF_000009065.1;GCF_000018045.1;GCF_000025565.1;GCF_000069965.1;GCF_000240185.1;GCF_000270125.2;GCF_000762985.1
orthogroup_1009	9	9	GCF_000005845.2;GCF_000006925.2;GCF_000006945.1;GCF_000009065.1;GCF_000018045.1;GCF_000025565.1;GCF_000069965.1;GCF_000240185.1;GCF_000270125.2
orthogroup_1010	10	10	GCF_000005845.2;GCF_000006925.2;GCF_000006945.1;GCF_000009065.1;GCF_000018045.1;GCF_000025565.1;GCF_000069965.1;GCF_000240185.1;GCF_000270125.2;GCF_000762985.1
orthogroup_1011	8	8	GCF_000005845.2;GCF_000006925.2;GCF_000006945.1;GCF_000009065.1;GCF_000018045.1;GCF_000025565.1;GCF_000069965.1;GCF_000270125.2
orthogroup_1012	9	9	GCF_000005845.2;GCF_000006925.2;GCF_000006945.1;GCF_000009065.1;GCF_000018045.1;GCF_000025565.1;GCF_000069965.1;GCF_000240185.1;GCF_000270125.2
orthogroup_1013	9	9	GCF_000005845.2;GCF_000006925.2;GCF_000006945.1;GCF_000009065.1;GCF_000018045.1;GCF_000025565.1;GCF_000069965.1;GCF_000240185.1;GCF_000270125.2
orthogroup_1014	9	9	GCF_000005845.2;GCF_000006925.2;GCF_000006945.1;GCF_000009065.1;GCF_000018045.1;GCF_000025565.1;GCF_000069965.1;GCF_000240185.1;GCF_000270125.2
orthogroup_1015	8	8	GCF_000005845.2;GCF_000006925.2;GCF_000006945.1;GCF_000009065.1;GCF_000018045.1;GCF_000025565.1;GCF_000240185.1;GCF_000270125.2
orthogroup_1016	8	8	GCF_000005845.2;GCF_000006925.2;GCF_000006945.1;GCF_000009065.1;GCF_000018045.1;GCF_000025565.1;GCF_000240185.1;GCF_000270125.2
orthogroup_1017	9	9	GCF_000005845.2;GCF_000006925.2;GCF_000006945.1;GCF_000009065.1;GCF_000018045.1;GCF_000025565.1;GCF_000069965.1;GCF_000240185.1;GCF_000270125.2
orthogroup_1018	9	9	GCF_000005845.2;GCF_000006925.2;GCF_000006945.1;GCF_000009065.1;GCF_000018045.1;GCF_000025565.1;GCF_000240185.1;GCF_000270125.2;GCF_000762985.1
orthogroup_1019	9	9	GCF_000005845.2;GCF_000006925.2;GCF_000006945.1;GCF_000009065.1;GCF_000018045.1;GCF_000025565.1;GCF_000069965.1;GCF_000240185.1;GCF_000270125.2
orthogroup_1020	9	9	GCF_000005845.2;GCF_000006925.2;GCF_000006945.1;GCF_000009065.1;GCF_000018045.1;GCF_000025565.1;GCF_000069965.1;GCF_000240185.1;GCF_000270125.2
orthogroup_1021	9	9	GCF_000005845.2;GCF_000006925.2;GCF_000006945.1;GCF_000009065.1;GCF_000018045.1;GCF_000025565.1;GCF_000069965.1;GCF_000240185.1;GCF_000270125.2
orthogroup_1022	9	9	GCF_000005845.2;GCF_000006925.2;GCF_000006945.1;GCF_000009065.1;GCF_000018045.1;GCF_000025565.1;GCF_000069965.1;GCF_000240185.1;GCF_000270125.2
orthogroup_1023	8	8	GCF_000005845.2;GCF_000006925.2;GCF_000006945.1;GCF_000009065.1;GCF_000018045.1;GCF_000025565.1;GCF_000069965.1;GCF_000270125.2
orthogroup_1024	9	9	GCF_000005845.2;GCF_000006925.2;GCF_000006945.1;GCF_000009065.1;GCF_000018045.1;GCF_000025565.1;GCF_000069965.1;GCF_000240185.1;GCF_000270125.2
orthogroup_1025	10	10	GCF_000005845.2;GCF_000006925.2;GCF_000006945.1;GCF_000009065.1;GCF_000018045.1;GCF_000025565.1;GCF_000069965.1;GCF_000240185.1;GCF_000270125.2;GCF_000762985.1
orthogroup_1026	9	9	GCF_000005845.2;GCF_000006925.2;GCF_000006945.1;GCF_000009065.1;GCF_000018045.1;GCF_000025565.1;GCF_000069965.1;GCF_000240185.1;GCF_000270125.2
orthogroup_1027	9	9	GCF_000005845.2;GCF_000006925.2;GCF_000006945.1;GCF_000009065.1;GCF_000018045.1;GCF_000025565.1;GCF_000069965.1;GCF_000240185.1;GCF_000270125.2
orthogroup_1028	10	10	GCF_000005845.2;GCF_000006925.2;GCF_000006945.1;GCF_000009065.1;GCF_000018045.1;GCF_000025565.1;GCF_000069965.1;GCF_000240185.1;GCF_000270125.2;GCF_000762985.1
orthogroup_1029	9	9	GCF_000005845.2;GCF_000006925.2;GCF_000006945.1;GCF_000009065.1;GCF_000018045.1;GCF_000025565.1;GCF_000069965.1;GCF_000240185.1;GCF_000270125.2
orthogroup_1030	9	9	GCF_000005845.2;GCF_000006925.2;GCF_000006945.1;GCF_000009065.1;GCF_000018045.1;GCF_000025565.1;GCF_000069965.1;GCF_000240185.1;GCF_000270125.2
orthogroup_1031	9	9	GCF_000005845.2;GCF_000006925.2;GCF_000006945.1;GCF_000009065.1;GCF_000018045.1;GCF_000025565.1;GCF_000069965.1;GCF_000240185.1;GCF_000270125.2
orthogroup_1032	9	9	GCF_000005845.2;GCF_000006925.2;GCF_000006945.1;GCF_000009065.1;GCF_000018045.1;GCF_000025565.1;GCF_000069965.1;GCF_000240185.1;GCF_000270125.2
orthogroup_1033	10	10	GCF_000005845.2;GCF_000006925.2;GCF_000006945.1;GCF_000009065.1;GCF_000018045.1;GCF_000025565.1;GCF_000069965.1;GCF_000240185.1;GCF_000270125.2;GCF_000762985.1
orthogroup_1034	9	9	GCF_000005845.2;GCF_000006925.2;GCF_000006945.1;GCF_000009065.1;GCF_000018045.1;GCF_000025565.1;GCF_000069965.1;GCF_000240185.1;GCF_000270125.2
orthogroup_1035	9	9	GCF_000005845.2;GCF_000006925.2;GCF_000006945.1;GCF_000009065.1;GCF_000018045.1;GCF_000025565.1;GCF_000069965.1;GCF_000240185.1;GCF_000762985.1
orthogroup_1036	10	10	GCF_000005845.2;GCF_000006925.2;GCF_000006945.1;GCF_000009065.1;GCF_000018045.1;GCF_000025565.1;GCF_000069965.1;GCF_000240185.1;GCF_000270125.2;GCF_000762985.1
orthogroup_1037	9	9	GCF_000005845.2;GCF_000006925.2;GCF_000006945.1;GCF_000009065.1;GCF_000018045.1;GCF_000025565.1;GCF_000069965.1;GCF_000240185.1;GCF_000270125.2
orthogroup_1038	9	9	GCF_000005845.2;GCF_000006925.2;GCF_000006945.1;GCF_000009065.1;GCF_000018045.1;GCF_000025565.1;GCF_000069965.1;GCF_000240185.1;GCF_000270125.2
orthogroup_1039	9	9	GCF_000005845.2;GCF_000006925.2;GCF_000006945.1;GCF_000009065.1;GCF_000018045.1;GCF_000025565.1;GCF_000069965.1;GCF_000240185.1;GCF_000270125.2
orthogroup_1040	8	8	GCF_000005845.2;GCF_000006925.2;GCF_000006945.1;GCF_000009065.1;GCF_000018045.1;GCF_000025565.1;GCF_000069965.1;GCF_000240185.1
orthogroup_1041	8	8	GCF_000005845.2;GCF_000006925.2;GCF_000006945.1;GCF_000009065.1;GCF_000018045.1;GCF_000025565.1;GCF_000069965.1;GCF_000270125.2
orthogroup_1042	9	9	GCF_000005845.2;GCF_000006925.2;GCF_000006945.1;GCF_000009065.1;GCF_000018045.1;GCF_000025565.1;GCF_000069965.1;GCF_000240185.1;GCF_000270125.2
orthogroup_1043	10	10	GCF_000005845.2;GCF_000006925.2;GCF_000006945.1;GCF_000009065.1;GCF_000018045.1;GCF_000025565.1;GCF_000069965.1;GCF_000240185.1;GCF_000270125.2;GCF_000762985.1
orthogroup_1044	10	10	GCF_000005845.2;GCF_000006925.2;GCF_000006945.1;GCF_000009065.1;GCF_000018045.1;GCF_000025565.1;GCF_000069965.1;GCF_000240185.1;GCF_000270125.2;GCF_000762985.1
orthogroup_1045	9	9	GCF_000005845.2;GCF_000006925.2;GCF_000006945.1;GCF_000009065.1;GCF_000018045.1;GCF_000025565.1;GCF_000069965.1;GCF_000240185.1;GCF_000270125.2
orthogroup_1046	9	9	GCF_000005845.2;GCF_000006925.2;GCF_000006945.1;GCF_000009065.1;GCF_000018045.1;GCF_000025565.1;GCF_000069965.1;GCF_000240185.1;GCF_000270125.2
orthogroup_1047	9	9	GCF_000005845.2;GCF_000006925.2;GCF_000006945.1;GCF_000009065.1;GCF_000018045.1;GCF_000025565.1;GCF_000069965.1;GCF_000240185.1;GCF_000270125.2
orthogroup_1048	10	10	GCF_000005845.2;GCF_000006925.2;GCF_000006945.1;GCF_000009065.1;GCF_000018045.1;GCF_000025565.1;GCF_000069965.1;GCF_000240185.1;GCF_000270125.2;GCF_000762985.1
orthogroup_1049	9	9	GCF_000005845.2;GCF_000006925.2;GCF_000006945.1;GCF_000009065.1;GCF_000018045.1;GCF_000025565.1;GCF_000069965.1;GCF_000240185.1;GCF_000270125.2
orthogroup_1050	9	9	GCF_000005845.2;GCF_000006925.2;GCF_000006945.1;GCF_000009065.1;GCF_000018045.1;GCF_000025565.1;GCF_000069965.1;GCF_000240185.1;GCF_000270125.2
orthogroup_1051	9	9	GCF_000005845.2;GCF_000006925.2;GCF_000006945.1;GCF_000009065.1;GCF_000018045.1;GCF_000025565.1;GCF_000240185.1;GCF_000270125.2;GCF_000762985.1
orthogroup_1052	8	8	GCF_000005845.2;GCF_000006925.2;GCF_000006945.1;GCF_000009065.1;GCF_000018045.1;GCF_000025565.1;GCF_000240185.1;GCF_000270125.2
orthogroup_1053	9	9	GCF_000005845.2;GCF_000006925.2;GCF_000006945.1;GCF_000009065.1;GCF_000018045.1;GCF_000025565.1;GCF_000069965.1;GCF_000240185.1;GCF_000270125.2
orthogroup_1054	10	10	GCF_000005845.2;GCF_000006925.2;GCF_000006945.1;GCF_000009065.1;GCF_000018045.1;GCF_000025565.1;GCF_000069965.1;GCF_000240185.1;GCF_000270125.2;GCF_000762985.1
orthogroup_1055	9	9	GCF_000005845.2;GCF_000006925.2;GCF_000006945.1;GCF_000009065.1;GCF_000018045.1;GCF_000025565.1;GCF_000069965.1;GCF_000240185.1;GCF_000270125.2
orthogroup_1056	9	9	GCF_000005845.2;GCF_000006925.2;GCF_000006945.1;GCF_000009065.1;GCF_000018045.1;GCF_000025565.1;GCF_000069965.1;GCF_000240185.1;GCF_000270125.2
orthogroup_1057	9	9	GCF_000005845.2;GCF_000006925.2;GCF_000006945.1;GCF_000009065.1;GCF_000018045.1;GCF_000025565.1;GCF_000069965.1;GCF_000240185.1;GCF_000270125.2
orthogroup_1058	9	9	GCF_000005845.2;GCF_000006925.2;GCF_000006945.1;GCF_000009065.1;GCF_000018045.1;GCF_000025565.1;GCF_000069965.1;GCF_000240185.1;GCF_000270125.2
orthogroup_1059	8	8	GCF_000005845.2;GCF_000006925.2;GCF_000006945.1;GCF_000009065.1;GCF_000018045.1;GCF_000025565.1;GCF_000069965.1;GCF_000240185.1
orthogroup_1060	8	8	GCF_000005845.2;GCF_000006925.2;GCF_000006945.1;GCF_000009065.1;GCF_000018045.1;GCF_000025565.1;GCF_000270125.2;GCF_000762985.1
orthogroup_1061	9	9	GCF_000005845.2;GCF_000006925.2;GCF_000006945.1;GCF_000009065.1;GCF_000018045.1;GCF_000025565.1;GCF_000069965.1;GCF_000240185.1;GCF_000270125.2
orthogroup_1062	9	9	GCF_000005845.2;GCF_000006925.2;GCF_000006945.1;GCF_000009065.1;GCF_000018045.1;GCF_000025565.1;GCF_000069965.1;GCF_000240185.1;GCF_000270125.2
orthogroup_1063	9	9	GCF_000005845.2;GCF_000006925.2;GCF_000006945.1;GCF_000009065.1;GCF_000018045.1;GCF_000025565.1;GCF_000069965.1;GCF_000240185.1;GCF_000270125.2
orthogroup_1064	10	10	GCF_000005845.2;GCF_000006925.2;GCF_000006945.1;GCF_000009065.1;GCF_000018045.1;GCF_000025565.1;GCF_000069965.1;GCF_000240185.1;GCF_000270125.2;GCF_000762985.1
orthogroup_1065	8	8	GCF_000005845.2;GCF_000006925.2;GCF_000009065.1;GCF_000018045.1;GCF_000025565.1;GCF_000240185.1;GCF_000270125.2;GCF_000762985.1
orthogroup_1066	9	9	GCF_000005845.2;GCF_000006925.2;GCF_000006945.1;GCF_000009065.1;GCF_000018045.1;GCF_000025565.1;GCF_000069965.1;GCF_000240185.1;GCF_000270125.2
orthogroup_1067	10	10	GCF_000005845.2;GCF_000006925.2;GCF_000006945.1;GCF_000009065.1;GCF_000018045.1;GCF_000025565.1;GCF_000069965.1;GCF_000240185.1;GCF_000270125.2;GCF_000762985.1
orthogroup_1068	9	9	GCF_000005845.2;GCF_000006925.2;GCF_000006945.1;GCF_000009065.1;GCF_000018045.1;GCF_000025565.1;GCF_000069965.1;GCF_000240185.1;GCF_000270125.2
orthogroup_1069	9	9	GCF_000005845.2;GCF_000006925.2;GCF_000006945.1;GCF_000009065.1;GCF_000018045.1;GCF_000025565.1;GCF_000069965.1;GCF_000240185.1;GCF_000270125.2
orthogroup_1070	10	10	GCF_000005845.2;GCF_000006925.2;GCF_000006945.1;GCF_000009065.1;GCF_000018045.1;GCF_000025565.1;GCF_000069965.1;GCF_000240185.1;GCF_000270125.2;GCF_000762985.1
orthogroup_1071	9	9	GCF_000005845.2;GCF_000006925.2;GCF_000006945.1;GCF_000009065.1;GCF_000018045.1;GCF_000025565.1;GCF_000069965.1;GCF_000240185.1;GCF_000270125.2
orthogroup_1072	9	9	GCF_000005845.2;GCF_000006925.2;GCF_000006945.1;GCF_000009065.1;GCF_000018045.1;GCF_000025565.1;GCF_000069965.1;GCF_000240185.1;GCF_000270125.2
orthogroup_1073	8	8	GCF_000005845.2;GCF_000006925.2;GCF_000006945.1;GCF_000009065.1;GCF_000025565.1;GCF_000069965.1;GCF_000240185.1;GCF_000270125.2
orthogroup_1074	9	9	GCF_000005845.2;GCF_000006925.2;GCF_000006945.1;GCF_000009065.1;GCF_000018045.1;GCF_000025565.1;GCF_000069965.1;GCF_000240185.1;GCF_000270125.2
orthogroup_1075	9	9	GCF_000005845.2;GCF_000006925.2;GCF_000006945.1;GCF_000009065.1;GCF_000018045.1;GCF_000025565.1;GCF_000069965.1;GCF_000240185.1;GCF_000270125.2
orthogroup_1076	9	9	GCF_000005845.2;GCF_000006925.2;GCF_000006945.1;GCF_000009065.1;GCF_000018045.1;GCF_000025565.1;GCF_000069965.1;GCF_000270125.2;GCF_000762985.1
orthogroup_1077	10	10	GCF_000005845.2;GCF_000006925.2;GCF_000006945.1;GCF_000009065.1;GCF_000018045.1;GCF_000025565.1;GCF_000069965.1;GCF_000240185.1;GCF_000270125.2;GCF_000762985.1
orthogroup_1078	9	9	GCF_000005845.2;GCF_000006925.2;GCF_000006945.1;GCF_000009065.1;GCF_000018045.1;GCF_000025565.1;GCF_000069965.1;GCF_000240185.1;GCF_000270125.2
orthogroup_1079	9	9	GCF_000005845.2;GCF_000006925.2;GCF_000006945.1;GCF_000009065.1;GCF_000018045.1;GCF_000025565.1;GCF_000069965.1;GCF_000240185.1;GCF_000270125.2
orthogroup_1080	9	9	GCF_000005845.2;GCF_000006925.2;GCF_000006945.1;GCF_000009065.1;GCF_000018045.1;GCF_000025565.1;GCF_000240185.1;GCF_000270125.2;GCF_000762985.1
orthogroup_1081	8	8	GCF_000005845.2;GCF_000006925.2;GCF_000006945.1;GCF_000009065.1;GCF_000018045.1;GCF_000025565.1;GCF_000069965.1;GCF_000270125.2
orthogroup_1082	10	10	GCF_000005845.2;GCF_000006925.2;GCF_000006945.1;GCF_000009065.1;GCF_000018045.1;GCF_000025565.1;GCF_000069965.1;GCF_000240185.1;GCF_000270125.2;GCF_000762985.1
orthogroup_1083	9	9	GCF_000005845.2;GCF_000006925.2;GCF_000006945.1;GCF_000009065.1;GCF_000018045.1;GCF_000025565.1;GCF_000240185.1;GCF_000270125.2;GCF_000762985.1
orthogroup_1084	9	9	GCF_000005845.2;GCF_000006925.2;GCF_000006945.1;GCF_000009065.1;GCF_000018045.1;GCF_000025565.1;GCF_000069965.1;GCF_000240185.1;GCF_000270125.2
orthogroup_1085	8	8	GCF_000005845.2;GCF_000006925.2;GCF_000006945.1;GCF_000018045.1;GCF_000025565.1;GCF_000069965.1;GCF_000240185.1;GCF_000270125.2
orthogroup_1086	10	10	GCF_000005845.2;GCF_000006925.2;GCF_000006945.1;GCF_000009065.1;GCF_000018045.1;GCF_000025565.1;GCF_000069965.1;GCF_000240185.1;GCF_000270125.2;GCF_000762985.1
orthogroup_1087	9	9	GCF_000005845.2;GCF_000006925.2;GCF_000006945.1;GCF_000018045.1;GCF_000025565.1;GCF_000069965.1;GCF_000240185.1;GCF_000270125.2;GCF_000762985.1
orthogroup_1088	9	9	GCF_000005845.2;GCF_000006925.2;GCF_000006945.1;GCF_000009065.1;GCF_000018045.1;GCF_000025565.1;GCF_000069965.1;GCF_000240185.1;GCF_000270125.2
orthogroup_1089	9	9	GCF_000005845.2;GCF_000006925.2;GCF_000006945.1;GCF_000009065.1;GCF_000018045.1;GCF_000025565.1;GCF_000069965.1;GCF_000240185.1;GCF_000270125.2
orthogroup_1090	8	8	GCF_000005845.2;GCF_000006925.2;GCF_000009065.1;GCF_000018045.1;GCF_000025565.1;GCF_000240185.1;GCF_000270125.2;GCF_000762985.1
orthogroup_1091	9	9	GCF_000005845.2;GCF_000006925.2;GCF_000006945.1;GCF_000009065.1;GCF_000018045.1;GCF_000025565.1;GCF_000069965.1;GCF_000240185.1;GCF_000270125.2
orthogroup_1092	9	9	GCF_000005845.2;GCF_000006925.2;GCF_000006945.1;GCF_000009065.1;GCF_000018045.1;GCF_000025565.1;GCF_000069965.1;GCF_000240185.1;GCF_000270125.2
orthogroup_1093	9	9	GCF_000005845.2;GCF_000006925.2;GCF_000006945.1;GCF_000009065.1;GCF_000018045.1;GCF_000025565.1;GCF_000069965.1;GCF_000240185.1;GCF_000270125.2
orthogroup_1094	10	10	GCF_000005845.2;GCF_000006925.2;GCF_000006945.1;GCF_000009065.1;GCF_000018045.1;GCF_000025565.1;GCF_000069965.1;GCF_000240185.1;GCF_000270125.2;GCF_000762985.1
orthogroup_1095	9	9	GCF_000005845.2;GCF_000006925.2;GCF_000006945.1;GCF_000009065.1;GCF_000018045.1;GCF_000025565.1;GCF_000069965.1;GCF_000240185.1;GCF_000270125.2
orthogroup_1096	9	9	GCF_000005845.2;GCF_000006925.2;GCF_000006945.1;GCF_000009065.1;GCF_000018045.1;GCF_000025565.1;GCF_000069965.1;GCF_000240185.1;GCF_000270125.2
orthogroup_1097	9	9	GCF_000005845.2;GCF_000006925.2;GCF_000006945.1;GCF_000009065.1;GCF_000018045.1;GCF_000025565.1;GCF_000069965.1;GCF_000240185.1;GCF_000270125.2
orthogroup_1098	9	9	GCF_000005845.2;GCF_000006925.2;GCF_000006945.1;GCF_000009065.1;GCF_000018045.1;GCF_000025565.1;GCF_000069965.1;GCF_000240185.1;GCF_000270125.2
orthogroup_1099	10	10	GCF_000005845.2;GCF_000006925.2;GCF_000006945.1;GCF_000009065.1;GCF_000018045.1;GCF_000025565.1;GCF_000069965.1;GCF_000240185.1;GCF_000270125.2;GCF_000762985.1
orthogroup_1100	10	10	GCF_000005845.2;GCF_000006925.2;GCF_000006945.1;GCF_000009065.1;GCF_000018045.1;GCF_000025565.1;GCF_000069965.1;GCF_000240185.1;GCF_000270125.2;GCF_000762985.1
orthogroup_1101	8	8	GCF_000005845.2;GCF_000006925.2;GCF_000006945.1;GCF_000009065.1;GCF_000018045.1;GCF_000025565.1;GCF_000240185.1;GCF_000270125.2
orthogroup_1102	9	9	GCF_000005845.2;GCF_000006925.2;GCF_000006945.1;GCF_000009065.1;GCF_000018045.1;GCF_000025565.1;GCF_000069965.1;GCF_000240185.1;GCF_000270125.2
orthogroup_1103	8	8	GCF_000005845.2;GCF_000006925.2;GCF_000006945.1;GCF_000009065.1;GCF_000018045.1;GCF_000025565.1;GCF_000069965.1;GCF_000240185.1
orthogroup_1104	9	9	GCF_000005845.2;GCF_000006925.2;GCF_000006945.1;GCF_000009065.1;GCF_000018045.1;GCF_000025565.1;GCF_000069965.1;GCF_000240185.1;GCF_000270125.2
orthogroup_1105	9	9	GCF_000005845.2;GCF_000006925.2;GCF_000006945.1;GCF_000009065.1;GCF_000018045.1;GCF_000025565.1;GCF_000069965.1;GCF_000240185.1;GCF_000270125.2
orthogroup_1106	9	9	GCF_000005845.2;GCF_000006925.2;GCF_000006945.1;GCF_000009065.1;GCF_000018045.1;GCF_000025565.1;GCF_000069965.1;GCF_000240185.1;GCF_000270125.2
orthogroup_1107	9	9	GCF_000005845.2;GCF_000006925.2;GCF_000006945.1;GCF_000009065.1;GCF_000018045.1;GCF_000025565.1;GCF_000069965.1;GCF_000240185.1;GCF_000270125.2
orthogroup_1108	8	8	GCF_000005845.2;GCF_000006925.2;GCF_000006945.1;GCF_000009065.1;GCF_000018045.1;GCF_000025565.1;GCF_000240185.1;GCF_000270125.2
orthogroup_1109	8	8	GCF_000005845.2;GCF_000006925.2;GCF_000006945.1;GCF_000009065.1;GCF_000018045.1;GCF_000025565.1;GCF_000069965.1;GCF_000240185.1
orthogroup_1110	8	8	GCF_000005845.2;GCF_000006925.2;GCF_000006945.1;GCF_000009065.1;GCF_000018045.1;GCF_000025565.1;GCF_000240185.1;GCF_000270125.2
orthogroup_1111	9	9	GCF_000005845.2;GCF_000006925.2;GCF_000006945.1;GCF_000009065.1;GCF_000018045.1;GCF_000025565.1;GCF_000069965.1;GCF_000240185.1;GCF_000270125.2
orthogroup_1112	9	9	GCF_000005845.2;GCF_000006925.2;GCF_000006945.1;GCF_000009065.1;GCF_000018045.1;GCF_000025565.1;GCF_000069965.1;GCF_000240185.1;GCF_000270125.2
orthogroup_1113	10	10	GCF_000005845.2;GCF_000006925.2;GCF_000006945.1;GCF_000009065.1;GCF_000018045.1;GCF_000025565.1;GCF_000069965.1;GCF_000240185.1;GCF_000270125.2;GCF_000762985.1
orthogroup_1114	9	9	GCF_000005845.2;GCF_000006925.2;GCF_000006945.1;GCF_000009065.1;GCF_000018045.1;GCF_000025565.1;GCF_000069965.1;GCF_000240185.1;GCF_000270125.2
orthogroup_1115	10	10	GCF_000005845.2;GCF_000006925.2;GCF_000006945.1;GCF_000009065.1;GCF_000018045.1;GCF_000025565.1;GCF_000069965.1;GCF_000240185.1;GCF_000270125.2;GCF_000762985.1
orthogroup_1116	9	9	GCF_000005845.2;GCF_000006925.2;GCF_000006945.1;GCF_000009065.1;GCF_000018045.1;GCF_000025565.1;GCF_000069965.1;GCF_000240185.1;GCF_000270125.2
orthogroup_1117	10	10	GCF_000005845.2;GCF_000006925.2;GCF_000006945.1;GCF_000009065.1;GCF_000018045.1;GCF_000025565.1;GCF_000069965.1;GCF_000240185.1;GCF_000270125.2;GCF_000762985.1
orthogroup_1118	9	9	GCF_000005845.2;GCF_000006925.2;GCF_000006945.1;GCF_000009065.1;GCF_000018045.1;GCF_000025565.1;GCF_000069965.1;GCF_000240185.1;GCF_000270125.2
orthogroup_1119	9	9	GCF_000005845.2;GCF_000006925.2;GCF_000006945.1;GCF_000009065.1;GCF_000018045.1;GCF_000025565.1;GCF_000069965.1;GCF_000240185.1;GCF_000270125.2
orthogroup_1120	9	9	GCF_000005845.2;GCF_000006925.2;GCF_000006945.1;GCF_000009065.1;GCF_000018045.1;GCF_000025565.1;GCF_000069965.1;GCF_000240185.1;GCF_000762985.1
orthogroup_1121	8	8	GCF_000005845.2;GCF_000006925.2;GCF_000006945.1;GCF_000018045.1;GCF_000025565.1;GCF_000240185.1;GCF_000270125.2;GCF_000762985.1
orthogroup_1122	9	9	GCF_000005845.2;GCF_000006925.2;GCF_000006945.1;GCF_000009065.1;GCF_000018045.1;GCF_000025565.1;GCF_000069965.1;GCF_000240185.1;GCF_000270125.2
orthogroup_1123	9	9	GCF_000005845.2;GCF_000006925.2;GCF_000006945.1;GCF_000009065.1;GCF_000018045.1;GCF_000025565.1;GCF_000069965.1;GCF_000240185.1;GCF_000270125.2
orthogroup_1124	9	9	GCF_000005845.2;GCF_000006925.2;GCF_000006945.1;GCF_000009065.1;GCF_000018045.1;GCF_000025565.1;GCF_000069965.1;GCF_000240185.1;GCF_000270125.2
orthogroup_1125	8	8	GCF_000005845.2;GCF_000006925.2;GCF_000006945.1;GCF_000009065.1;GCF_000018045.1;GCF_000025565.1;GCF_000240185.1;GCF_000270125.2
orthogroup_1126	9	9	GCF_000005845.2;GCF_000006925.2;GCF_000006945.1;GCF_000009065.1;GCF_000018045.1;GCF_000025565.1;GCF_000069965.1;GCF_000240185.1;GCF_000270125.2
orthogroup_1127	9	9	GCF_000005845.2;GCF_000006925.2;GCF_000006945.1;GCF_000009065.1;GCF_000018045.1;GCF_000025565.1;GCF_000069965.1;GCF_000240185.1;GCF_000270125.2
orthogroup_1128	9	9	GCF_000005845.2;GCF_000006925.2;GCF_000006945.1;GCF_000009065.1;GCF_000018045.1;GCF_000025565.1;GCF_000069965.1;GCF_000240185.1;GCF_000270125.2
orthogroup_1129	10	10	GCF_000005845.2;GCF_000006925.2;GCF_000006945.1;GCF_000009065.1;GCF_000018045.1;GCF_000025565.1;GCF_000069965.1;GCF_000240185.1;GCF_000270125.2;GCF_000762985.1
orthogroup_1130	8	8	GCF_000005845.2;GCF_000006925.2;GCF_000006945.1;GCF_000009065.1;GCF_000018045.1;GCF_000025565.1;GCF_000069965.1;GCF_000240185.1
orthogroup_1131	10	10	GCF_000005845.2;GCF_000006925.2;GCF_000006945.1;GCF_000009065.1;GCF_000018045.1;GCF_000025565.1;GCF_000069965.1;GCF_000240185.1;GCF_000270125.2;GCF_000762985.1
orthogroup_1132	10	10	GCF_000005845.2;GCF_000006925.2;GCF_000006945.1;GCF_000009065.1;GCF_000018045.1;GCF_000025565.1;GCF_000069965.1;GCF_000240185.1;GCF_000270125.2;GCF_000762985.1
orthogroup_1133	9	9	GCF_000005845.2;GCF_000006925.2;GCF_000006945.1;GCF_000009065.1;GCF_000018045.1;GCF_000025565.1;GCF_000069965.1;GCF_000240185.1;GCF_000270125.2
orthogroup_1134	9	9	GCF_000005845.2;GCF_000006925.2;GCF_000006945.1;GCF_000009065.1;GCF_000018045.1;GCF_000025565.1;GCF_000069965.1;GCF_000240185.1;GCF_000270125.2
orthogroup_1135	10	10	GCF_000005845.2;GCF_000006925.2;GCF_000006945.1;GCF_000009065.1;GCF_000018045.1;GCF_000025565.1;GCF_000069965.1;GCF_000240185.1;GCF_000270125.2;GCF_000762985.1
orthogroup_1136	9	9	GCF_000005845.2;GCF_000006925.2;GCF_000006945.1;GCF_000009065.1;GCF_000018045.1;GCF_000025565.1;GCF_000069965.1;GCF_000240185.1;GCF_000270125.2
orthogroup_1137	9	9	GCF_000005845.2;GCF_000006925.2;GCF_000006945.1;GCF_000009065.1;GCF_000018045.1;GCF_000025565.1;GCF_000069965.1;GCF_000240185.1;GCF_000270125.2
orthogroup_1138	9	9	GCF_000005845.2;GCF_000006925.2;GCF_000006945.1;GCF_000009065.1;GCF_000018045.1;GCF_000025565.1;GCF_000069965.1;GCF_000240185.1;GCF_000270125.2
orthogroup_1139	8	8	GCF_000005845.2;GCF_000006925.2;GCF_000006945.1;GCF_000009065.1;GCF_000018045.1;GCF_000025565.1;GCF_000240185.1;GCF_000270125.2
orthogroup_1140	9	9	GCF_000005845.2;GCF_000006925.2;GCF_000006945.1;GCF_000009065.1;GCF_000018045.1;GCF_000025565.1;GCF_000069965.1;GCF_000240185.1;GCF_000270125.2
orthogroup_1141	10	10	GCF_000005845.2;GCF_000006925.2;GCF_000006945.1;GCF_000009065.1;GCF_000018045.1;GCF_000025565.1;GCF_000069965.1;GCF_000240185.1;GCF_000270125.2;GCF_000762985.1
orthogroup_1142	8	8	GCF_000005845.2;GCF_000006925.2;GCF_000006945.1;GCF_000009065.1;GCF_000018045.1;GCF_000025565.1;GCF_000069965.1;GCF_000270125.2
orthogroup_1143	9	9	GCF_000005845.2;GCF_000006925.2;GCF_000006945.1;GCF_000009065.1;GCF_000018045.1;GCF_000025565.1;GCF_000069965.1;GCF_000240185.1;GCF_000270125.2
orthogroup_1144	9	9	GCF_000005845.2;GCF_000006925.2;GCF_000006945.1;GCF_000009065.1;GCF_000018045.1;GCF_000025565.1;GCF_000069965.1;GCF_000240185.1;GCF_000270125.2
orthogroup_1145	9	9	GCF_000005845.2;GCF_000006925.2;GCF_000006945.1;GCF_000009065.1;GCF_000018045.1;GCF_000025565.1;GCF_000069965.1;GCF_000240185.1;GCF_000270125.2
orthogroup_1146	9	9	GCF_000005845.2;GCF_000006925.2;GCF_000006945.1;GCF_000009065.1;GCF_000018045.1;GCF_000025565.1;GCF_000069965.1;GCF_000240185.1;GCF_000270125.2
orthogroup_1147	10	10	GCF_000005845.2;GCF_000006925.2;GCF_000006945.1;GCF_000009065.1;GCF_000018045.1;GCF_000025565.1;GCF_000069965.1;GCF_000240185.1;GCF_000270125.2;GCF_000762985.1
orthogroup_1148	10	10	GCF_000005845.2;GCF_000006925.2;GCF_000006945.1;GCF_000009065.1;GCF_000018045.1;GCF_000025565.1;GCF_000069965.1;GCF_000240185.1;GCF_000270125.2;GCF_000762985.1
orthogroup_1149	8	8	GCF_000005845.2;GCF_000006925.2;GCF_000006945.1;GCF_000009065.1;GCF_000018045.1;GCF_000025565.1;GCF_000069965.1;GCF_000270125.2
orthogroup_1150	9	9	GCF_000005845.2;GCF_000006925.2;GCF_000006945.1;GCF_000009065.1;GCF_000018045.1;GCF_000025565.1;GCF_000069965.1;GCF_000240185.1;GCF_000270125.2
orthogroup_1151	9	9	GCF_000005845.2;GCF_000006925.2;GCF_000006945.1;GCF_000009065.1;GCF_000018045.1;GCF_000025565.1;GCF_000069965.1;GCF_000240185.1;GCF_000270125.2
orthogroup_1152	9	9	GCF_000005845.2;GCF_000006925.2;GCF_000006945.1;GCF_000009065.1;GCF_000018045.1;GCF_000025565.1;GCF_000069965.1;GCF_000240185.1;GCF_000270125.2
orthogroup_1153	10	10	GCF_000005845.2;GCF_000006925.2;GCF_000006945.1;GCF_000009065.1;GCF_000018045.1;GCF_000025565.1;GCF_000069965.1;GCF_000240185.1;GCF_000270125.2;GCF_000762985.1
orthogroup_1154	9	9	GCF_000005845.2;GCF_000006925.2;GCF_000006945.1;GCF_000009065.1;GCF_000018045.1;GCF_000025565.1;GCF_000069965.1;GCF_000240185.1;GCF_000270125.2
orthogroup_1155	9	9	GCF_000005845.2;GCF_000006925.2;GCF_000006945.1;GCF_000009065.1;GCF_000018045.1;GCF_000025565.1;GCF_000069965.1;GCF_000240185.1;GCF_000270125.2
orthogroup_1156	9	9	GCF_000005845.2;GCF_000006925.2;GCF_000006945.1;GCF_000009065.1;GCF_000018045.1;GCF_000025565.1;GCF_000069965.1;GCF_000240185.1;GCF_000270125.2
orthogroup_1157	8	8	GCF_000005845.2;GCF_000006925.2;GCF_000006945.1;GCF_000018045.1;GCF_000025565.1;GCF_000240185.1;GCF_000270125.2;GCF_000762985.1
orthogroup_1158	9	9	GCF_000005845.2;GCF_000006925.2;GCF_000006945.1;GCF_000009065.1;GCF_000018045.1;GCF_000025565.1;GCF_000069965.1;GCF_000240185.1;GCF_000270125.2
orthogroup_1159	8	8	GCF_000005845.2;GCF_000006925.2;GCF_000006945.1;GCF_000009065.1;GCF_000018045.1;GCF_000025565.1;GCF_000240185.1;GCF_000270125.2
orthogroup_1160	9	9	GCF_000005845.2;GCF_000006925.2;GCF_000006945.1;GCF_000009065.1;GCF_000018045.1;GCF_000025565.1;GCF_000069965.1;GCF_000240185.1;GCF_000270125.2
orthogroup_1161	10	10	GCF_000005845.2;GCF_000006925.2;GCF_000006945.1;GCF_000009065.1;GCF_000018045.1;GCF_000025565.1;GCF_000069965.1;GCF_000240185.1;GCF_000270125.2;GCF_000762985.1
orthogroup_1162	9	9	GCF_000005845.2;GCF_000006925.2;GCF_000006945.1;GCF_000018045.1;GCF_000025565.1;GCF_000069965.1;GCF_000240185.1;GCF_000270125.2;GCF_000762985.1
orthogroup_1163	10	10	GCF_000005845.2;GCF_000006925.2;GCF_000006945.1;GCF_000009065.1;GCF_000018045.1;GCF_000025565.1;GCF_000069965.1;GCF_000240185.1;GCF_000270125.2;GCF_000762985.1
orthogroup_1164	9	9	GCF_000005845.2;GCF_000006925.2;GCF_000006945.1;GCF_000009065.1;GCF_000018045.1;GCF_000025565.1;GCF_000069965.1;GCF_000240185.1;GCF_000270125.2
orthogroup_1165	8	8	GCF_000005845.2;GCF_000006925.2;GCF_000006945.1;GCF_000009065.1;GCF_000018045.1;GCF_000025565.1;GCF_000069965.1;GCF_000240185.1
orthogroup_1166	9	9	GCF_000005845.2;GCF_000006925.2;GCF_000006945.1;GCF_000009065.1;GCF_000018045.1;GCF_000025565.1;GCF_000069965.1;GCF_000240185.1;GCF_000270125.2
orthogroup_1167	10	10	GCF_000005845.2;GCF_000006925.2;GCF_000006945.1;GCF_000009065.1;GCF_000018045.1;GCF_000025565.1;GCF_000069965.1;GCF_000240185.1;GCF_000270125.2;GCF_000762985.1
orthogroup_1168	9	9	GCF_000005845.2;GCF_000006925.2;GCF_000006945.1;GCF_000009065.1;GCF_000018045.1;GCF_000025565.1;GCF_000069965.1;GCF_000240185.1;GCF_000270125.2
orthogroup_1169	9	9	GCF_000005845.2;GCF_000006925.2;GCF_000006945.1;GCF_000009065.1;GCF_000018045.1;GCF_000025565.1;GCF_000069965.1;GCF_000240185.1;GCF_000270125.2
orthogroup_1170	8	8	GCF_000005845.2;GCF_000006925.2;GCF_000006945.1;GCF_000009065.1;GCF_000018045.1;GCF_000025565.1;GCF_000240185.1;GCF_000270125.2
orthogroup_1171	10	10	GCF_000005845.2;GCF_000006925.2;GCF_000006945.1;GCF_000009065.1;GCF_000018045.1;GCF_000025565.1;GCF_000069965.1;GCF_000240185.1;GCF_000270125.2;GCF_000762985.1
orthogroup_1172	9	9	GCF_000005845.2;GCF_000006925.2;GCF_000006945.1;GCF_000009065.1;GCF_000018045.1;GCF_000025565.1;GCF_000069965.1;GCF_000240185.1;GCF_000270125.2
orthogroup_1173	8	8	GCF_000005845.2;GCF_000006925.2;GCF_000006945.1;GCF_000009065.1;GCF_000025565.1;GCF_000240185.1;GCF_000270125.2;GCF_000762985.1
orthogroup_1174	9	9	GCF_000005845.2;GCF_000006925.2;GCF_000006945.1;GCF_000009065.1;GCF_000018045.1;GCF_000025565.1;GCF_000069965.1;GCF_000240185.1;GCF_000270125.2
orthogroup_1175	10	10	GCF_000005845.2;GCF_000006925.2;GCF_000006945.1;GCF_000009065.1;GCF_000018045.1;GCF_000025565.1;GCF_000069965.1;GCF_000240185.1;GCF_000270125.2;GCF_000762985.1
orthogroup_1176	9	9	GCF_000005845.2;GCF_000006925.2;GCF_000006945.1;GCF_000009065.1;GCF_000018045.1;GCF_000025565.1;GCF_000069965.1;GCF_000240185.1;GCF_000270125.2
orthogroup_1177	10	10	GCF_000005845.2;GCF_000006925.2;GCF_000006945.1;GCF_000009065.1;GCF_000018045.1;GCF_000025565.1;GCF_000069965.1;GCF_000240185.1;GCF_000270125.2;GCF_000762985.1
orthogroup_1178	9	9	GCF_000005845.2;GCF_000006925.2;GCF_000006945.1;GCF_000009065.1;GCF_000018045.1;GCF_000025565.1;GCF_000069965.1;GCF_000240185.1;GCF_000270125.2
orthogroup_1179	9	9	GCF_000005845.2;GCF_000006925.2;GCF_000006945.1;GCF_000009065.1;GCF_000018045.1;GCF_000025565.1;GCF_000069965.1;GCF_000240185.1;GCF_000270125.2
orthogroup_1180	9	9	GCF_000005845.2;GCF_000006925.2;GCF_000006945.1;GCF_000009065.1;GCF_000018045.1;GCF_000025565.1;GCF_000069965.1;GCF_000240185.1;GCF_000270125.2
orthogroup_1181	10	10	GCF_000005845.2;GCF_000006925.2;GCF_000006945.1;GCF_000009065.1;GCF_000018045.1;GCF_000025565.1;GCF_000069965.1;GCF_000240185.1;GCF_000270125.2;GCF_000762985.1
orthogroup_1182	9	9	GCF_000005845.2;GCF_000006925.2;GCF_000006945.1;GCF_000009065.1;GCF_000018045.1;GCF_000025565.1;GCF_000069965.1;GCF_000240185.1;GCF_000270125.2
orthogroup_1183	10	10	GCF_000005845.2;GCF_000006925.2;GCF_000006945.1;GCF_000009065.1;GCF_000018045.1;GCF_000025565.1;GCF_000069965.1;GCF_000240185.1;GCF_000270125.2;GCF_000762985.1
orthogroup_1184	9	9	GCF_000005845.2;GCF_000006925.2;GCF_000006945.1;GCF_000009065.1;GCF_000018045.1;GCF_000025565.1;GCF_000069965.1;GCF_000240185.1;GCF_000270125.2
orthogroup_1185	9	9	GCF_000005845.2;GCF_000006925.2;GCF_000006945.1;GCF_000018045.1;GCF_000025565.1;GCF_000069965.1;GCF_000240185.1;GCF_000270125.2;GCF_000762985.1
orthogroup_1186	9	9	GCF_000005845.2;GCF_000006925.2;GCF_000006945.1;GCF_000009065.1;GCF_000018045.1;GCF_000025565.1;GCF_000069965.1;GCF_000240185.1;GCF_000270125.2
orthogroup_1187	8	8	GCF_000005845.2;GCF_000006925.2;GCF_000006945.1;GCF_000009065.1;GCF_000018045.1;GCF_000025565.1;GCF_000240185.1;GCF_000270125.2
orthogroup_1188	8	8	GCF_000005845.2;GCF_000006925.2;GCF_000006945.1;GCF_000009065.1;GCF_000018045.1;GCF_000025565.1;GCF_000069965.1;GCF_000270125.2
orthogroup_1189	9	9	GCF_000005845.2;GCF_000006925.2;GCF_000006945.1;GCF_000009065.1;GCF_000018045.1;GCF_000025565.1;GCF_000069965.1;GCF_000240185.1;GCF_000270125.2
orthogroup_1190	9	9	GCF_000005845.2;GCF_000006925.2;GCF_000006945.1;GCF_000009065.1;GCF_000018045.1;GCF_000025565.1;GCF_000069965.1;GCF_000240185.1;GCF_000270125.2
orthogroup_1191	10	10	GCF_000005845.2;GCF_000006925.2;GCF_000006945.1;GCF_000009065.1;GCF_000018045.1;GCF_000025565.1;GCF_000069965.1;GCF_000240185.1;GCF_000270125.2;GCF_000762985.1
orthogroup_1192	9	9	GCF_000005845.2;GCF_000006925.2;GCF_000006945.1;GCF_000009065.1;GCF_000018045.1;GCF_000025565.1;GCF_000069965.1;GCF_000240185.1;GCF_000270125.2
orthogroup_1193	9	9	GCF_000005845.2;GCF_000006925.2;GCF_000006945.1;GCF_000009065.1;GCF_000018045.1;GCF_000025565.1;GCF_000069965.1;GCF_000240185.1;GCF_000270125.2
orthogroup_1194	9	9	GCF_000005845.2;GCF_000006925.2;GCF_000006945.1;GCF_000009065.1;GCF_000018045.1;GCF_000025565.1;GCF_000069965.1;GCF_000240185.1;GCF_000762985.1
orthogroup_1195	9	9	GCF_000005845.2;GCF_000006925.2;GCF_000006945.1;GCF_000009065.1;GCF_000018045.1;GCF_000025565.1;GCF_000069965.1;GCF_000240185.1;GCF_000270125.2
orthogroup_1196	10	10	GCF_000005845.2;GCF_000006925.2;GCF_000006945.1;GCF_000009065.1;GCF_000018045.1;GCF_000025565.1;GCF_000069965.1;GCF_000240185.1;GCF_000270125.2;GCF_000762985.1
orthogroup_1197	9	9	GCF_000005845.2;GCF_000006925.2;GCF_000006945.1;GCF_000009065.1;GCF_000018045.1;GCF_000025565.1;GCF_000069965.1;GCF_000240185.1;GCF_000270125.2
orthogroup_1198	9	9	GCF_000005845.2;GCF_000006925.2;GCF_000006945.1;GCF_000009065.1;GCF_000018045.1;GCF_000025565.1;GCF_000069965.1;GCF_000240185.1;GCF_000270125.2
orthogroup_1199	9	9	GCF_000005845.2;GCF_000006925.2;GCF_000006945.1;GCF_000009065.1;GCF_000018045.1;GCF_000025565.1;GCF_000069965.1;GCF_000240185.1;GCF_000270125.2
orthogroup_1200	9	9	GCF_000005845.2;GCF_000006925.2;GCF_000006945.1;GCF_000009065.1;GCF_000018045.1;GCF_000025565.1;GCF_000069965.1;GCF_000240185.1;GCF_000270125.2
orthogroup_1201	8	8	GCF_000005845.2;GCF_000006925.2;GCF_000006945.1;GCF_000009065.1;GCF_000018045.1;GCF_000025565.1;GCF_000069965.1;GCF_000270125.2
orthogroup_1202	9	9	GCF_000005845.2;GCF_000006925.2;GCF_000006945.1;GCF_000009065.1;GCF_000018045.1;GCF_000025565.1;GCF_000069965.1;GCF_000240185.1;GCF_000270125.2
orthogroup_1203	8	8	GCF_000005845.2;GCF_000006925.2;GCF_000006945.1;GCF_000018045.1;GCF_000025565.1;GCF_000069965.1;GCF_000240185.1;GCF_000270125.2
orthogroup_1204	10	10	GCF_000005845.2;GCF_000006925.2;GCF_000006945.1;GCF_000009065.1;GCF_000018045.1;GCF_000025565.1;GCF_000069965.1;GCF_000240185.1;GCF_000270125.2;GCF_000762985.1
orthogroup_1205	9	9	GCF_000005845.2;GCF_000006925.2;GCF_000006945.1;GCF_000009065.1;GCF_000018045.1;GCF_000025565.1;GCF_000069965.1;GCF_000240185.1;GCF_000270125.2
orthogroup_1206	8	8	GCF_000005845.2;GCF_000006925.2;GCF_000006945.1;GCF_000009065.1;GCF_000018045.1;GCF_000025565.1;GCF_000240185.1;GCF_000270125.2
orthogroup_1207	9	9	GCF_000005845.2;GCF_000006925.2;GCF_000006945.1;GCF_000009065.1;GCF_000018045.1;GCF_000025565.1;GCF_000069965.1;GCF_000270125.2;GCF_000762985.1
orthogroup_1208	9	9	GCF_000005845.2;GCF_000006925.2;GCF_000006945.1;GCF_000009065.1;GCF_000018045.1;GCF_000025565.1;GCF_000069965.1;GCF_000240185.1;GCF_000270125.2
orthogroup_1209	9	9	GCF_000005845.2;GCF_000006925.2;GCF_000006945.1;GCF_000009065.1;GCF_000018045.1;GCF_000025565.1;GCF_000069965.1;GCF_000240185.1;GCF_000270125.2
orthogroup_1210	10	10	GCF_000005845.2;GCF_000006925.2;GCF_000006945.1;GCF_000009065.1;GCF_000018045.1;GCF_000025565.1;GCF_000069965.1;GCF_000240185.1;GCF_000270125.2;GCF_000762985.1
orthogroup_1211	9	9	GCF_000005845.2;GCF_000006925.2;GCF_000006945.1;GCF_000009065.1;GCF_000018045.1;GCF_000025565.1;GCF_000069965.1;GCF_000240185.1;GCF_000270125.2
orthogroup_1212	9	9	GCF_000005845.2;GCF_000006925.2;GCF_000006945.1;GCF_000009065.1;GCF_000018045.1;GCF_000025565.1;GCF_000069965.1;GCF_000240185.1;GCF_000270125.2
orthogroup_1213	8	8	GCF_000005845.2;GCF_000006925.2;GCF_000006945.1;GCF_000009065.1;GCF_000018045.1;GCF_000025565.1;GCF_000069965.1;GCF_000270125.2
orthogroup_1214	10	10	GCF_000005845.2;GCF_000006925.2;GCF_000006945.1;GCF_000009065.1;GCF_000018045.1;GCF_000025565.1;GCF_000069965.1;GCF_000240185.1;GCF_000270125.2;GCF_000762985.1
orthogroup_1215	8	8	GCF_000005845.2;GCF_000006925.2;GCF_000006945.1;GCF_000018045.1;GCF_000025565.1;GCF_000240185.1;GCF_000270125.2;GCF_000762985.1
orthogroup_1216	9	9	GCF_000005845.2;GCF_000006925.2;GCF_000006945.1;GCF_000009065.1;GCF_000018045.1;GCF_000025565.1;GCF_000069965.1;GCF_000240185.1;GCF_000270125.2
orthogroup_1217	10	10	GCF_000005845.2;GCF_000006925.2;GCF_000006945.1;GCF_000009065.1;GCF_000018045.1;GCF_000025565.1;GCF_000069965.1;GCF_000240185.1;GCF_000270125.2;GCF_000762985.1
orthogroup_1218	10	10	GCF_000005845.2;GCF_000006925.2;GCF_000006945.1;GCF_000009065.1;GCF_000018045.1;GCF_000025565.1;GCF_000069965.1;GCF_000240185.1;GCF_000270125.2;GCF_000762985.1
orthogroup_1219	9	9	GCF_000005845.2;GCF_000006925.2;GCF_000006945.1;GCF_000009065.1;GCF_000018045.1;GCF_000025565.1;GCF_000069965.1;GCF_000240185.1;GCF_000270125.2
orthogroup_1220	10	10	GCF_000005845.2;GCF_000006925.2;GCF_000006945.1;GCF_000009065.1;GCF_000018045.1;GCF_000025565.1;GCF_000069965.1;GCF_000240185.1;GCF_000270125.2;GCF_000762985.1
orthogroup_1221	10	10	GCF_000005845.2;GCF_000006925.2;GCF_000006945.1;GCF_000009065.1;GCF_000018045.1;GCF_000025565.1;GCF_000069965.1;GCF_000240185.1;GCF_000270125.2;GCF_000762985.1
orthogroup_1222	8	8	GCF_000005845.2;GCF_000006925.2;GCF_000006945.1;GCF_000009065.1;GCF_000018045.1;GCF_000025565.1;GCF_000240185.1;GCF_000270125.2
orthogroup_1223	10	10	GCF_000005845.2;GCF_000006925.2;GCF_000006945.1;GCF_000009065.1;GCF_000018045.1;GCF_000025565.1;GCF_000069965.1;GCF_000240185.1;GCF_000270125.2;GCF_000762985.1
orthogroup_1224	10	10	GCF_000005845.2;GCF_000006925.2;GCF_000006945.1;GCF_000009065.1;GCF_000018045.1;GCF_000025565.1;GCF_000069965.1;GCF_000240185.1;GCF_000270125.2;GCF_000762985.1
orthogroup_1225	9	9	GCF_000005845.2;GCF_000006925.2;GCF_000006945.1;GCF_000009065.1;GCF_000018045.1;GCF_000025565.1;GCF_000069965.1;GCF_000240185.1;GCF_000270125.2
orthogroup_1226	9	9	GCF_000005845.2;GCF_000006925.2;GCF_000006945.1;GCF_000009065.1;GCF_000018045.1;GCF_000025565.1;GCF_000069965.1;GCF_000240185.1;GCF_000270125.2
orthogroup_1227	9	9	GCF_000005845.2;GCF_000006925.2;GCF_000006945.1;GCF_000009065.1;GCF_000018045.1;GCF_000025565.1;GCF_000069965.1;GCF_000240185.1;GCF_000270125.2
orthogroup_1228	10	10	GCF_000005845.2;GCF_000006925.2;GCF_000006945.1;GCF_000009065.1;GCF_000018045.1;GCF_000025565.1;GCF_000069965.1;GCF_000240185.1;GCF_000270125.2;GCF_000762985.1
orthogroup_1229	10	10	GCF_000005845.2;GCF_000006925.2;GCF_000006945.1;GCF_000009065.1;GCF_000018045.1;GCF_000025565.1;GCF_000069965.1;GCF_000240185.1;GCF_000270125.2;GCF_000762985.1
orthogroup_1230	9	9	GCF_000005845.2;GCF_000006925.2;GCF_000006945.1;GCF_000009065.1;GCF_000018045.1;GCF_000025565.1;GCF_000069965.1;GCF_000240185.1;GCF_000270125.2
orthogroup_1231	9	9	GCF_000005845.2;GCF_000006925.2;GCF_000006945.1;GCF_000009065.1;GCF_000018045.1;GCF_000025565.1;GCF_000069965.1;GCF_000240185.1;GCF_000270125.2
orthogroup_1232	9	9	GCF_000005845.2;GCF_000006925.2;GCF_000006945.1;GCF_000009065.1;GCF_000018045.1;GCF_000025565.1;GCF_000069965.1;GCF_000240185.1;GCF_000270125.2
orthogroup_1233	9	9	GCF_000005845.2;GCF_000006925.2;GCF_000006945.1;GCF_000009065.1;GCF_000018045.1;GCF_000025565.1;GCF_000069965.1;GCF_000240185.1;GCF_000270125.2
orthogroup_1234	8	8	GCF_000005845.2;GCF_000006925.2;GCF_000006945.1;GCF_000009065.1;GCF_000018045.1;GCF_000025565.1;GCF_000069965.1;GCF_000240185.1
orthogroup_1235	9	9	GCF_000005845.2;GCF_000006925.2;GCF_000006945.1;GCF_000009065.1;GCF_000018045.1;GCF_000025565.1;GCF_000069965.1;GCF_000240185.1;GCF_000270125.2
orthogroup_1236	9	9	GCF_000005845.2;GCF_000006925.2;GCF_000006945.1;GCF_000009065.1;GCF_000018045.1;GCF_000025565.1;GCF_000069965.1;GCF_000240185.1;GCF_000762985.1
orthogroup_1237	9	9	GCF_000005845.2;GCF_000006925.2;GCF_000006945.1;GCF_000009065.1;GCF_000018045.1;GCF_000025565.1;GCF_000069965.1;GCF_000240185.1;GCF_000270125.2
orthogroup_1238	9	9	GCF_000005845.2;GCF_000006925.2;GCF_000006945.1;GCF_000009065.1;GCF_000018045.1;GCF_000025565.1;GCF_000069965.1;GCF_000240185.1;GCF_000270125.2
orthogroup_1239	9	9	GCF_000005845.2;GCF_000006925.2;GCF_000006945.1;GCF_000009065.1;GCF_000018045.1;GCF_000025565.1;GCF_000069965.1;GCF_000240185.1;GCF_000270125.2
orthogroup_1240	9	9	GCF_000005845.2;GCF_000006925.2;GCF_000006945.1;GCF_000009065.1;GCF_000018045.1;GCF_000025565.1;GCF_000069965.1;GCF_000240185.1;GCF_000270125.2
orthogroup_1241	9	9	GCF_000005845.2;GCF_000006925.2;GCF_000006945.1;GCF_000009065.1;GCF_000018045.1;GCF_000025565.1;GCF_000069965.1;GCF_000240185.1;GCF_000270125.2
orthogroup_1242	9	9	GCF_000005845.2;GCF_000006925.2;GCF_000006945.1;GCF_000009065.1;GCF_000018045.1;GCF_000025565.1;GCF_000069965.1;GCF_000240185.1;GCF_000270125.2
orthogroup_1243	8	8	GCF_000005845.2;GCF_000006925.2;GCF_000006945.1;GCF_000009065.1;GCF_000018045.1;GCF_000025565.1;GCF_000240185.1;GCF_000270125.2
orthogroup_1244	9	9	GCF_000005845.2;GCF_000006925.2;GCF_000006945.1;GCF_000009065.1;GCF_000018045.1;GCF_000025565.1;GCF_000069965.1;GCF_000240185.1;GCF_000270125.2
orthogroup_1245	10	10	GCF_000005845.2;GCF_000006925.2;GCF_000006945.1;GCF_000009065.1;GCF_000018045.1;GCF_000025565.1;GCF_000069965.1;GCF_000240185.1;GCF_000270125.2;GCF_000762985.1
orthogroup_1246	9	9	GCF_000005845.2;GCF_000006925.2;GCF_000006945.1;GCF_000009065.1;GCF_000018045.1;GCF_000025565.1;GCF_000069965.1;GCF_000240185.1;GCF_000270125.2
orthogroup_1247	9	9	GCF_000005845.2;GCF_000006925.2;GCF_000006945.1;GCF_000009065.1;GCF_000018045.1;GCF_000025565.1;GCF_000069965.1;GCF_000240185.1;GCF_000270125.2
orthogroup_1248	9	9	GCF_000005845.2;GCF_000006925.2;GCF_000006945.1;GCF_000009065.1;GCF_000018045.1;GCF_000025565.1;GCF_000240185.1;GCF_000270125.2;GCF_000762985.1
orthogroup_1249	10	10	GCF_000005845.2;GCF_000006925.2;GCF_000006945.1;GCF_000009065.1;GCF_000018045.1;GCF_000025565.1;GCF_000069965.1;GCF_000240185.1;GCF_000270125.2;GCF_000762985.1
orthogroup_1250	9	9	GCF_000005845.2;GCF_000006925.2;GCF_000006945.1;GCF_000009065.1;GCF_000018045.1;GCF_000025565.1;GCF_000069965.1;GCF_000240185.1;GCF_000270125.2
orthogroup_1251	9	9	GCF_000005845.2;GCF_000006925.2;GCF_000006945.1;GCF_000009065.1;GCF_000018045.1;GCF_000025565.1;GCF_000069965.1;GCF_000240185.1;GCF_000270125.2
orthogroup_1252	9	9	GCF_000005845.2;GCF_000006925.2;GCF_000006945.1;GCF_000009065.1;GCF_000018045.1;GCF_000025565.1;GCF_000069965.1;GCF_000240185.1;GCF_000270125.2
orthogroup_1253	9	9	GCF_000005845.2;GCF_000006925.2;GCF_000006945.1;GCF_000009065.1;GCF_000018045.1;GCF_000025565.1;GCF_000069965.1;GCF_000240185.1;GCF_000270125.2
orthogroup_1254	10	10	GCF_000005845.2;GCF_000006925.2;GCF_000006945.1;GCF_000009065.1;GCF_000018045.1;GCF_000025565.1;GCF_000069965.1;GCF_000240185.1;GCF_000270125.2;GCF_000762985.1
orthogroup_1255	9	9	GCF_000005845.2;GCF_000006925.2;GCF_000006945.1;GCF_000009065.1;GCF_000018045.1;GCF_000025565.1;GCF_000069965.1;GCF_000240185.1;GCF_000270125.2
orthogroup_1256	8	8	GCF_000005845.2;GCF_000006925.2;GCF_000006945.1;GCF_000009065.1;GCF_000018045.1;GCF_000025565.1;GCF_000240185.1;GCF_000270125.2
orthogroup_1257	9	9	GCF_000005845.2;GCF_000006925.2;GCF_000006945.1;GCF_000009065.1;GCF_000018045.1;GCF_000025565.1;GCF_000069965.1;GCF_000240185.1;GCF_000270125.2
orthogroup_1258	9	9	GCF_000005845.2;GCF_000006925.2;GCF_000006945.1;GCF_000009065.1;GCF_000018045.1;GCF_000025565.1;GCF_000069965.1;GCF_000240185.1;GCF_000270125.2
orthogroup_1259	9	9	GCF_000005845.2;GCF_000006925.2;GCF_000006945.1;GCF_000009065.1;GCF_000018045.1;GCF_000025565.1;GCF_000069965.1;GCF_000240185.1;GCF_000270125.2
orthogroup_1260	8	8	GCF_000005845.2;GCF_000006925.2;GCF_000006945.1;GCF_000009065.1;GCF_000018045.1;GCF_000025565.1;GCF_000240185.1;GCF_000270125.2
orthogroup_1261	9	9	GCF_000005845.2;GCF_000006925.2;GCF_000006945.1;GCF_000009065.1;GCF_000018045.1;GCF_000025565.1;GCF_000069965.1;GCF_000240185.1;GCF_000270125.2
orthogroup_1262	10	10	GCF_000005845.2;GCF_000006925.2;GCF_000006945.1;GCF_000009065.1;GCF_000018045.1;GCF_000025565.1;GCF_000069965.1;GCF_000240185.1;GCF_000270125.2;GCF_000762985.1
orthogroup_1263	9	9	GCF_000005845.2;GCF_000006925.2;GCF_000006945.1;GCF_000009065.1;GCF_000018045.1;GCF_000025565.1;GCF_000069965.1;GCF_000240185.1;GCF_000270125.2
orthogroup_1264	10	10	GCF_000005845.2;GCF_000006925.2;GCF_000006945.1;GCF_000009065.1;GCF_000018045.1;GCF_000025565.1;GCF_000069965.1;GCF_000240185.1;GCF_000270125.2;GCF_000762985.1
orthogroup_1265	9	9	GCF_000005845.2;GCF_000006925.2;GCF_000006945.1;GCF_000009065.1;GCF_000018045.1;GCF_000025565.1;GCF_000069965.1;GCF_000240185.1;GCF_000270125.2
orthogroup_1266	10	10	GCF_000005845.2;GCF_000006925.2;GCF_000006945.1;GCF_000009065.1;GCF_000018045.1;GCF_000025565.1;GCF_000069965.1;GCF_000240185.1;GCF_000270125.2;GCF_000762985.1
orthogroup_1267	9	9	GCF_000005845.2;GCF_000006925.2;GCF_000006945.1;GCF_000009065.1;GCF_000018045.1;GCF_000025565.1;GCF_000069965.1;GCF_000240185.1;GCF_000270125.2
orthogroup_1268	8	8	GCF_000005845.2;GCF_000006925.2;GCF_000006945.1;GCF_000018045.1;GCF_000025565.1;GCF_000240185.1;GCF_000270125.2;GCF_000762985.1
orthogroup_1269	9	9	GCF_000005845.2;GCF_000006925.2;GCF_000006945.1;GCF_000009065.1;GCF_000018045.1;GCF_000025565.1;GCF_000069965.1;GCF_000240185.1;GCF_000270125.2
orthogroup_1270	9	9	GCF_000005845.2;GCF_000006925.2;GCF_000006945.1;GCF_000009065.1;GCF_000018045.1;GCF_000025565.1;GCF_000069965.1;GCF_000240185.1;GCF_000270125.2
orthogroup_1271	10	10	GCF_000005845.2;GCF_000006925.2;GCF_000006945.1;GCF_000009065.1;GCF_000018045.1;GCF_000025565.1;GCF_000069965.1;GCF_000240185.1;GCF_000270125.2;GCF_000762985.1
orthogroup_1272	9	9	GCF_000005845.2;GCF_000006925.2;GCF_000006945.1;GCF_000009065.1;GCF_000018045.1;GCF_000025565.1;GCF_000069965.1;GCF_000240185.1;GCF_000270125.2
orthogroup_1273	9	9	GCF_000005845.2;GCF_000006925.2;GCF_000006945.1;GCF_000009065.1;GCF_000018045.1;GCF_000025565.1;GCF_000069965.1;GCF_000240185.1;GCF_000270125.2
orthogroup_1274	8	8	GCF_000005845.2;GCF_000006925.2;GCF_000006945.1;GCF_000009065.1;GCF_000018045.1;GCF_000025565.1;GCF_000240185.1;GCF_000270125.2
orthogroup_1275	9	9	GCF_000005845.2;GCF_000006925.2;GCF_000006945.1;GCF_000009065.1;GCF_000018045.1;GCF_000025565.1;GCF_000069965.1;GCF_000240185.1;GCF_000270125.2
orthogroup_1276	9	9	GCF_000005845.2;GCF_000006925.2;GCF_000006945.1;GCF_000009065.1;GCF_000018045.1;GCF_000025565.1;GCF_000069965.1;GCF_000240185.1;GCF_000270125.2
orthogroup_1277	9	9	GCF_000005845.2;GCF_000006925.2;GCF_000006945.1;GCF_000009065.1;GCF_000018045.1;GCF_000025565.1;GCF_000069965.1;GCF_000240185.1;GCF_000270125.2
orthogroup_1278	9	9	GCF_000005845.2;GCF_000006925.2;GCF_000006945.1;GCF_000009065.1;GCF_000018045.1;GCF_000025565.1;GCF_000069965.1;GCF_000240185.1;GCF_000270125.2
orthogroup_1279	9	9	GCF_000005845.2;GCF_000006925.2;GCF_000006945.1;GCF_000009065.1;GCF_000018045.1;GCF_000025565.1;GCF_000069965.1;GCF_000240185.1;GCF_000270125.2
orthogroup_1280	9	9	GCF_000005845.2;GCF_000006925.2;GCF_000006945.1;GCF_000009065.1;GCF_000018045.1;GCF_000025565.1;GCF_000069965.1;GCF_000240185.1;GCF_000270125.2
orthogroup_1281	9	9	GCF_000005845.2;GCF_000006925.2;GCF_000006945.1;GCF_000009065.1;GCF_000018045.1;GCF_000025565.1;GCF_000069965.1;GCF_000240185.1;GCF_000270125.2
orthogroup_1282	9	9	GCF_000005845.2;GCF_000006925.2;GCF_000006945.1;GCF_000009065.1;GCF_000018045.1;GCF_000025565.1;GCF_000069965.1;GCF_000240185.1;GCF_000270125.2
orthogroup_1283	10	10	GCF_000005845.2;GCF_000006925.2;GCF_000006945.1;GCF_000009065.1;GCF_000018045.1;GCF_000025565.1;GCF_000069965.1;GCF_000240185.1;GCF_000270125.2;GCF_000762985.1
orthogroup_1284	10	10	GCF_000005845.2;GCF_000006925.2;GCF_000006945.1;GCF_000009065.1;GCF_000018045.1;GCF_000025565.1;GCF_000069965.1;GCF_000240185.1;GCF_000270125.2;GCF_000762985.1
orthogroup_1285	10	10	GCF_000005845.2;GCF_000006925.2;GCF_000006945.1;GCF_000009065.1;GCF_000018045.1;GCF_000025565.1;GCF_000069965.1;GCF_000240185.1;GCF_000270125.2;GCF_000762985.1
orthogroup_1286	10	10	GCF_000005845.2;GCF_000006925.2;GCF_000006945.1;GCF_000009065.1;GCF_000018045.1;GCF_000025565.1;GCF_000069965.1;GCF_000240185.1;GCF_000270125.2;GCF_000762985.1
orthogroup_1287	8	8	GCF_000005845.2;GCF_000006925.2;GCF_000006945.1;GCF_000009065.1;GCF_000018045.1;GCF_000025565.1;GCF_000240185.1;GCF_000270125.2
orthogroup_1288	8	8	GCF_000005845.2;GCF_000006925.2;GCF_000006945.1;GCF_000009065.1;GCF_000018045.1;GCF_000025565.1;GCF_000240185.1;GCF_000270125.2
orthogroup_1289	9	9	GCF_000005845.2;GCF_000006925.2;GCF_000006945.1;GCF_000009065.1;GCF_000018045.1;GCF_000025565.1;GCF_000069965.1;GCF_000240185.1;GCF_000270125.2
orthogroup_1290	8	8	GCF_000005845.2;GCF_000006925.2;GCF_000006945.1;GCF_000018045.1;GCF_000025565.1;GCF_000069965.1;GCF_000240185.1;GCF_000270125.2
orthogroup_1291	10	10	GCF_000005845.2;GCF_000006925.2;GCF_000006945.1;GCF_000009065.1;GCF_000018045.1;GCF_000025565.1;GCF_000069965.1;GCF_000240185.1;GCF_000270125.2;GCF_000762985.1
orthogroup_1292	9	9	GCF_000005845.2;GCF_000006925.2;GCF_000006945.1;GCF_000009065.1;GCF_000018045.1;GCF_000025565.1;GCF_000069965.1;GCF_000240185.1;GCF_000270125.2
orthogroup_1293	9	9	GCF_000005845.2;GCF_000006925.2;GCF_000006945.1;GCF_000009065.1;GCF_000018045.1;GCF_000025565.1;GCF_000069965.1;GCF_000240185.1;GCF_000270125.2
orthogroup_1294	8	8	GCF_000005845.2;GCF_000006925.2;GCF_000006945.1;GCF_000009065.1;GCF_000018045.1;GCF_000025565.1;GCF_000069965.1;GCF_000270125.2
orthogroup_1295	9	9	GCF_000005845.2;GCF_000006925.2;GCF_000006945.1;GCF_000018045.1;GCF_000025565.1;GCF_000069965.1;GCF_000240185.1;GCF_000270125.2;GCF_000762985.1
orthogroup_1296	9	9	GCF_000005845.2;GCF_000006925.2;GCF_000006945.1;GCF_000009065.1;GCF_000018045.1;GCF_000025565.1;GCF_000069965.1;GCF_000240185.1;GCF_000270125.2
orthogroup_1297	8	8	GCF_000005845.2;GCF_000006925.2;GCF_000006945.1;GCF_000009065.1;GCF_000018045.1;GCF_000025565.1;GCF_000240185.1;GCF_000270125.2
orthogroup_1298	8	8	GCF_000005845.2;GCF_000006925.2;GCF_000006945.1;GCF_000009065.1;GCF_000018045.1;GCF_000025565.1;GCF_000069965.1;GCF_000240185.1
orthogroup_1299	9	9	GCF_000005845.2;GCF_000006925.2;GCF_000006945.1;GCF_000009065.1;GCF_000018045.1;GCF_000025565.1;GCF_000069965.1;GCF_000240185.1;GCF_000762985.1
orthogroup_1300	9	9	GCF_000005845.2;GCF_000006925.2;GCF_000006945.1;GCF_000009065.1;GCF_000018045.1;GCF_000025565.1;GCF_000069965.1;GCF_000240185.1;GCF_000270125.2
orthogroup_1301	8	8	GCF_000005845.2;GCF_000006925.2;GCF_000006945.1;GCF_000009065.1;GCF_000018045.1;GCF_000025565.1;GCF_000240185.1;GCF_000270125.2
orthogroup_1302	9	9	GCF_000005845.2;GCF_000006925.2;GCF_000006945.1;GCF_000009065.1;GCF_000018045.1;GCF_000025565.1;GCF_000069965.1;GCF_000240185.1;GCF_000270125.2
orthogroup_1303	9	9	GCF_000005845.2;GCF_000006925.2;GCF_000006945.1;GCF_000009065.1;GCF_000018045.1;GCF_000025565.1;GCF_000069965.1;GCF_000240185.1;GCF_000270125.2
orthogroup_1304	8	8	GCF_000005845.2;GCF_000006925.2;GCF_000006945.1;GCF_000009065.1;GCF_000018045.1;GCF_000025565.1;GCF_000069965.1;GCF_000240185.1
orthogroup_1305	8	8	GCF_000005845.2;GCF_000006925.2;GCF_000006945.1;GCF_000009065.1;GCF_000018045.1;GCF_000025565.1;GCF_000069965.1;GCF_000240185.1
orthogroup_1306	9	9	GCF_000005845.2;GCF_000006925.2;GCF_000006945.1;GCF_000009065.1;GCF_000018045.1;GCF_000025565.1;GCF_000069965.1;GCF_000240185.1;GCF_000270125.2
orthogroup_1307	8	8	GCF_000005845.2;GCF_000006925.2;GCF_000009065.1;GCF_000018045.1;GCF_000025565.1;GCF_000240185.1;GCF_000270125.2;GCF_000762985.1
orthogroup_1308	10	10	GCF_000005845.2;GCF_000006925.2;GCF_000006945.1;GCF_000009065.1;GCF_000018045.1;GCF_000025565.1;GCF_000069965.1;GCF_000240185.1;GCF_000270125.2;GCF_000762985.1
orthogroup_1309	8	8	GCF_000005845.2;GCF_000006925.2;GCF_000006945.1;GCF_000009065.1;GCF_000018045.1;GCF_000025565.1;GCF_000240185.1;GCF_000270125.2
orthogroup_1310	9	9	GCF_000005845.2;GCF_000006925.2;GCF_000006945.1;GCF_000009065.1;GCF_000018045.1;GCF_000025565.1;GCF_000069965.1;GCF_000240185.1;GCF_000270125.2
orthogroup_1311	9	9	GCF_000005845.2;GCF_000006925.2;GCF_000006945.1;GCF_000009065.1;GCF_000018045.1;GCF_000025565.1;GCF_000069965.1;GCF_000240185.1;GCF_000270125.2
orthogroup_1312	10	10	GCF_000005845.2;GCF_000006925.2;GCF_000006945.1;GCF_000009065.1;GCF_000018045.1;GCF_000025565.1;GCF_000069965.1;GCF_000240185.1;GCF_000270125.2;GCF_000762985.1
orthogroup_1313	9	9	GCF_000005845.2;GCF_000006925.2;GCF_000006945.1;GCF_000009065.1;GCF_000018045.1;GCF_000025565.1;GCF_000069965.1;GCF_000240185.1;GCF_000270125.2
orthogroup_1314	8	8	GCF_000005845.2;GCF_000006925.2;GCF_000006945.1;GCF_000009065.1;GCF_000018045.1;GCF_000025565.1;GCF_000069965.1;GCF_000240185.1
orthogroup_1315	9	9	GCF_000005845.2;GCF_000006925.2;GCF_000006945.1;GCF_000009065.1;GCF_000018045.1;GCF_000025565.1;GCF_000069965.1;GCF_000240185.1;GCF_000270125.2
orthogroup_1316	10	10	GCF_000005845.2;GCF_000006925.2;GCF_000006945.1;GCF_000009065.1;GCF_000018045.1;GCF_000025565.1;GCF_000069965.1;GCF_000240185.1;GCF_000270125.2;GCF_000762985.1
orthogroup_1317	9	9	GCF_000005845.2;GCF_000006925.2;GCF_000006945.1;GCF_000009065.1;GCF_000018045.1;GCF_000025565.1;GCF_000069965.1;GCF_000240185.1;GCF_000270125.2
orthogroup_1318	8	8	GCF_000005845.2;GCF_000006925.2;GCF_000006945.1;GCF_000009065.1;GCF_000018045.1;GCF_000025565.1;GCF_000240185.1;GCF_000270125.2
orthogroup_1319	9	9	GCF_000005845.2;GCF_000006925.2;GCF_000006945.1;GCF_000009065.1;GCF_000018045.1;GCF_000025565.1;GCF_000069965.1;GCF_000270125.2;GCF_000762985.1
orthogroup_1320	9	9	GCF_000005845.2;GCF_000006925.2;GCF_000006945.1;GCF_000009065.1;GCF_000018045.1;GCF_000025565.1;GCF_000069965.1;GCF_000240185.1;GCF_000270125.2
orthogroup_1321	9	9	GCF_000005845.2;GCF_000006925.2;GCF_000006945.1;GCF_000009065.1;GCF_000018045.1;GCF_000025565.1;GCF_000069965.1;GCF_000270125.2;GCF_000762985.1
orthogroup_1322	9	9	GCF_000005845.2;GCF_000006925.2;GCF_000006945.1;GCF_000009065.1;GCF_000018045.1;GCF_000025565.1;GCF_000069965.1;GCF_000240185.1;GCF_000270125.2
orthogroup_1323	10	10	GCF_000005845.2;GCF_000006925.2;GCF_000006945.1;GCF_000009065.1;GCF_000018045.1;GCF_000025565.1;GCF_000069965.1;GCF_000240185.1;GCF_000270125.2;GCF_000762985.1
orthogroup_1324	10	10	GCF_000005845.2;GCF_000006925.2;GCF_000006945.1;GCF_000009065.1;GCF_000018045.1;GCF_000025565.1;GCF_000069965.1;GCF_000240185.1;GCF_000270125.2;GCF_000762985.1
orthogroup_1325	9	9	GCF_000005845.2;GCF_000006925.2;GCF_000006945.1;GCF_000009065.1;GCF_000018045.1;GCF_000025565.1;GCF_000069965.1;GCF_000240185.1;GCF_000270125.2
orthogroup_1326	10	10	GCF_000005845.2;GCF_000006925.2;GCF_000006945.1;GCF_000009065.1;GCF_000018045.1;GCF_000025565.1;GCF_000069965.1;GCF_000240185.1;GCF_000270125.2;GCF_000762985.1
orthogroup_1327	9	9	GCF_000005845.2;GCF_000006925.2;GCF_000006945.1;GCF_000009065.1;GCF_000018045.1;GCF_000025565.1;GCF_000069965.1;GCF_000240185.1;GCF_000270125.2
orthogroup_1328	10	10	GCF_000005845.2;GCF_000006925.2;GCF_000006945.1;GCF_000009065.1;GCF_000018045.1;GCF_000025565.1;GCF_000069965.1;GCF_000240185.1;GCF_000270125.2;GCF_000762985.1
orthogroup_1329	9	9	GCF_000005845.2;GCF_000006925.2;GCF_000006945.1;GCF_000009065.1;GCF_000018045.1;GCF_000025565.1;GCF_000069965.1;GCF_000240185.1;GCF_000270125.2
orthogroup_1330	9	9	GCF_000005845.2;GCF_000006925.2;GCF_000006945.1;GCF_000009065.1;GCF_000018045.1;GCF_000025565.1;GCF_000069965.1;GCF_000240185.1;GCF_000270125.2
orthogroup_1331	9	9	GCF_000005845.2;GCF_000006925.2;GCF_000006945.1;GCF_000009065.1;GCF_000018045.1;GCF_000025565.1;GCF_000069965.1;GCF_000240185.1;GCF_000270125.2
orthogroup_1332	10	10	GCF_000005845.2;GCF_000006925.2;GCF_000006945.1;GCF_000009065.1;GCF_000018045.1;GCF_000025565.1;GCF_000069965.1;GCF_000240185.1;GCF_000270125.2;GCF_000762985.1
orthogroup_1333	10	10	GCF_000005845.2;GCF_000006925.2;GCF_000006945.1;GCF_000009065.1;GCF_000018045.1;GCF_000025565.1;GCF_000069965.1;GCF_000240185.1;GCF_000270125.2;GCF_000762985.1
orthogroup_1334	10	10	GCF_000005845.2;GCF_000006925.2;GCF_000006945.1;GCF_000009065.1;GCF_000018045.1;GCF_000025565.1;GCF_000069965.1;GCF_000240185.1;GCF_000270125.2;GCF_000762985.1
orthogroup_1335	9	9	GCF_000005845.2;GCF_000006925.2;GCF_000006945.1;GCF_000009065.1;GCF_000018045.1;GCF_000025565.1;GCF_000069965.1;GCF_000240185.1;GCF_000270125.2
orthogroup_1336	8	8	GCF_000005845.2;GCF_000006925.2;GCF_000006945.1;GCF_000009065.1;GCF_000018045.1;GCF_000025565.1;GCF_000069965.1;GCF_000270125.2
orthogroup_1337	10	10	GCF_000005845.2;GCF_000006925.2;GCF_000006945.1;GCF_000009065.1;GCF_000018045.1;GCF_000025565.1;GCF_000069965.1;GCF_000240185.1;GCF_000270125.2;GCF_000762985.1
orthogroup_1338	10	10	GCF_000005845.2;GCF_000006925.2;GCF_000006945.1;GCF_000009065.1;GCF_000018045.1;GCF_000025565.1;GCF_000069965.1;GCF_000240185.1;GCF_000270125.2;GCF_000762985.1
orthogroup_1339	9	9	GCF_000005845.2;GCF_000006925.2;GCF_000006945.1;GCF_000009065.1;GCF_000018045.1;GCF_000025565.1;GCF_000069965.1;GCF_000240185.1;GCF_000270125.2
orthogroup_1340	9	9	GCF_000005845.2;GCF_000006925.2;GCF_000006945.1;GCF_000009065.1;GCF_000018045.1;GCF_000025565.1;GCF_000069965.1;GCF_000240185.1;GCF_000762985.1
orthogroup_1341	9	9	GCF_000005845.2;GCF_000006925.2;GCF_000006945.1;GCF_000009065.1;GCF_000018045.1;GCF_000025565.1;GCF_000069965.1;GCF_000240185.1;GCF_000270125.2
orthogroup_1342	8	8	GCF_000005845.2;GCF_000006925.2;GCF_000006945.1;GCF_000009065.1;GCF_000018045.1;GCF_000025565.1;GCF_000240185.1;GCF_000270125.2
orthogroup_1343	9	9	GCF_000005845.2;GCF_000006925.2;GCF_000006945.1;GCF_000009065.1;GCF_000018045.1;GCF_000025565.1;GCF_000069965.1;GCF_000240185.1;GCF_000270125.2
orthogroup_1344	9	9	GCF_000005845.2;GCF_000006925.2;GCF_000006945.1;GCF_000009065.1;GCF_000018045.1;GCF_000025565.1;GCF_000069965.1;GCF_000240185.1;GCF_000270125.2
orthogroup_1345	8	8	GCF_000005845.2;GCF_000006925.2;GCF_000006945.1;GCF_000018045.1;GCF_000025565.1;GCF_000069965.1;GCF_000240185.1;GCF_000270125.2
orthogroup_1346	9	9	GCF_000005845.2;GCF_000006925.2;GCF_000006945.1;GCF_000009065.1;GCF_000018045.1;GCF_000025565.1;GCF_000069965.1;GCF_000240185.1;GCF_000270125.2
orthogroup_1347	8	8	GCF_000005845.2;GCF_000006925.2;GCF_000006945.1;GCF_000018045.1;GCF_000025565.1;GCF_000240185.1;GCF_000270125.2;GCF_000762985.1
orthogroup_1348	9	9	GCF_000005845.2;GCF_000006925.2;GCF_000006945.1;GCF_000009065.1;GCF_000018045.1;GCF_000025565.1;GCF_000069965.1;GCF_000240185.1;GCF_000270125.2
orthogroup_1349	10	10	GCF_000005845.2;GCF_000006925.2;GCF_000006945.1;GCF_000009065.1;GCF_000018045.1;GCF_000025565.1;GCF_000069965.1;GCF_000240185.1;GCF_000270125.2;GCF_000762985.1
orthogroup_1350	10	10	GCF_000005845.2;GCF_000006925.2;GCF_000006945.1;GCF_000009065.1;GCF_000018045.1;GCF_000025565.1;GCF_000069965.1;GCF_000240185.1;GCF_000270125.2;GCF_000762985.1
orthogroup_1351	9	9	GCF_000005845.2;GCF_000006925.2;GCF_000006945.1;GCF_000009065.1;GCF_000018045.1;GCF_000025565.1;GCF_000069965.1;GCF_000240185.1;GCF_000270125.2
orthogroup_1352	9	9	GCF_000005845.2;GCF_000006925.2;GCF_000006945.1;GCF_000009065.1;GCF_000018045.1;GCF_000025565.1;GCF_000069965.1;GCF_000240185.1;GCF_000270125.2
orthogroup_1353	9	9	GCF_000005845.2;GCF_000006925.2;GCF_000006945.1;GCF_000009065.1;GCF_000018045.1;GCF_000025565.1;GCF_000069965.1;GCF_000240185.1;GCF_000270125.2
orthogroup_1354	8	8	GCF_000005845.2;GCF_000006925.2;GCF_000006945.1;GCF_000009065.1;GCF_000018045.1;GCF_000025565.1;GCF_000069965.1;GCF_000240185.1
orthogroup_1355	9	9	GCF_000005845.2;GCF_000006925.2;GCF_000006945.1;GCF_000009065.1;GCF_000018045.1;GCF_000025565.1;GCF_000069965.1;GCF_000240185.1;GCF_000270125.2
orthogroup_1356	9	9	GCF_000005845.2;GCF_000006925.2;GCF_000006945.1;GCF_000009065.1;GCF_000018045.1;GCF_000025565.1;GCF_000069965.1;GCF_000240185.1;GCF_000270125.2
orthogroup_1357	10	10	GCF_000005845.2;GCF_000006925.2;GCF_000006945.1;GCF_000009065.1;GCF_000018045.1;GCF_000025565.1;GCF_000069965.1;GCF_000240185.1;GCF_000270125.2;GCF_000762985.1
orthogroup_1358	10	10	GCF_000005845.2;GCF_000006925.2;GCF_000006945.1;GCF_000009065.1;GCF_000018045.1;GCF_000025565.1;GCF_000069965.1;GCF_000240185.1;GCF_000270125.2;GCF_000762985.1
orthogroup_1359	10	10	GCF_000005845.2;GCF_000006925.2;GCF_000006945.1;GCF_000009065.1;GCF_000018045.1;GCF_000025565.1;GCF_000069965.1;GCF_000240185.1;GCF_000270125.2;GCF_000762985.1
orthogroup_1360	10	10	GCF_000005845.2;GCF_000006925.2;GCF_000006945.1;GCF_000009065.1;GCF_000018045.1;GCF_000025565.1;GCF_000069965.1;GCF_000240185.1;GCF_000270125.2;GCF_000762985.1
orthogroup_1361	9	9	GCF_000005845.2;GCF_000006925.2;GCF_000006945.1;GCF_000009065.1;GCF_000018045.1;GCF_000025565.1;GCF_000069965.1;GCF_000240185.1;GCF_000270125.2
orthogroup_1362	9	9	GCF_000005845.2;GCF_000006925.2;GCF_000006945.1;GCF_000009065.1;GCF_000018045.1;GCF_000025565.1;GCF_000069965.1;GCF_000240185.1;GCF_000270125.2
orthogroup_1363	9	9	GCF_000005845.2;GCF_000006925.2;GCF_000006945.1;GCF_000009065.1;GCF_000018045.1;GCF_000025565.1;GCF_000069965.1;GCF_000240185.1;GCF_000270125.2
orthogroup_1364	8	8	GCF_000005845.2;GCF_000006925.2;GCF_000006945.1;GCF_000009065.1;GCF_000018045.1;GCF_000025565.1;GCF_000069965.1;GCF_000240185.1
orthogroup_1365	10	10	GCF_000005845.2;GCF_000006925.2;GCF_000006945.1;GCF_000009065.1;GCF_000018045.1;GCF_000025565.1;GCF_000069965.1;GCF_000240185.1;GCF_000270125.2;GCF_000762985.1
orthogroup_1366	10	10	GCF_000005845.2;GCF_000006925.2;GCF_000006945.1;GCF_000009065.1;GCF_000018045.1;GCF_000025565.1;GCF_000069965.1;GCF_000240185.1;GCF_000270125.2;GCF_000762985.1
orthogroup_1367	9	9	GCF_000005845.2;GCF_000006925.2;GCF_000006945.1;GCF_000009065.1;GCF_000018045.1;GCF_000025565.1;GCF_000240185.1;GCF_000270125.2;GCF_000762985.1
orthogroup_1368	10	10	GCF_000005845.2;GCF_000006925.2;GCF_000006945.1;GCF_000009065.1;GCF_000018045.1;GCF_000025565.1;GCF_000069965.1;GCF_000240185.1;GCF_000270125.2;GCF_000762985.1
orthogroup_1369	9	9	GCF_000005845.2;GCF_000006925.2;GCF_000006945.1;GCF_000009065.1;GCF_000018045.1;GCF_000025565.1;GCF_000069965.1;GCF_000240185.1;GCF_000270125.2
orthogroup_1370	8	8	GCF_000005845.2;GCF_000006925.2;GCF_000006945.1;GCF_000009065.1;GCF_000018045.1;GCF_000025565.1;GCF_000240185.1;GCF_000270125.2
orthogroup_1371	9	9	GCF_000005845.2;GCF_000006925.2;GCF_000006945.1;GCF_000009065.1;GCF_000018045.1;GCF_000025565.1;GCF_000069965.1;GCF_000240185.1;GCF_000270125.2
orthogroup_1372	9	9	GCF_000005845.2;GCF_000006925.2;GCF_000006945.1;GCF_000009065.1;GCF_000018045.1;GCF_000025565.1;GCF_000069965.1;GCF_000240185.1;GCF_000270125.2
orthogroup_1373	10	10	GCF_000005845.2;GCF_000006925.2;GCF_000006945.1;GCF_000009065.1;GCF_000018045.1;GCF_000025565.1;GCF_000069965.1;GCF_000240185.1;GCF_000270125.2;GCF_000762985.1
orthogroup_1374	10	10	GCF_000005845.2;GCF_000006925.2;GCF_000006945.1;GCF_000009065.1;GCF_000018045.1;GCF_000025565.1;GCF_000069965.1;GCF_000240185.1;GCF_000270125.2;GCF_000762985.1
orthogroup_1375	9	9	GCF_000005845.2;GCF_000006925.2;GCF_000006945.1;GCF_000009065.1;GCF_000018045.1;GCF_000025565.1;GCF_000069965.1;GCF_000240185.1;GCF_000270125.2
orthogroup_1376	9	9	GCF_000005845.2;GCF_000006925.2;GCF_000006945.1;GCF_000009065.1;GCF_000018045.1;GCF_000025565.1;GCF_000069965.1;GCF_000240185.1;GCF_000270125.2
orthogroup_1377	10	10	GCF_000005845.2;GCF_000006925.2;GCF_000006945.1;GCF_000009065.1;GCF_000018045.1;GCF_000025565.1;GCF_000069965.1;GCF_000240185.1;GCF_000270125.2;GCF_000762985.1
orthogroup_1378	9	9	GCF_000005845.2;GCF_000006925.2;GCF_000006945.1;GCF_000009065.1;GCF_000018045.1;GCF_000025565.1;GCF_000069965.1;GCF_000240185.1;GCF_000270125.2
orthogroup_1379	10	10	GCF_000005845.2;GCF_000006925.2;GCF_000006945.1;GCF_000009065.1;GCF_000018045.1;GCF_000025565.1;GCF_000069965.1;GCF_000240185.1;GCF_000270125.2;GCF_000762985.1
orthogroup_1380	8	8	GCF_000005845.2;GCF_000006925.2;GCF_000006945.1;GCF_000009065.1;GCF_000018045.1;GCF_000025565.1;GCF_000240185.1;GCF_000270125.2
orthogroup_1381	9	9	GCF_000005845.2;GCF_000006925.2;GCF_000006945.1;GCF_000009065.1;GCF_000018045.1;GCF_000025565.1;GCF_000069965.1;GCF_000240185.1;GCF_000270125.2
orthogroup_1382	9	9	GCF_000005845.2;GCF_000006925.2;GCF_000006945.1;GCF_000009065.1;GCF_000018045.1;GCF_000025565.1;GCF_000069965.1;GCF_000240185.1;GCF_000270125.2
orthogroup_1383	8	8	GCF_000005845.2;GCF_000006925.2;GCF_000006945.1;GCF_000018045.1;GCF_000025565.1;GCF_000069965.1;GCF_000240185.1;GCF_000270125.2
orthogroup_1384	10	10	GCF_000005845.2;GCF_000006925.2;GCF_000006945.1;GCF_000009065.1;GCF_000018045.1;GCF_000025565.1;GCF_000069965.1;GCF_000240185.1;GCF_000270125.2;GCF_000762985.1
orthogroup_1385	9	9	GCF_000005845.2;GCF_000006925.2;GCF_000006945.1;GCF_000009065.1;GCF_000018045.1;GCF_000025565.1;GCF_000069965.1;GCF_000240185.1;GCF_000270125.2
orthogroup_1386	9	9	GCF_000005845.2;GCF_000006925.2;GCF_000006945.1;GCF_000009065.1;GCF_000018045.1;GCF_000025565.1;GCF_000069965.1;GCF_000240185.1;GCF_000270125.2
orthogroup_1387	9	9	GCF_000005845.2;GCF_000006925.2;GCF_000006945.1;GCF_000009065.1;GCF_000018045.1;GCF_000025565.1;GCF_000069965.1;GCF_000240185.1;GCF_000270125.2
orthogroup_1388	10	10	GCF_000005845.2;GCF_000006925.2;GCF_000006945.1;GCF_000009065.1;GCF_000018045.1;GCF_000025565.1;GCF_000069965.1;GCF_000240185.1;GCF_000270125.2;GCF_000762985.1
orthogroup_1389	9	9	GCF_000005845.2;GCF_000006925.2;GCF_000006945.1;GCF_000009065.1;GCF_000018045.1;GCF_000025565.1;GCF_000069965.1;GCF_000240185.1;GCF_000270125.2
orthogroup_1390	9	9	GCF_000005845.2;GCF_000006925.2;GCF_000006945.1;GCF_000009065.1;GCF_000018045.1;GCF_000025565.1;GCF_000069965.1;GCF_000240185.1;GCF_000270125.2
orthogroup_1391	10	10	GCF_000005845.2;GCF_000006925.2;GCF_000006945.1;GCF_000009065.1;GCF_000018045.1;GCF_000025565.1;GCF_000069965.1;GCF_000240185.1;GCF_000270125.2;GCF_000762985.1
orthogroup_1392	9	9	GCF_000005845.2;GCF_000006925.2;GCF_000006945.1;GCF_000009065.1;GCF_000018045.1;GCF_000025565.1;GCF_000069965.1;GCF_000240185.1;GCF_000270125.2
orthogroup_1393	10	10	GCF_000005845.2;GCF_000006925.2;GCF_000006945.1;GCF_000009065.1;GCF_000018045.1;GCF_000025565.1;GCF_000069965.1;GCF_000240185.1;GCF_000270125.2;GCF_000762985.1
orthogroup_1394	9	9	GCF_000005845.2;GCF_000006925.2;GCF_000006945.1;GCF_000009065.1;GCF_000018045.1;GCF_000025565.1;GCF_000069965.1;GCF_000240185.1;GCF_000270125.2
orthogroup_1395	9	9	GCF_000005845.2;GCF_000006925.2;GCF_000006945.1;GCF_000009065.1;GCF_000018045.1;GCF_000025565.1;GCF_000069965.1;GCF_000240185.1;GCF_000270125.2
orthogroup_1396	10	10	GCF_000005845.2;GCF_000006925.2;GCF_000006945.1;GCF_000009065.1;GCF_000018045.1;GCF_000025565.1;GCF_000069965.1;GCF_000240185.1;GCF_000270125.2;GCF_000762985.1
orthogroup_1397	9	9	GCF_000005845.2;GCF_000006925.2;GCF_000006945.1;GCF_000009065.1;GCF_000018045.1;GCF_000025565.1;GCF_000069965.1;GCF_000240185.1;GCF_000270125.2
orthogroup_1398	9	9	GCF_000005845.2;GCF_000006925.2;GCF_000006945.1;GCF_000009065.1;GCF_000018045.1;GCF_000025565.1;GCF_000069965.1;GCF_000240185.1;GCF_000270125.2
orthogroup_1399	10	10	GCF_000005845.2;GCF_000006925.2;GCF_000006945.1;GCF_000009065.1;GCF_000018045.1;GCF_000025565.1;GCF_000069965.1;GCF_000240185.1;GCF_000270125.2;GCF_000762985.1
orthogroup_1400	8	8	GCF_000005845.2;GCF_000006925.2;GCF_000006945.1;GCF_000018045.1;GCF_000025565.1;GCF_000069965.1;GCF_000240185.1;GCF_000270125.2
orthogroup_1401	10	10	GCF_000005845.2;GCF_000006925.2;GCF_000006945.1;GCF_000009065.1;GCF_000018045.1;GCF_000025565.1;GCF_000069965.1;GCF_000240185.1;GCF_000270125.2;GCF_000762985.1
orthogroup_1402	9	9	GCF_000005845.2;GCF_000006925.2;GCF_000006945.1;GCF_000009065.1;GCF_000018045.1;GCF_000025565.1;GCF_000069965.1;GCF_000240185.1;GCF_000270125.2
orthogroup_1403	8	8	GCF_000005845.2;GCF_000006925.2;GCF_000006945.1;GCF_000018045.1;GCF_000025565.1;GCF_000069965.1;GCF_000240185.1;GCF_000270125.2
orthogroup_1404	8	8	GCF_000005845.2;GCF_000006925.2;GCF_000006945.1;GCF_000009065.1;GCF_000018045.1;GCF_000025565.1;GCF_000240185.1;GCF_000270125.2
orthogroup_1405	9	9	GCF_000005845.2;GCF_000006925.2;GCF_000006945.1;GCF_000009065.1;GCF_000018045.1;GCF_000025565.1;GCF_000069965.1;GCF_000240185.1;GCF_000270125.2
orthogroup_1406	9	9	GCF_000005845.2;GCF_000006925.2;GCF_000006945.1;GCF_000009065.1;GCF_000018045.1;GCF_000025565.1;GCF_000069965.1;GCF_000240185.1;GCF_000270125.2
orthogroup_1407	9	9	GCF_000005845.2;GCF_000006925.2;GCF_000006945.1;GCF_000009065.1;GCF_000018045.1;GCF_000025565.1;GCF_000069965.1;GCF_000240185.1;GCF_000270125.2
orthogroup_1408	9	9	GCF_000005845.2;GCF_000006925.2;GCF_000006945.1;GCF_000009065.1;GCF_000018045.1;GCF_000025565.1;GCF_000069965.1;GCF_000240185.1;GCF_000270125.2
orthogroup_1409	9	9	GCF_000005845.2;GCF_000006925.2;GCF_000006945.1;GCF_000009065.1;GCF_000018045.1;GCF_000025565.1;GCF_000069965.1;GCF_000240185.1;GCF_000270125.2
orthogroup_1410	9	9	GCF_000005845.2;GCF_000006925.2;GCF_000006945.1;GCF_000009065.1;GCF_000018045.1;GCF_000025565.1;GCF_000069965.1;GCF_000240185.1;GCF_000270125.2
orthogroup_1411	10	10	GCF_000005845.2;GCF_000006925.2;GCF_000006945.1;GCF_000009065.1;GCF_000018045.1;GCF_000025565.1;GCF_000069965.1;GCF_000240185.1;GCF_000270125.2;GCF_000762985.1
orthogroup_1412	9	9	GCF_000005845.2;GCF_000006925.2;GCF_000006945.1;GCF_000009065.1;GCF_000018045.1;GCF_000025565.1;GCF_000069965.1;GCF_000240185.1;GCF_000270125.2
orthogroup_1413	8	8	GCF_000005845.2;GCF_000006925.2;GCF_000006945.1;GCF_000009065.1;GCF_000018045.1;GCF_000025565.1;GCF_000240185.1;GCF_000270125.2
orthogroup_1414	9	9	GCF_000005845.2;GCF_000006925.2;GCF_000006945.1;GCF_000009065.1;GCF_000018045.1;GCF_000025565.1;GCF_000240185.1;GCF_000270125.2;GCF_000762985.1
orthogroup_1415	10	10	GCF_000005845.2;GCF_000006925.2;GCF_000006945.1;GCF_000009065.1;GCF_000018045.1;GCF_000025565.1;GCF_000069965.1;GCF_000240185.1;GCF_000270125.2;GCF_000762985.1
orthogroup_1416	9	9	GCF_000005845.2;GCF_000006925.2;GCF_000006945.1;GCF_000009065.1;GCF_000018045.1;GCF_000025565.1;GCF_000069965.1;GCF_000240185.1;GCF_000270125.2
orthogroup_1417	10	10	GCF_000005845.2;GCF_000006925.2;GCF_000006945.1;GCF_000009065.1;GCF_000018045.1;GCF_000025565.1;GCF_000069965.1;GCF_000240185.1;GCF_000270125.2;GCF_000762985.1
orthogroup_1418	10	10	GCF_000005845.2;GCF_000006925.2;GCF_000006945.1;GCF_000009065.1;GCF_000018045.1;GCF_000025565.1;GCF_000069965.1;GCF_000240185.1;GCF_000270125.2;GCF_000762985.1
orthogroup_1419	10	10	GCF_000005845.2;GCF_000006925.2;GCF_000006945.1;GCF_000009065.1;GCF_000018045.1;GCF_000025565.1;GCF_000069965.1;GCF_000240185.1;GCF_000270125.2;GCF_000762985.1
orthogroup_1420	10	10	GCF_000005845.2;GCF_000006925.2;GCF_000006945.1;GCF_000009065.1;GCF_000018045.1;GCF_000025565.1;GCF_000069965.1;GCF_000240185.1;GCF_000270125.2;GCF_000762985.1
orthogroup_1421	8	8	GCF_000005845.2;GCF_000006925.2;GCF_000006945.1;GCF_000009065.1;GCF_000018045.1;GCF_000025565.1;GCF_000069965.1;GCF_000240185.1
orthogroup_1422	9	9	GCF_000005845.2;GCF_000006925.2;GCF_000006945.1;GCF_000009065.1;GCF_000018045.1;GCF_000025565.1;GCF_000069965.1;GCF_000240185.1;GCF_000270125.2
orthogroup_1423	9	9	GCF_000005845.2;GCF_000006925.2;GCF_000006945.1;GCF_000009065.1;GCF_000018045.1;GCF_000025565.1;GCF_000069965.1;GCF_000240185.1;GCF_000270125.2
orthogroup_1424	8	8	GCF_000005845.2;GCF_000006925.2;GCF_000006945.1;GCF_000018045.1;GCF_000025565.1;GCF_000069965.1;GCF_000240185.1;GCF_000270125.2
orthogroup_1425	10	10	GCF_000005845.2;GCF_000006925.2;GCF_000006945.1;GCF_000009065.1;GCF_000018045.1;GCF_000025565.1;GCF_000069965.1;GCF_000240185.1;GCF_000270125.2;GCF_000762985.1
orthogroup_1426	9	9	GCF_000005845.2;GCF_000006925.2;GCF_000006945.1;GCF_000009065.1;GCF_000018045.1;GCF_000025565.1;GCF_000069965.1;GCF_000240185.1;GCF_000270125.2
orthogroup_1427	9	9	GCF_000005845.2;GCF_000006925.2;GCF_000006945.1;GCF_000009065.1;GCF_000018045.1;GCF_000025565.1;GCF_000069965.1;GCF_000240185.1;GCF_000270125.2
orthogroup_1428	9	9	GCF_000005845.2;GCF_000006925.2;GCF_000006945.1;GCF_000009065.1;GCF_000018045.1;GCF_000025565.1;GCF_000069965.1;GCF_000240185.1;GCF_000270125.2
orthogroup_1429	9	9	GCF_000005845.2;GCF_000006925.2;GCF_000006945.1;GCF_000009065.1;GCF_000018045.1;GCF_000025565.1;GCF_000069965.1;GCF_000240185.1;GCF_000270125.2
orthogroup_1430	9	9	GCF_000005845.2;GCF_000006925.2;GCF_000006945.1;GCF_000009065.1;GCF_000018045.1;GCF_000025565.1;GCF_000069965.1;GCF_000240185.1;GCF_000270125.2
orthogroup_1431	10	10	GCF_000005845.2;GCF_000006925.2;GCF_000006945.1;GCF_000009065.1;GCF_000018045.1;GCF_000025565.1;GCF_000069965.1;GCF_000240185.1;GCF_000270125.2;GCF_000762985.1
orthogroup_1432	9	9	GCF_000005845.2;GCF_000006925.2;GCF_000006945.1;GCF_000009065.1;GCF_000018045.1;GCF_000025565.1;GCF_000069965.1;GCF_000240185.1;GCF_000270125.2
orthogroup_1433	10	10	GCF_000005845.2;GCF_000006925.2;GCF_000006945.1;GCF_000009065.1;GCF_000018045.1;GCF_000025565.1;GCF_000069965.1;GCF_000240185.1;GCF_000270125.2;GCF_000762985.1
orthogroup_1434	9	9	GCF_000005845.2;GCF_000006925.2;GCF_000006945.1;GCF_000009065.1;GCF_000018045.1;GCF_000025565.1;GCF_000069965.1;GCF_000240185.1;GCF_000270125.2
orthogroup_1435	8	8	GCF_000005845.2;GCF_000006925.2;GCF_000006945.1;GCF_000009065.1;GCF_000018045.1;GCF_000025565.1;GCF_000240185.1;GCF_000270125.2
orthogroup_1436	8	8	GCF_000005845.2;GCF_000006925.2;GCF_000006945.1;GCF_000009065.1;GCF_000018045.1;GCF_000025565.1;GCF_000069965.1;GCF_000240185.1
orthogroup_1437	9	9	GCF_000005845.2;GCF_000006925.2;GCF_000006945.1;GCF_000009065.1;GCF_000018045.1;GCF_000025565.1;GCF_000069965.1;GCF_000240185.1;GCF_000762985.1
orthogroup_1438	9	9	GCF_000005845.2;GCF_000006925.2;GCF_000006945.1;GCF_000009065.1;GCF_000018045.1;GCF_000025565.1;GCF_000069965.1;GCF_000240185.1;GCF_000270125.2
orthogroup_1439	9	9	GCF_000005845.2;GCF_000006925.2;GCF_000006945.1;GCF_000009065.1;GCF_000018045.1;GCF_000025565.1;GCF_000069965.1;GCF_000240185.1;GCF_000270125.2
orthogroup_1440	10	10	GCF_000005845.2;GCF_000006925.2;GCF_000006945.1;GCF_000009065.1;GCF_000018045.1;GCF_000025565.1;GCF_000069965.1;GCF_000240185.1;GCF_000270125.2;GCF_000762985.1
orthogroup_1441	8	8	GCF_000005845.2;GCF_000006925.2;GCF_000006945.1;GCF_000009065.1;GCF_000018045.1;GCF_000025565.1;GCF_000069965.1;GCF_000270125.2
orthogroup_1442	9	9	GCF_000005845.2;GCF_000006925.2;GCF_000006945.1;GCF_000009065.1;GCF_000018045.1;GCF_000025565.1;GCF_000069965.1;GCF_000240185.1;GCF_000270125.2
orthogroup_1443	9	9	GCF_000005845.2;GCF_000006925.2;GCF_000006945.1;GCF_000009065.1;GCF_000018045.1;GCF_000025565.1;GCF_000240185.1;GCF_000270125.2;GCF_000762985.1
orthogroup_1444	9	9	GCF_000005845.2;GCF_000006925.2;GCF_000006945.1;GCF_000009065.1;GCF_000018045.1;GCF_000025565.1;GCF_000069965.1;GCF_000240185.1;GCF_000270125.2
orthogroup_1445	9	9	GCF_000005845.2;GCF_000006925.2;GCF_000006945.1;GCF_000009065.1;GCF_000018045.1;GCF_000025565.1;GCF_000069965.1;GCF_000240185.1;GCF_000270125.2
orthogroup_1446	9	9	GCF_000005845.2;GCF_000006925.2;GCF_000006945.1;GCF_000009065.1;GCF_000018045.1;GCF_000025565.1;GCF_000069965.1;GCF_000240185.1;GCF_000270125.2
orthogroup_1447	9	9	GCF_000005845.2;GCF_000006925.2;GCF_000006945.1;GCF_000009065.1;GCF_000018045.1;GCF_000025565.1;GCF_000069965.1;GCF_000240185.1;GCF_000270125.2
orthogroup_1448	10	10	GCF_000005845.2;GCF_000006925.2;GCF_000006945.1;GCF_000009065.1;GCF_000018045.1;GCF_000025565.1;GCF_000069965.1;GCF_000240185.1;GCF_000270125.2;GCF_000762985.1
orthogroup_1449	9	9	GCF_000005845.2;GCF_000006925.2;GCF_000006945.1;GCF_000009065.1;GCF_000018045.1;GCF_000025565.1;GCF_000240185.1;GCF_000270125.2;GCF_000762985.1
orthogroup_1450	10	10	GCF_000005845.2;GCF_000006925.2;GCF_000006945.1;GCF_000009065.1;GCF_000018045.1;GCF_000025565.1;GCF_000069965.1;GCF_000240185.1;GCF_000270125.2;GCF_000762985.1
orthogroup_1451	8	8	GCF_000005845.2;GCF_000006925.2;GCF_000006945.1;GCF_000009065.1;GCF_000018045.1;GCF_000025565.1;GCF_000069965.1;GCF_000240185.1
orthogroup_1452	10	10	GCF_000005845.2;GCF_000006925.2;GCF_000006945.1;GCF_000009065.1;GCF_000018045.1;GCF_000025565.1;GCF_000069965.1;GCF_000240185.1;GCF_000270125.2;GCF_000762985.1
orthogroup_1453	8	8	GCF_000005845.2;GCF_000006925.2;GCF_000006945.1;GCF_000009065.1;GCF_000018045.1;GCF_000025565.1;GCF_000069965.1;GCF_000240185.1
orthogroup_1454	9	9	GCF_000005845.2;GCF_000006925.2;GCF_000006945.1;GCF_000009065.1;GCF_000018045.1;GCF_000025565.1;GCF_000069965.1;GCF_000240185.1;GCF_000270125.2
orthogroup_1455	10	10	GCF_000005845.2;GCF_000006925.2;GCF_000006945.1;GCF_000009065.1;GCF_000018045.1;GCF_000025565.1;GCF_000069965.1;GCF_000240185.1;GCF_000270125.2;GCF_000762985.1
orthogroup_1456	9	9	GCF_000005845.2;GCF_000006925.2;GCF_000006945.1;GCF_000009065.1;GCF_000018045.1;GCF_000025565.1;GCF_000069965.1;GCF_000240185.1;GCF_000270125.2
orthogroup_1457	10	10	GCF_000005845.2;GCF_000006925.2;GCF_000006945.1;GCF_000009065.1;GCF_000018045.1;GCF_000025565.1;GCF_000069965.1;GCF_000240185.1;GCF_000270125.2;GCF_000762985.1
orthogroup_1458	9	9	GCF_000005845.2;GCF_000006925.2;GCF_000006945.1;GCF_000009065.1;GCF_000018045.1;GCF_000025565.1;GCF_000069965.1;GCF_000240185.1;GCF_000270125.2
orthogroup_1459	9	9	GCF_000005845.2;GCF_000006925.2;GCF_000006945.1;GCF_000009065.1;GCF_000018045.1;GCF_000025565.1;GCF_000069965.1;GCF_000240185.1;GCF_000270125.2
orthogroup_1460	10	10	GCF_000005845.2;GCF_000006925.2;GCF_000006945.1;GCF_000009065.1;GCF_000018045.1;GCF_000025565.1;GCF_000069965.1;GCF_000240185.1;GCF_000270125.2;GCF_000762985.1
orthogroup_1461	10	10	GCF_000005845.2;GCF_000006925.2;GCF_000006945.1;GCF_000009065.1;GCF_000018045.1;GCF_000025565.1;GCF_000069965.1;GCF_000240185.1;GCF_000270125.2;GCF_000762985.1
orthogroup_1462	9	9	GCF_000005845.2;GCF_000006925.2;GCF_000006945.1;GCF_000009065.1;GCF_000018045.1;GCF_000025565.1;GCF_000069965.1;GCF_000240185.1;GCF_000270125.2
orthogroup_1463	10	10	GCF_000005845.2;GCF_000006925.2;GCF_000006945.1;GCF_000009065.1;GCF_000018045.1;GCF_000025565.1;GCF_000069965.1;GCF_000240185.1;GCF_000270125.2;GCF_000762985.1
orthogroup_1464	9	9	GCF_000005845.2;GCF_000006925.2;GCF_000006945.1;GCF_000009065.1;GCF_000018045.1;GCF_000025565.1;GCF_000069965.1;GCF_000240185.1;GCF_000270125.2
orthogroup_1465	10	10	GCF_000005845.2;GCF_000006925.2;GCF_000006945.1;GCF_000009065.1;GCF_000018045.1;GCF_000025565.1;GCF_000069965.1;GCF_000240185.1;GCF_000270125.2;GCF_000762985.1
orthogroup_1466	9	9	GCF_000005845.2;GCF_000006925.2;GCF_000006945.1;GCF_000009065.1;GCF_000018045.1;GCF_000025565.1;GCF_000240185.1;GCF_000270125.2;GCF_000762985.1
orthogroup_1467	9	9	GCF_000005845.2;GCF_000006925.2;GCF_000006945.1;GCF_000009065.1;GCF_000018045.1;GCF_000025565.1;GCF_000069965.1;GCF_000240185.1;GCF_000270125.2
orthogroup_1468	9	9	GCF_000005845.2;GCF_000006925.2;GCF_000006945.1;GCF_000009065.1;GCF_000018045.1;GCF_000025565.1;GCF_000069965.1;GCF_000240185.1;GCF_000270125.2
orthogroup_1469	9	9	GCF_000005845.2;GCF_000006925.2;GCF_000006945.1;GCF_000009065.1;GCF_000018045.1;GCF_000025565.1;GCF_000069965.1;GCF_000240185.1;GCF_000270125.2
orthogroup_1470	8	8	GCF_000005845.2;GCF_000006925.2;GCF_000006945.1;GCF_000009065.1;GCF_000018045.1;GCF_000025565.1;GCF_000069965.1;GCF_000270125.2
orthogroup_1471	10	10	GCF_000005845.2;GCF_000006925.2;GCF_000006945.1;GCF_000009065.1;GCF_000018045.1;GCF_000025565.1;GCF_000069965.1;GCF_000240185.1;GCF_000270125.2;GCF_000762985.1
orthogroup_1472	10	10	GCF_000005845.2;GCF_000006925.2;GCF_000006945.1;GCF_000009065.1;GCF_000018045.1;GCF_000025565.1;GCF_000069965.1;GCF_000240185.1;GCF_000270125.2;GCF_000762985.1
orthogroup_1473	9	9	GCF_000005845.2;GCF_000006925.2;GCF_000006945.1;GCF_000009065.1;GCF_000018045.1;GCF_000025565.1;GCF_000069965.1;GCF_000240185.1;GCF_000270125.2
orthogroup_1474	8	8	GCF_000005845.2;GCF_000006925.2;GCF_000006945.1;GCF_000009065.1;GCF_000018045.1;GCF_000025565.1;GCF_000240185.1;GCF_000270125.2
orthogroup_1475	9	9	GCF_000005845.2;GCF_000006925.2;GCF_000006945.1;GCF_000009065.1;GCF_000018045.1;GCF_000025565.1;GCF_000069965.1;GCF_000240185.1;GCF_000270125.2
orthogroup_1476	8	8	GCF_000005845.2;GCF_000006925.2;GCF_000006945.1;GCF_000009065.1;GCF_000018045.1;GCF_000025565.1;GCF_000240185.1;GCF_000270125.2
orthogroup_1477	8	8	GCF_000005845.2;GCF_000006925.2;GCF_000006945.1;GCF_000009065.1;GCF_000018045.1;GCF_000025565.1;GCF_000069965.1;GCF_000240185.1
orthogroup_1478	9	9	GCF_000005845.2;GCF_000006925.2;GCF_000006945.1;GCF_000009065.1;GCF_000018045.1;GCF_000025565.1;GCF_000069965.1;GCF_000240185.1;GCF_000270125.2
orthogroup_1479	8	8	GCF_000005845.2;GCF_000006925.2;GCF_000006945.1;GCF_000009065.1;GCF_000018045.1;GCF_000025565.1;GCF_000240185.1;GCF_000270125.2
orthogroup_1480	8	8	GCF_000005845.2;GCF_000006925.2;GCF_000006945.1;GCF_000018045.1;GCF_000025565.1;GCF_000069965.1;GCF_000240185.1;GCF_000762985.1
orthogroup_1481	9	9	GCF_000005845.2;GCF_000006925.2;GCF_000006945.1;GCF_000009065.1;GCF_000018045.1;GCF_000025565.1;GCF_000069965.1;GCF_000240185.1;GCF_000270125.2
orthogroup_1482	9	9	GCF_000005845.2;GCF_000006925.2;GCF_000006945.1;GCF_000009065.1;GCF_000018045.1;GCF_000025565.1;GCF_000069965.1;GCF_000240185.1;GCF_000270125.2
orthogroup_1483	10	10	GCF_000005845.2;GCF_000006925.2;GCF_000006945.1;GCF_000009065.1;GCF_000018045.1;GCF_000025565.1;GCF_000069965.1;GCF_000240185.1;GCF_000270125.2;GCF_000762985.1
orthogroup_1484	10	10	GCF_000005845.2;GCF_000006925.2;GCF_000006945.1;GCF_000009065.1;GCF_000018045.1;GCF_000025565.1;GCF_000069965.1;GCF_000240185.1;GCF_000270125.2;GCF_000762985.1
orthogroup_1485	10	10	GCF_000005845.2;GCF_000006925.2;GCF_000006945.1;GCF_000009065.1;GCF_000018045.1;GCF_000025565.1;GCF_000069965.1;GCF_000240185.1;GCF_000270125.2;GCF_000762985.1
orthogroup_1486	9	9	GCF_000005845.2;GCF_000006925.2;GCF_000006945.1;GCF_000009065.1;GCF_000018045.1;GCF_000025565.1;GCF_000069965.1;GCF_000240185.1;GCF_000270125.2
orthogroup_1487	10	10	GCF_000005845.2;GCF_000006925.2;GCF_000006945.1;GCF_000009065.1;GCF_000018045.1;GCF_000025565.1;GCF_000069965.1;GCF_000240185.1;GCF_000270125.2;GCF_000762985.1
orthogroup_1488	9	9	GCF_000005845.2;GCF_000006925.2;GCF_000006945.1;GCF_000009065.1;GCF_000018045.1;GCF_000025565.1;GCF_000069965.1;GCF_000240185.1;GCF_000270125.2
orthogroup_1489	8	8	GCF_000005845.2;GCF_000006925.2;GCF_000006945.1;GCF_000009065.1;GCF_000018045.1;GCF_000025565.1;GCF_000069965.1;GCF_000240185.1
orthogroup_1490	8	8	GCF_000005845.2;GCF_000006925.2;GCF_000006945.1;GCF_000009065.1;GCF_000018045.1;GCF_000025565.1;GCF_000240185.1;GCF_000270125.2
orthogroup_1491	8	8	GCF_000005845.2;GCF_000006925.2;GCF_000006945.1;GCF_000009065.1;GCF_000018045.1;GCF_000025565.1;GCF_000240185.1;GCF_000270125.2
orthogroup_1492	8	8	GCF_000005845.2;GCF_000006925.2;GCF_000006945.1;GCF_000018045.1;GCF_000025565.1;GCF_000069965.1;GCF_000240185.1;GCF_000270125.2
orthogroup_1493	8	8	GCF_000005845.2;GCF_000006925.2;GCF_000006945.1;GCF_000009065.1;GCF_000018045.1;GCF_000025565.1;GCF_000240185.1;GCF_000270125.2
orthogroup_1494	10	10	GCF_000005845.2;GCF_000006925.2;GCF_000006945.1;GCF_000009065.1;GCF_000018045.1;GCF_000025565.1;GCF_000069965.1;GCF_000240185.1;GCF_000270125.2;GCF_000762985.1
orthogroup_1495	10	10	GCF_000005845.2;GCF_000006925.2;GCF_000006945.1;GCF_000009065.1;GCF_000018045.1;GCF_000025565.1;GCF_000069965.1;GCF_000240185.1;GCF_000270125.2;GCF_000762985.1
orthogroup_1496	8	8	GCF_000005845.2;GCF_000006925.2;GCF_000006945.1;GCF_000009065.1;GCF_000018045.1;GCF_000025565.1;GCF_000069965.1;GCF_000270125.2
orthogroup_1497	9	9	GCF_000005845.2;GCF_000006925.2;GCF_000006945.1;GCF_000009065.1;GCF_000018045.1;GCF_000025565.1;GCF_000069965.1;GCF_000240185.1;GCF_000270125.2
orthogroup_1498	9	9	GCF_000005845.2;GCF_000006925.2;GCF_000006945.1;GCF_000009065.1;GCF_000018045.1;GCF_000025565.1;GCF_000069965.1;GCF_000240185.1;GCF_000270125.2
orthogroup_1499	10	10	GCF_000005845.2;GCF_000006925.2;GCF_000006945.1;GCF_000009065.1;GCF_000018045.1;GCF_000025565.1;GCF_000069965.1;GCF_000240185.1;GCF_000270125.2;GCF_000762985.1
orthogroup_1500	8	8	GCF_000005845.2;GCF_000006925.2;GCF_000006945.1;GCF_000018045.1;GCF_000025565.1;GCF_000069965.1;GCF_000240185.1;GCF_000270125.2
orthogroup_1501	9	9	GCF_000005845.2;GCF_000006925.2;GCF_000006945.1;GCF_000009065.1;GCF_000018045.1;GCF_000025565.1;GCF_000069965.1;GCF_000240185.1;GCF_000270125.2
orthogroup_1502	8	8	GCF_000005845.2;GCF_000006925.2;GCF_000009065.1;GCF_000025565.1;GCF_000069965.1;GCF_000240185.1;GCF_000270125.2;GCF_000762985.1
orthogroup_1503	9	9	GCF_000005845.2;GCF_000006925.2;GCF_000006945.1;GCF_000009065.1;GCF_000018045.1;GCF_000025565.1;GCF_000069965.1;GCF_000240185.1;GCF_000270125.2
orthogroup_1504	8	8	GCF_000005845.2;GCF_000006925.2;GCF_000006945.1;GCF_000009065.1;GCF_000018045.1;GCF_000025565.1;GCF_000069965.1;GCF_000240185.1
orthogroup_1505	9	9	GCF_000005845.2;GCF_000006925.2;GCF_000006945.1;GCF_000009065.1;GCF_000018045.1;GCF_000025565.1;GCF_000069965.1;GCF_000240185.1;GCF_000270125.2
orthogroup_1506	8	8	GCF_000005845.2;GCF_000006925.2;GCF_000006945.1;GCF_000009065.1;GCF_000018045.1;GCF_000025565.1;GCF_000069965.1;GCF_000240185.1
orthogroup_1507	9	9	GCF_000005845.2;GCF_000006925.2;GCF_000006945.1;GCF_000009065.1;GCF_000018045.1;GCF_000025565.1;GCF_000069965.1;GCF_000240185.1;GCF_000270125.2
orthogroup_1508	9	9	GCF_000005845.2;GCF_000006925.2;GCF_000006945.1;GCF_000009065.1;GCF_000018045.1;GCF_000025565.1;GCF_000069965.1;GCF_000240185.1;GCF_000270125.2
orthogroup_1509	9	9	GCF_000005845.2;GCF_000006925.2;GCF_000006945.1;GCF_000009065.1;GCF_000018045.1;GCF_000025565.1;GCF_000069965.1;GCF_000240185.1;GCF_000270125.2
orthogroup_1510	9	9	GCF_000005845.2;GCF_000006925.2;GCF_000006945.1;GCF_000009065.1;GCF_000018045.1;GCF_000025565.1;GCF_000069965.1;GCF_000240185.1;GCF_000270125.2
orthogroup_1511	8	8	GCF_000005845.2;GCF_000006925.2;GCF_000006945.1;GCF_000009065.1;GCF_000018045.1;GCF_000025565.1;GCF_000069965.1;GCF_000270125.2
orthogroup_1512	9	9	GCF_000005845.2;GCF_000006925.2;GCF_000006945.1;GCF_000009065.1;GCF_000018045.1;GCF_000025565.1;GCF_000069965.1;GCF_000240185.1;GCF_000762985.1
orthogroup_1513	8	8	GCF_000005845.2;GCF_000006925.2;GCF_000006945.1;GCF_000009065.1;GCF_000018045.1;GCF_000025565.1;GCF_000069965.1;GCF_000240185.1
orthogroup_1514	9	9	GCF_000005845.2;GCF_000006925.2;GCF_000006945.1;GCF_000009065.1;GCF_000018045.1;GCF_000025565.1;GCF_000069965.1;GCF_000240185.1;GCF_000270125.2
orthogroup_1515	8	8	GCF_000005845.2;GCF_000006925.2;GCF_000006945.1;GCF_000009065.1;GCF_000018045.1;GCF_000025565.1;GCF_000240185.1;GCF_000270125.2
orthogroup_1516	9	9	GCF_000005845.2;GCF_000006925.2;GCF_000006945.1;GCF_000009065.1;GCF_000018045.1;GCF_000025565.1;GCF_000069965.1;GCF_000240185.1;GCF_000270125.2
orthogroup_1517	9	9	GCF_000005845.2;GCF_000006925.2;GCF_000006945.1;GCF_000009065.1;GCF_000018045.1;GCF_000025565.1;GCF_000069965.1;GCF_000240185.1;GCF_000270125.2
orthogroup_1518	9	9	GCF_000005845.2;GCF_000006925.2;GCF_000006945.1;GCF_000009065.1;GCF_000018045.1;GCF_000025565.1;GCF_000069965.1;GCF_000240185.1;GCF_000270125.2
orthogroup_1519	10	10	GCF_000005845.2;GCF_000006925.2;GCF_000006945.1;GCF_000009065.1;GCF_000018045.1;GCF_000025565.1;GCF_000069965.1;GCF_000240185.1;GCF_000270125.2;GCF_000762985.1
orthogroup_1520	9	9	GCF_000005845.2;GCF_000006925.2;GCF_000006945.1;GCF_000009065.1;GCF_000018045.1;GCF_000025565.1;GCF_000069965.1;GCF_000240185.1;GCF_000270125.2
orthogroup_1521	8	8	GCF_000005845.2;GCF_000006925.2;GCF_000006945.1;GCF_000018045.1;GCF_000025565.1;GCF_000069965.1;GCF_000240185.1;GCF_000270125.2
orthogroup_1522	9	9	GCF_000005845.2;GCF_000006925.2;GCF_000006945.1;GCF_000009065.1;GCF_000018045.1;GCF_000025565.1;GCF_000069965.1;GCF_000240185.1;GCF_000270125.2
orthogroup_1523	9	9	GCF_000005845.2;GCF_000006925.2;GCF_000006945.1;GCF_000009065.1;GCF_000018045.1;GCF_000025565.1;GCF_000069965.1;GCF_000240185.1;GCF_000270125.2
orthogroup_1524	9	9	GCF_000005845.2;GCF_000006925.2;GCF_000006945.1;GCF_000009065.1;GCF_000018045.1;GCF_000025565.1;GCF_000069965.1;GCF_000240185.1;GCF_000270125.2
orthogroup_1525	9	9	GCF_000005845.2;GCF_000006925.2;GCF_000006945.1;GCF_000009065.1;GCF_000018045.1;GCF_000025565.1;GCF_000069965.1;GCF_000240185.1;GCF_000270125.2
orthogroup_1526	9	9	GCF_000005845.2;GCF_000006925.2;GCF_000006945.1;GCF_000009065.1;GCF_000018045.1;GCF_000025565.1;GCF_000069965.1;GCF_000240185.1;GCF_000270125.2
orthogroup_1527	10	10	GCF_000005845.2;GCF_000006925.2;GCF_000006945.1;GCF_000009065.1;GCF_000018045.1;GCF_000025565.1;GCF_000069965.1;GCF_000240185.1;GCF_000270125.2;GCF_000762985.1
orthogroup_1528	8	8	GCF_000005845.2;GCF_000006925.2;GCF_000006945.1;GCF_000009065.1;GCF_000018045.1;GCF_000025565.1;GCF_000069965.1;GCF_000240185.1
orthogroup_1529	9	9	GCF_000005845.2;GCF_000006925.2;GCF_000006945.1;GCF_000009065.1;GCF_000018045.1;GCF_000025565.1;GCF_000069965.1;GCF_000240185.1;GCF_000270125.2
orthogroup_1530	9	9	GCF_000005845.2;GCF_000006925.2;GCF_000006945.1;GCF_000009065.1;GCF_000018045.1;GCF_000025565.1;GCF_000069965.1;GCF_000240185.1;GCF_000270125.2
orthogroup_1531	10	10	GCF_000005845.2;GCF_000006925.2;GCF_000006945.1;GCF_000009065.1;GCF_000018045.1;GCF_000025565.1;GCF_000069965.1;GCF_000240185.1;GCF_000270125.2;GCF_000762985.1
orthogroup_1532	9	9	GCF_000005845.2;GCF_000006925.2;GCF_000006945.1;GCF_000009065.1;GCF_000018045.1;GCF_000025565.1;GCF_000069965.1;GCF_000240185.1;GCF_000270125.2
orthogroup_1533	9	9	GCF_000005845.2;GCF_000006925.2;GCF_000006945.1;GCF_000009065.1;GCF_000018045.1;GCF_000025565.1;GCF_000069965.1;GCF_000240185.1;GCF_000270125.2
orthogroup_1534	9	9	GCF_000005845.2;GCF_000006925.2;GCF_000006945.1;GCF_000009065.1;GCF_000018045.1;GCF_000025565.1;GCF_000069965.1;GCF_000240185.1;GCF_000270125.2
orthogroup_1535	10	10	GCF_000005845.2;GCF_000006925.2;GCF_000006945.1;GCF_000009065.1;GCF_000018045.1;GCF_000025565.1;GCF_000069965.1;GCF_000240185.1;GCF_000270125.2;GCF_000762985.1
orthogroup_1536	9	9	GCF_000005845.2;GCF_000006925.2;GCF_000006945.1;GCF_000009065.1;GCF_000018045.1;GCF_000025565.1;GCF_000069965.1;GCF_000240185.1;GCF_000270125.2
orthogroup_1537	9	9	GCF_000005845.2;GCF_000006925.2;GCF_000006945.1;GCF_000009065.1;GCF_000018045.1;GCF_000025565.1;GCF_000069965.1;GCF_000240185.1;GCF_000270125.2
orthogroup_1538	9	9	GCF_000005845.2;GCF_000006925.2;GCF_000006945.1;GCF_000009065.1;GCF_000018045.1;GCF_000025565.1;GCF_000069965.1;GCF_000240185.1;GCF_000270125.2
orthogroup_1539	10	10	GCF_000005845.2;GCF_000006925.2;GCF_000006945.1;GCF_000009065.1;GCF_000018045.1;GCF_000025565.1;GCF_000069965.1;GCF_000240185.1;GCF_000270125.2;GCF_000762985.1
orthogroup_1540	10	10	GCF_000005845.2;GCF_000006925.2;GCF_000006945.1;GCF_000009065.1;GCF_000018045.1;GCF_000025565.1;GCF_000069965.1;GCF_000240185.1;GCF_000270125.2;GCF_000762985.1
orthogroup_1541	9	9	GCF_000005845.2;GCF_000006925.2;GCF_000006945.1;GCF_000009065.1;GCF_000018045.1;GCF_000025565.1;GCF_000069965.1;GCF_000240185.1;GCF_000270125.2
orthogroup_1542	9	9	GCF_000005845.2;GCF_000006925.2;GCF_000006945.1;GCF_000009065.1;GCF_000018045.1;GCF_000025565.1;GCF_000069965.1;GCF_000240185.1;GCF_000270125.2
orthogroup_1543	9	9	GCF_000005845.2;GCF_000006925.2;GCF_000006945.1;GCF_000009065.1;GCF_000018045.1;GCF_000025565.1;GCF_000069965.1;GCF_000240185.1;GCF_000270125.2
orthogroup_1544	10	10	GCF_000005845.2;GCF_000006925.2;GCF_000006945.1;GCF_000009065.1;GCF_000018045.1;GCF_000025565.1;GCF_000069965.1;GCF_000240185.1;GCF_000270125.2;GCF_000762985.1
orthogroup_1545	9	9	GCF_000005845.2;GCF_000006925.2;GCF_000006945.1;GCF_000009065.1;GCF_000018045.1;GCF_000025565.1;GCF_000069965.1;GCF_000240185.1;GCF_000270125.2
orthogroup_1546	9	9	GCF_000005845.2;GCF_000006925.2;GCF_000006945.1;GCF_000009065.1;GCF_000018045.1;GCF_000025565.1;GCF_000069965.1;GCF_000240185.1;GCF_000270125.2
orthogroup_1547	9	9	GCF_000005845.2;GCF_000006925.2;GCF_000006945.1;GCF_000009065.1;GCF_000018045.1;GCF_000025565.1;GCF_000069965.1;GCF_000240185.1;GCF_000270125.2
orthogroup_1548	9	9	GCF_000005845.2;GCF_000006925.2;GCF_000006945.1;GCF_000009065.1;GCF_000018045.1;GCF_000025565.1;GCF_000069965.1;GCF_000240185.1;GCF_000270125.2
orthogroup_1549	9	9	GCF_000005845.2;GCF_000006925.2;GCF_000006945.1;GCF_000009065.1;GCF_000018045.1;GCF_000025565.1;GCF_000069965.1;GCF_000240185.1;GCF_000270125.2
orthogroup_1550	9	9	GCF_000005845.2;GCF_000006925.2;GCF_000006945.1;GCF_000009065.1;GCF_000018045.1;GCF_000025565.1;GCF_000069965.1;GCF_000240185.1;GCF_000270125.2
orthogroup_1551	9	9	GCF_000005845.2;GCF_000006925.2;GCF_000006945.1;GCF_000009065.1;GCF_000018045.1;GCF_000025565.1;GCF_000069965.1;GCF_000240185.1;GCF_000270125.2
orthogroup_1552	9	9	GCF_000005845.2;GCF_000006925.2;GCF_000006945.1;GCF_000009065.1;GCF_000018045.1;GCF_000025565.1;GCF_000069965.1;GCF_000240185.1;GCF_000762985.1
orthogroup_1553	10	10	GCF_000005845.2;GCF_000006925.2;GCF_000006945.1;GCF_000009065.1;GCF_000018045.1;GCF_000025565.1;GCF_000069965.1;GCF_000240185.1;GCF_000270125.2;GCF_000762985.1
orthogroup_1554	8	8	GCF_000005845.2;GCF_000006925.2;GCF_000006945.1;GCF_000009065.1;GCF_000018045.1;GCF_000025565.1;GCF_000240185.1;GCF_000270125.2
orthogroup_1555	9	9	GCF_000005845.2;GCF_000006925.2;GCF_000006945.1;GCF_000009065.1;GCF_000018045.1;GCF_000025565.1;GCF_000069965.1;GCF_000240185.1;GCF_000270125.2
orthogroup_1556	9	9	GCF_000005845.2;GCF_000006925.2;GCF_000006945.1;GCF_000009065.1;GCF_000018045.1;GCF_000025565.1;GCF_000069965.1;GCF_000240185.1;GCF_000270125.2
orthogroup_1557	8	8	GCF_000005845.2;GCF_000006925.2;GCF_000006945.1;GCF_000018045.1;GCF_000025565.1;GCF_000240185.1;GCF_000270125.2;GCF_000762985.1
orthogroup_1558	9	9	GCF_000005845.2;GCF_000006925.2;GCF_000006945.1;GCF_000009065.1;GCF_000018045.1;GCF_000025565.1;GCF_000069965.1;GCF_000240185.1;GCF_000270125.2
orthogroup_1559	9	9	GCF_000005845.2;GCF_000006925.2;GCF_000006945.1;GCF_000009065.1;GCF_000018045.1;GCF_000025565.1;GCF_000069965.1;GCF_000240185.1;GCF_000270125.2
orthogroup_1560	8	8	GCF_000005845.2;GCF_000006925.2;GCF_000006945.1;GCF_000018045.1;GCF_000025565.1;GCF_000069965.1;GCF_000240185.1;GCF_000270125.2
orthogroup_1561	9	9	GCF_000005845.2;GCF_000006925.2;GCF_000006945.1;GCF_000009065.1;GCF_000018045.1;GCF_000025565.1;GCF_000069965.1;GCF_000240185.1;GCF_000270125.2
orthogroup_1562	9	9	GCF_000005845.2;GCF_000006925.2;GCF_000006945.1;GCF_000009065.1;GCF_000018045.1;GCF_000025565.1;GCF_000069965.1;GCF_000240185.1;GCF_000270125.2
orthogroup_1563	8	8	GCF_000005845.2;GCF_000006925.2;GCF_000006945.1;GCF_000009065.1;GCF_000018045.1;GCF_000025565.1;GCF_000069965.1;GCF_000240185.1
orthogroup_1564	8	8	GCF_000005845.2;GCF_000006925.2;GCF_000006945.1;GCF_000009065.1;GCF_000018045.1;GCF_000025565.1;GCF_000240185.1;GCF_000270125.2
orthogroup_1565	9	9	GCF_000005845.2;GCF_000006925.2;GCF_000006945.1;GCF_000009065.1;GCF_000018045.1;GCF_000025565.1;GCF_000069965.1;GCF_000240185.1;GCF_000270125.2
orthogroup_1566	10	10	GCF_000005845.2;GCF_000006925.2;GCF_000006945.1;GCF_000009065.1;GCF_000018045.1;GCF_000025565.1;GCF_000069965.1;GCF_000240185.1;GCF_000270125.2;GCF_000762985.1
orthogroup_1567	9	9	GCF_000005845.2;GCF_000006925.2;GCF_000006945.1;GCF_000009065.1;GCF_000018045.1;GCF_000025565.1;GCF_000069965.1;GCF_000240185.1;GCF_000270125.2
orthogroup_1568	9	9	GCF_000005845.2;GCF_000006925.2;GCF_000006945.1;GCF_000009065.1;GCF_000018045.1;GCF_000025565.1;GCF_000069965.1;GCF_000240185.1;GCF_000270125.2
orthogroup_1569	9	9	GCF_000005845.2;GCF_000006925.2;GCF_000006945.1;GCF_000009065.1;GCF_000018045.1;GCF_000025565.1;GCF_000069965.1;GCF_000240185.1;GCF_000270125.2
orthogroup_1570	8	8	GCF_000005845.2;GCF_000006925.2;GCF_000006945.1;GCF_000009065.1;GCF_000018045.1;GCF_000025565.1;GCF_000069965.1;GCF_000270125.2
orthogroup_1571	9	9	GCF_000005845.2;GCF_000006925.2;GCF_000006945.1;GCF_000009065.1;GCF_000018045.1;GCF_000025565.1;GCF_000069965.1;GCF_000240185.1;GCF_000270125.2
orthogroup_1572	8	8	GCF_000005845.2;GCF_000006925.2;GCF_000006945.1;GCF_000009065.1;GCF_000018045.1;GCF_000025565.1;GCF_000069965.1;GCF_000240185.1
orthogroup_1573	9	9	GCF_000005845.2;GCF_000006925.2;GCF_000006945.1;GCF_000009065.1;GCF_000018045.1;GCF_000025565.1;GCF_000069965.1;GCF_000240185.1;GCF_000270125.2
orthogroup_1574	10	10	GCF_000005845.2;GCF_000006925.2;GCF_000006945.1;GCF_000009065.1;GCF_000018045.1;GCF_000025565.1;GCF_000069965.1;GCF_000240185.1;GCF_000270125.2;GCF_000762985.1
orthogroup_1575	10	10	GCF_000005845.2;GCF_000006925.2;GCF_000006945.1;GCF_000009065.1;GCF_000018045.1;GCF_000025565.1;GCF_000069965.1;GCF_000240185.1;GCF_000270125.2;GCF_000762985.1
orthogroup_1576	8	8	GCF_000005845.2;GCF_000006925.2;GCF_000006945.1;GCF_000018045.1;GCF_000025565.1;GCF_000240185.1;GCF_000270125.2;GCF_000762985.1
orthogroup_1577	9	9	GCF_000005845.2;GCF_000006925.2;GCF_000006945.1;GCF_000009065.1;GCF_000018045.1;GCF_000025565.1;GCF_000069965.1;GCF_000240185.1;GCF_000270125.2
orthogroup_1578	9	9	GCF_000005845.2;GCF_000006925.2;GCF_000006945.1;GCF_000009065.1;GCF_000018045.1;GCF_000025565.1;GCF_000069965.1;GCF_000240185.1;GCF_000270125.2
orthogroup_1579	8	8	GCF_000005845.2;GCF_000006925.2;GCF_000006945.1;GCF_000009065.1;GCF_000018045.1;GCF_000069965.1;GCF_000240185.1;GCF_000270125.2
orthogroup_1580	10	10	GCF_000005845.2;GCF_000006925.2;GCF_000006945.1;GCF_000009065.1;GCF_000018045.1;GCF_000025565.1;GCF_000069965.1;GCF_000240185.1;GCF_000270125.2;GCF_000762985.1
orthogroup_1581	9	9	GCF_000005845.2;GCF_000006925.2;GCF_000006945.1;GCF_000009065.1;GCF_000018045.1;GCF_000025565.1;GCF_000069965.1;GCF_000240185.1;GCF_000270125.2
orthogroup_1582	9	9	GCF_000005845.2;GCF_000006925.2;GCF_000006945.1;GCF_000009065.1;GCF_000018045.1;GCF_000025565.1;GCF_000069965.1;GCF_000240185.1;GCF_000270125.2
orthogroup_1583	9	9	GCF_000005845.2;GCF_000006925.2;GCF_000006945.1;GCF_000009065.1;GCF_000018045.1;GCF_000025565.1;GCF_000069965.1;GCF_000240185.1;GCF_000270125.2
orthogroup_1584	9	9	GCF_000005845.2;GCF_000006925.2;GCF_000006945.1;GCF_000009065.1;GCF_000018045.1;GCF_000025565.1;GCF_000069965.1;GCF_000240185.1;GCF_000270125.2
orthogroup_1585	10	10	GCF_000005845.2;GCF_000006925.2;GCF_000006945.1;GCF_000009065.1;GCF_000018045.1;GCF_000025565.1;GCF_000069965.1;GCF_000240185.1;GCF_000270125.2;GCF_000762985.1
orthogroup_1586	10	10	GCF_000005845.2;GCF_000006925.2;GCF_000006945.1;GCF_000009065.1;GCF_000018045.1;GCF_000025565.1;GCF_000069965.1;GCF_000240185.1;GCF_000270125.2;GCF_000762985.1
orthogroup_1587	9	9	GCF_000005845.2;GCF_000006925.2;GCF_000006945.1;GCF_000009065.1;GCF_000018045.1;GCF_000025565.1;GCF_000069965.1;GCF_000240185.1;GCF_000270125.2
orthogroup_1588	9	9	GCF_000005845.2;GCF_000006925.2;GCF_000006945.1;GCF_000009065.1;GCF_000018045.1;GCF_000025565.1;GCF_000069965.1;GCF_000240185.1;GCF_000270125.2
orthogroup_1589	9	9	GCF_000005845.2;GCF_000006925.2;GCF_000006945.1;GCF_000009065.1;GCF_000018045.1;GCF_000025565.1;GCF_000069965.1;GCF_000240185.1;GCF_000270125.2
orthogroup_1590	10	10	GCF_000005845.2;GCF_000006925.2;GCF_000006945.1;GCF_000009065.1;GCF_000018045.1;GCF_000025565.1;GCF_000069965.1;GCF_000240185.1;GCF_000270125.2;GCF_000762985.1
orthogroup_1591	9	9	GCF_000005845.2;GCF_000006925.2;GCF_000006945.1;GCF_000009065.1;GCF_000018045.1;GCF_000025565.1;GCF_000069965.1;GCF_000240185.1;GCF_000270125.2
orthogroup_1592	8	8	GCF_000005845.2;GCF_000006925.2;GCF_000006945.1;GCF_000009065.1;GCF_000018045.1;GCF_000025565.1;GCF_000069965.1;GCF_000270125.2
orthogroup_1593	9	9	GCF_000005845.2;GCF_000006925.2;GCF_000006945.1;GCF_000009065.1;GCF_000018045.1;GCF_000025565.1;GCF_000240185.1;GCF_000270125.2;GCF_000762985.1
orthogroup_1594	9	9	GCF_000005845.2;GCF_000006925.2;GCF_000006945.1;GCF_000009065.1;GCF_000018045.1;GCF_000025565.1;GCF_000069965.1;GCF_000240185.1;GCF_000270125.2
orthogroup_1595	8	8	GCF_000005845.2;GCF_000006925.2;GCF_000006945.1;GCF_000009065.1;GCF_000018045.1;GCF_000025565.1;GCF_000069965.1;GCF_000270125.2
orthogroup_1596	9	9	GCF_000005845.2;GCF_000006925.2;GCF_000006945.1;GCF_000009065.1;GCF_000018045.1;GCF_000025565.1;GCF_000069965.1;GCF_000240185.1;GCF_000270125.2
orthogroup_1597	10	10	GCF_000005845.2;GCF_000006925.2;GCF_000006945.1;GCF_000009065.1;GCF_000018045.1;GCF_000025565.1;GCF_000069965.1;GCF_000240185.1;GCF_000270125.2;GCF_000762985.1
orthogroup_1598	9	9	GCF_000005845.2;GCF_000006925.2;GCF_000006945.1;GCF_000009065.1;GCF_000018045.1;GCF_000025565.1;GCF_000069965.1;GCF_000240185.1;GCF_000270125.2
orthogroup_1599	9	9	GCF_000005845.2;GCF_000006925.2;GCF_000006945.1;GCF_000009065.1;GCF_000018045.1;GCF_000025565.1;GCF_000069965.1;GCF_000240185.1;GCF_000270125.2
orthogroup_1600	10	10	GCF_000005845.2;GCF_000006925.2;GCF_000006945.1;GCF_000009065.1;GCF_000018045.1;GCF_000025565.1;GCF_000069965.1;GCF_000240185.1;GCF_000270125.2;GCF_000762985.1
orthogroup_1601	9	9	GCF_000005845.2;GCF_000006925.2;GCF_000006945.1;GCF_000009065.1;GCF_000018045.1;GCF_000025565.1;GCF_000069965.1;GCF_000240185.1;GCF_000270125.2
orthogroup_1602	9	9	GCF_000005845.2;GCF_000006925.2;GCF_000006945.1;GCF_000009065.1;GCF_000018045.1;GCF_000025565.1;GCF_000069965.1;GCF_000240185.1;GCF_000270125.2
orthogroup_1603	10	10	GCF_000005845.2;GCF_000006925.2;GCF_000006945.1;GCF_000009065.1;GCF_000018045.1;GCF_000025565.1;GCF_000069965.1;GCF_000240185.1;GCF_000270125.2;GCF_000762985.1
orthogroup_1604	8	8	GCF_000005845.2;GCF_000006925.2;GCF_000006945.1;GCF_000009065.1;GCF_000018045.1;GCF_000025565.1;GCF_000240185.1;GCF_000270125.2
orthogroup_1605	9	9	GCF_000005845.2;GCF_000006925.2;GCF_000006945.1;GCF_000009065.1;GCF_000018045.1;GCF_000025565.1;GCF_000069965.1;GCF_000240185.1;GCF_000270125.2
orthogroup_1606	8	8	GCF_000005845.2;GCF_000006925.2;GCF_000006945.1;GCF_000009065.1;GCF_000018045.1;GCF_000025565.1;GCF_000240185.1;GCF_000270125.2
orthogroup_1607	9	9	GCF_000005845.2;GCF_000006925.2;GCF_000006945.1;GCF_000009065.1;GCF_000018045.1;GCF_000025565.1;GCF_000069965.1;GCF_000240185.1;GCF_000270125.2
orthogroup_1608	10	10	GCF_000005845.2;GCF_000006925.2;GCF_000006945.1;GCF_000009065.1;GCF_000018045.1;GCF_000025565.1;GCF_000069965.1;GCF_000240185.1;GCF_000270125.2;GCF_000762985.1
orthogroup_1609	10	10	GCF_000005845.2;GCF_000006925.2;GCF_000006945.1;GCF_000009065.1;GCF_000018045.1;GCF_000025565.1;GCF_000069965.1;GCF_000240185.1;GCF_000270125.2;GCF_000762985.1
orthogroup_1610	8	8	GCF_000005845.2;GCF_000006925.2;GCF_000006945.1;GCF_000009065.1;GCF_000018045.1;GCF_000025565.1;GCF_000069965.1;GCF_000270125.2
orthogroup_1611	8	8	GCF_000005845.2;GCF_000006925.2;GCF_000006945.1;GCF_000009065.1;GCF_000018045.1;GCF_000025565.1;GCF_000240185.1;GCF_000270125.2
orthogroup_1612	10	10	GCF_000005845.2;GCF_000006925.2;GCF_000006945.1;GCF_000009065.1;GCF_000018045.1;GCF_000025565.1;GCF_000069965.1;GCF_000240185.1;GCF_000270125.2;GCF_000762985.1
orthogroup_1613	9	9	GCF_000005845.2;GCF_000006925.2;GCF_000006945.1;GCF_000009065.1;GCF_000018045.1;GCF_000025565.1;GCF_000069965.1;GCF_000240185.1;GCF_000762985.1
orthogroup_1614	10	10	GCF_000005845.2;GCF_000006925.2;GCF_000006945.1;GCF_000009065.1;GCF_000018045.1;GCF_000025565.1;GCF_000069965.1;GCF_000240185.1;GCF_000270125.2;GCF_000762985.1
orthogroup_1615	9	9	GCF_000005845.2;GCF_000006925.2;GCF_000006945.1;GCF_000009065.1;GCF_000018045.1;GCF_000025565.1;GCF_000069965.1;GCF_000240185.1;GCF_000270125.2
orthogroup_1616	9	9	GCF_000005845.2;GCF_000006925.2;GCF_000006945.1;GCF_000009065.1;GCF_000018045.1;GCF_000025565.1;GCF_000069965.1;GCF_000240185.1;GCF_000270125.2
orthogroup_1617	9	9	GCF_000005845.2;GCF_000006925.2;GCF_000006945.1;GCF_000009065.1;GCF_000018045.1;GCF_000025565.1;GCF_000069965.1;GCF_000240185.1;GCF_000270125.2
orthogroup_1618	10	10	GCF_000005845.2;GCF_000006925.2;GCF_000006945.1;GCF_000009065.1;GCF_000018045.1;GCF_000025565.1;GCF_000069965.1;GCF_000240185.1;GCF_000270125.2;GCF_000762985.1
orthogroup_1619	9	9	GCF_000005845.2;GCF_000006925.2;GCF_000006945.1;GCF_000009065.1;GCF_000018045.1;GCF_000025565.1;GCF_000069965.1;GCF_000240185.1;GCF_000270125.2
orthogroup_1620	9	9	GCF_000005845.2;GCF_000006925.2;GCF_000006945.1;GCF_000009065.1;GCF_000018045.1;GCF_000025565.1;GCF_000069965.1;GCF_000240185.1;GCF_000270125.2
orthogroup_1621	8	8	GCF_000005845.2;GCF_000006925.2;GCF_000006945.1;GCF_000009065.1;GCF_000018045.1;GCF_000025565.1;GCF_000069965.1;GCF_000240185.1
orthogroup_1622	9	9	GCF_000005845.2;GCF_000006925.2;GCF_000006945.1;GCF_000009065.1;GCF_000018045.1;GCF_000025565.1;GCF_000069965.1;GCF_000240185.1;GCF_000270125.2
orthogroup_1623	9	9	GCF_000005845.2;GCF_000006925.2;GCF_000006945.1;GCF_000009065.1;GCF_000018045.1;GCF_000025565.1;GCF_000069965.1;GCF_000240185.1;GCF_000270125.2
orthogroup_1624	9	9	GCF_000005845.2;GCF_000006925.2;GCF_000006945.1;GCF_000009065.1;GCF_000018045.1;GCF_000025565.1;GCF_000069965.1;GCF_000240185.1;GCF_000270125.2
orthogroup_1625	8	8	GCF_000005845.2;GCF_000006925.2;GCF_000006945.1;GCF_000018045.1;GCF_000025565.1;GCF_000069965.1;GCF_000240185.1;GCF_000270125.2
orthogroup_1626	10	10	GCF_000005845.2;GCF_000006925.2;GCF_000006945.1;GCF_000009065.1;GCF_000018045.1;GCF_000025565.1;GCF_000069965.1;GCF_000240185.1;GCF_000270125.2;GCF_000762985.1
orthogroup_1627	9	9	GCF_000005845.2;GCF_000006925.2;GCF_000006945.1;GCF_000009065.1;GCF_000018045.1;GCF_000025565.1;GCF_000069965.1;GCF_000240185.1;GCF_000270125.2
orthogroup_1628	9	9	GCF_000005845.2;GCF_000006925.2;GCF_000006945.1;GCF_000009065.1;GCF_000018045.1;GCF_000025565.1;GCF_000069965.1;GCF_000240185.1;GCF_000270125.2
orthogroup_1629	10	10	GCF_000005845.2;GCF_000006925.2;GCF_000006945.1;GCF_000009065.1;GCF_000018045.1;GCF_000025565.1;GCF_000069965.1;GCF_000240185.1;GCF_000270125.2;GCF_000762985.1
orthogroup_1630	8	8	GCF_000005845.2;GCF_000006925.2;GCF_000006945.1;GCF_000009065.1;GCF_000018045.1;GCF_000025565.1;GCF_000069965.1;GCF_000240185.1
orthogroup_1631	9	9	GCF_000005845.2;GCF_000006925.2;GCF_000006945.1;GCF_000009065.1;GCF_000018045.1;GCF_000025565.1;GCF_000069965.1;GCF_000240185.1;GCF_000270125.2
orthogroup_1632	9	9	GCF_000005845.2;GCF_000006925.2;GCF_000006945.1;GCF_000009065.1;GCF_000018045.1;GCF_000025565.1;GCF_000069965.1;GCF_000240185.1;GCF_000270125.2
orthogroup_1633	9	9	GCF_000005845.2;GCF_000006925.2;GCF_000006945.1;GCF_000009065.1;GCF_000018045.1;GCF_000025565.1;GCF_000069965.1;GCF_000240185.1;GCF_000270125.2
orthogroup_1634	9	9	GCF_000005845.2;GCF_000006925.2;GCF_000006945.1;GCF_000009065.1;GCF_000018045.1;GCF_000025565.1;GCF_000069965.1;GCF_000240185.1;GCF_000270125.2
orthogroup_1635	9	9	GCF_000005845.2;GCF_000006925.2;GCF_000006945.1;GCF_000009065.1;GCF_000018045.1;GCF_000025565.1;GCF_000069965.1;GCF_000240185.1;GCF_000270125.2
orthogroup_1636	10	10	GCF_000005845.2;GCF_000006925.2;GCF_000006945.1;GCF_000009065.1;GCF_000018045.1;GCF_000025565.1;GCF_000069965.1;GCF_000240185.1;GCF_000270125.2;GCF_000762985.1
orthogroup_1637	9	9	GCF_000005845.2;GCF_000006925.2;GCF_000006945.1;GCF_000009065.1;GCF_000018045.1;GCF_000025565.1;GCF_000069965.1;GCF_000240185.1;GCF_000270125.2
orthogroup_1638	8	8	GCF_000005845.2;GCF_000006925.2;GCF_000006945.1;GCF_000009065.1;GCF_000018045.1;GCF_000025565.1;GCF_000240185.1;GCF_000270125.2
orthogroup_1639	9	9	GCF_000005845.2;GCF_000006925.2;GCF_000006945.1;GCF_000009065.1;GCF_000018045.1;GCF_000025565.1;GCF_000069965.1;GCF_000240185.1;GCF_000270125.2
orthogroup_1640	8	8	GCF_000005845.2;GCF_000006925.2;GCF_000006945.1;GCF_000018045.1;GCF_000025565.1;GCF_000240185.1;GCF_000270125.2;GCF_000762985.1
orthogroup_1641	10	10	GCF_000005845.2;GCF_000006925.2;GCF_000006945.1;GCF_000009065.1;GCF_000018045.1;GCF_000025565.1;GCF_000069965.1;GCF_000240185.1;GCF_000270125.2;GCF_000762985.1
orthogroup_1642	9	9	GCF_000005845.2;GCF_000006925.2;GCF_000006945.1;GCF_000009065.1;GCF_000018045.1;GCF_000025565.1;GCF_000069965.1;GCF_000240185.1;GCF_000270125.2
orthogroup_1643	8	8	GCF_000005845.2;GCF_000006925.2;GCF_000006945.1;GCF_000009065.1;GCF_000018045.1;GCF_000025565.1;GCF_000240185.1;GCF_000270125.2
orthogroup_1644	9	9	GCF_000005845.2;GCF_000006925.2;GCF_000006945.1;GCF_000009065.1;GCF_000018045.1;GCF_000025565.1;GCF_000069965.1;GCF_000240185.1;GCF_000270125.2
orthogroup_1645	8	8	GCF_000005845.2;GCF_000006925.2;GCF_000006945.1;GCF_000018045.1;GCF_000025565.1;GCF_000240185.1;GCF_000270125.2;GCF_000762985.1
orthogroup_1646	9	9	GCF_000005845.2;GCF_000006925.2;GCF_000006945.1;GCF_000009065.1;GCF_000018045.1;GCF_000025565.1;GCF_000069965.1;GCF_000240185.1;GCF_000270125.2
orthogroup_1647	9	9	GCF_000005845.2;GCF_000006925.2;GCF_000006945.1;GCF_000009065.1;GCF_000018045.1;GCF_000025565.1;GCF_000069965.1;GCF_000270125.2;GCF_000762985.1
orthogroup_1648	8	8	GCF_000005845.2;GCF_000006925.2;GCF_000006945.1;GCF_000009065.1;GCF_000018045.1;GCF_000025565.1;GCF_000069965.1;GCF_000270125.2
orthogroup_1649	9	9	GCF_000005845.2;GCF_000006925.2;GCF_000006945.1;GCF_000009065.1;GCF_000018045.1;GCF_000025565.1;GCF_000069965.1;GCF_000240185.1;GCF_000270125.2
orthogroup_1650	8	8	GCF_000005845.2;GCF_000006925.2;GCF_000006945.1;GCF_000009065.1;GCF_000018045.1;GCF_000025565.1;GCF_000240185.1;GCF_000270125.2
orthogroup_1651	10	10	GCF_000005845.2;GCF_000006925.2;GCF_000006945.1;GCF_000009065.1;GCF_000018045.1;GCF_000025565.1;GCF_000069965.1;GCF_000240185.1;GCF_000270125.2;GCF_000762985.1
orthogroup_1652	8	8	GCF_000005845.2;GCF_000006925.2;GCF_000006945.1;GCF_000009065.1;GCF_000018045.1;GCF_000025565.1;GCF_000069965.1;GCF_000270125.2
orthogroup_1653	10	10	GCF_000005845.2;GCF_000006925.2;GCF_000006945.1;GCF_000009065.1;GCF_000018045.1;GCF_000025565.1;GCF_000069965.1;GCF_000240185.1;GCF_000270125.2;GCF_000762985.1
orthogroup_1654	9	9	GCF_000005845.2;GCF_000006925.2;GCF_000006945.1;GCF_000009065.1;GCF_000018045.1;GCF_000025565.1;GCF_000069965.1;GCF_000240185.1;GCF_000270125.2
orthogroup_1655	9	9	GCF_000005845.2;GCF_000006925.2;GCF_000006945.1;GCF_000009065.1;GCF_000018045.1;GCF_000025565.1;GCF_000069965.1;GCF_000240185.1;GCF_000270125.2
orthogroup_1656	9	9	GCF_000005845.2;GCF_000006925.2;GCF_000006945.1;GCF_000009065.1;GCF_000018045.1;GCF_000025565.1;GCF_000069965.1;GCF_000240185.1;GCF_000270125.2
orthogroup_1657	9	9	GCF_000005845.2;GCF_000006925.2;GCF_000006945.1;GCF_000009065.1;GCF_000018045.1;GCF_000025565.1;GCF_000069965.1;GCF_000240185.1;GCF_000270125.2
orthogroup_1658	9	9	GCF_000005845.2;GCF_000006925.2;GCF_000006945.1;GCF_000009065.1;GCF_000018045.1;GCF_000025565.1;GCF_000069965.1;GCF_000240185.1;GCF_000270125.2
orthogroup_1659	9	9	GCF_000005845.2;GCF_000006925.2;GCF_000006945.1;GCF_000009065.1;GCF_000018045.1;GCF_000025565.1;GCF_000069965.1;GCF_000240185.1;GCF_000270125.2
orthogroup_1660	9	9	GCF_000005845.2;GCF_000006925.2;GCF_000006945.1;GCF_000009065.1;GCF_000018045.1;GCF_000025565.1;GCF_000069965.1;GCF_000240185.1;GCF_000270125.2
orthogroup_1661	9	9	GCF_000005845.2;GCF_000006925.2;GCF_000006945.1;GCF_000009065.1;GCF_000018045.1;GCF_000025565.1;GCF_000069965.1;GCF_000240185.1;GCF_000270125.2
orthogroup_1662	10	10	GCF_000005845.2;GCF_000006925.2;GCF_000006945.1;GCF_000009065.1;GCF_000018045.1;GCF_000025565.1;GCF_000069965.1;GCF_000240185.1;GCF_000270125.2;GCF_000762985.1
orthogroup_1663	9	9	GCF_000005845.2;GCF_000006925.2;GCF_000006945.1;GCF_000009065.1;GCF_000018045.1;GCF_000025565.1;GCF_000069965.1;GCF_000240185.1;GCF_000270125.2
orthogroup_1664	9	9	GCF_000005845.2;GCF_000006925.2;GCF_000006945.1;GCF_000009065.1;GCF_000018045.1;GCF_000025565.1;GCF_000069965.1;GCF_000240185.1;GCF_000270125.2
orthogroup_1665	9	9	GCF_000005845.2;GCF_000006925.2;GCF_000006945.1;GCF_000009065.1;GCF_000018045.1;GCF_000025565.1;GCF_000069965.1;GCF_000240185.1;GCF_000762985.1
orthogroup_1666	9	9	GCF_000005845.2;GCF_000006925.2;GCF_000006945.1;GCF_000009065.1;GCF_000018045.1;GCF_000025565.1;GCF_000069965.1;GCF_000240185.1;GCF_000270125.2
orthogroup_1667	9	9	GCF_000005845.2;GCF_000006925.2;GCF_000006945.1;GCF_000018045.1;GCF_000025565.1;GCF_000069965.1;GCF_000240185.1;GCF_000270125.2;GCF_000762985.1
orthogroup_1668	9	9	GCF_000005845.2;GCF_000006925.2;GCF_000006945.1;GCF_000009065.1;GCF_000018045.1;GCF_000025565.1;GCF_000069965.1;GCF_000240185.1;GCF_000270125.2
orthogroup_1669	9	9	GCF_000005845.2;GCF_000006925.2;GCF_000006945.1;GCF_000009065.1;GCF_000018045.1;GCF_000025565.1;GCF_000069965.1;GCF_000240185.1;GCF_000270125.2
orthogroup_1670	10	10	GCF_000005845.2;GCF_000006925.2;GCF_000006945.1;GCF_000009065.1;GCF_000018045.1;GCF_000025565.1;GCF_000069965.1;GCF_000240185.1;GCF_000270125.2;GCF_000762985.1
orthogroup_1671	9	9	GCF_000005845.2;GCF_000006925.2;GCF_000006945.1;GCF_000009065.1;GCF_000018045.1;GCF_000025565.1;GCF_000069965.1;GCF_000240185.1;GCF_000270125.2
orthogroup_1672	9	9	GCF_000005845.2;GCF_000006925.2;GCF_000006945.1;GCF_000009065.1;GCF_000018045.1;GCF_000025565.1;GCF_000069965.1;GCF_000240185.1;GCF_000270125.2
orthogroup_1673	10	10	GCF_000005845.2;GCF_000006925.2;GCF_000006945.1;GCF_000009065.1;GCF_000018045.1;GCF_000025565.1;GCF_000069965.1;GCF_000240185.1;GCF_000270125.2;GCF_000762985.1
orthogroup_1674	10	10	GCF_000005845.2;GCF_000006925.2;GCF_000006945.1;GCF_000009065.1;GCF_000018045.1;GCF_000025565.1;GCF_000069965.1;GCF_000240185.1;GCF_000270125.2;GCF_000762985.1
orthogroup_1675	10	10	GCF_000005845.2;GCF_000006925.2;GCF_000006945.1;GCF_000009065.1;GCF_000018045.1;GCF_000025565.1;GCF_000069965.1;GCF_000240185.1;GCF_000270125.2;GCF_000762985.1
orthogroup_1676	9	9	GCF_000005845.2;GCF_000006925.2;GCF_000006945.1;GCF_000009065.1;GCF_000018045.1;GCF_000025565.1;GCF_000069965.1;GCF_000240185.1;GCF_000270125.2
orthogroup_1677	10	10	GCF_000005845.2;GCF_000006925.2;GCF_000006945.1;GCF_000009065.1;GCF_000018045.1;GCF_000025565.1;GCF_000069965.1;GCF_000240185.1;GCF_000270125.2;GCF_000762985.1
orthogroup_1678	9	9	GCF_000005845.2;GCF_000006925.2;GCF_000006945.1;GCF_000009065.1;GCF_000018045.1;GCF_000025565.1;GCF_000069965.1;GCF_000240185.1;GCF_000270125.2
orthogroup_1679	9	9	GCF_000005845.2;GCF_000006925.2;GCF_000006945.1;GCF_000009065.1;GCF_000018045.1;GCF_000025565.1;GCF_000069965.1;GCF_000240185.1;GCF_000270125.2
orthogroup_1680	9	9	GCF_000005845.2;GCF_000006925.2;GCF_000006945.1;GCF_000009065.1;GCF_000018045.1;GCF_000025565.1;GCF_000069965.1;GCF_000240185.1;GCF_000270125.2
orthogroup_1681	9	9	GCF_000005845.2;GCF_000006925.2;GCF_000006945.1;GCF_000009065.1;GCF_000018045.1;GCF_000025565.1;GCF_000069965.1;GCF_000240185.1;GCF_000270125.2
orthogroup_1682	8	8	GCF_000005845.2;GCF_000006925.2;GCF_000006945.1;GCF_000009065.1;GCF_000018045.1;GCF_000025565.1;GCF_000240185.1;GCF_000270125.2
orthogroup_1683	10	10	GCF_000005845.2;GCF_000006925.2;GCF_000006945.1;GCF_000009065.1;GCF_000018045.1;GCF_000025565.1;GCF_000069965.1;GCF_000240185.1;GCF_000270125.2;GCF_000762985.1
orthogroup_1684	9	9	GCF_000005845.2;GCF_000006925.2;GCF_000006945.1;GCF_000009065.1;GCF_000018045.1;GCF_000025565.1;GCF_000069965.1;GCF_000240185.1;GCF_000270125.2
orthogroup_1685	10	10	GCF_000005845.2;GCF_000006925.2;GCF_000006945.1;GCF_000009065.1;GCF_000018045.1;GCF_000025565.1;GCF_000069965.1;GCF_000240185.1;GCF_000270125.2;GCF_000762985.1
orthogroup_1686	9	9	GCF_000005845.2;GCF_000006925.2;GCF_000006945.1;GCF_000009065.1;GCF_000018045.1;GCF_000025565.1;GCF_000069965.1;GCF_000240185.1;GCF_000270125.2
orthogroup_1687	8	8	GCF_000005845.2;GCF_000006925.2;GCF_000006945.1;GCF_000009065.1;GCF_000018045.1;GCF_000025565.1;GCF_000240185.1;GCF_000270125.2
orthogroup_1688	9	9	GCF_000005845.2;GCF_000006925.2;GCF_000006945.1;GCF_000009065.1;GCF_000018045.1;GCF_000025565.1;GCF_000069965.1;GCF_000240185.1;GCF_000270125.2
orthogroup_1689	10	10	GCF_000005845.2;GCF_000006925.2;GCF_000006945.1;GCF_000009065.1;GCF_000018045.1;GCF_000025565.1;GCF_000069965.1;GCF_000240185.1;GCF_000270125.2;GCF_000762985.1
orthogroup_1690	9	9	GCF_000005845.2;GCF_000006925.2;GCF_000006945.1;GCF_000009065.1;GCF_000018045.1;GCF_000025565.1;GCF_000069965.1;GCF_000240185.1;GCF_000270125.2
orthogroup_1691	9	9	GCF_000005845.2;GCF_000006925.2;GCF_000006945.1;GCF_000009065.1;GCF_000018045.1;GCF_000025565.1;GCF_000069965.1;GCF_000240185.1;GCF_000270125.2
orthogroup_1692	8	8	GCF_000005845.2;GCF_000006925.2;GCF_000006945.1;GCF_000018045.1;GCF_000025565.1;GCF_000069965.1;GCF_000240185.1;GCF_000270125.2
orthogroup_1693	10	10	GCF_000005845.2;GCF_000006925.2;GCF_000006945.1;GCF_000009065.1;GCF_000018045.1;GCF_000025565.1;GCF_000069965.1;GCF_000240185.1;GCF_000270125.2;GCF_000762985.1
orthogroup_1694	8	8	GCF_000005845.2;GCF_000006925.2;GCF_000006945.1;GCF_000018045.1;GCF_000025565.1;GCF_000069965.1;GCF_000240185.1;GCF_000270125.2
orthogroup_1695	9	9	GCF_000005845.2;GCF_000006925.2;GCF_000006945.1;GCF_000009065.1;GCF_000018045.1;GCF_000025565.1;GCF_000069965.1;GCF_000240185.1;GCF_000270125.2
orthogroup_1696	9	9	GCF_000005845.2;GCF_000006925.2;GCF_000006945.1;GCF_000009065.1;GCF_000018045.1;GCF_000025565.1;GCF_000069965.1;GCF_000240185.1;GCF_000270125.2
orthogroup_1697	8	8	GCF_000005845.2;GCF_000006925.2;GCF_000006945.1;GCF_000009065.1;GCF_000018045.1;GCF_000025565.1;GCF_000240185.1;GCF_000270125.2
orthogroup_1698	9	9	GCF_000005845.2;GCF_000006925.2;GCF_000006945.1;GCF_000009065.1;GCF_000018045.1;GCF_000025565.1;GCF_000240185.1;GCF_000270125.2;GCF_000762985.1
orthogroup_1699	9	9	GCF_000005845.2;GCF_000006925.2;GCF_000006945.1;GCF_000009065.1;GCF_000018045.1;GCF_000025565.1;GCF_000069965.1;GCF_000240185.1;GCF_000270125.2
orthogroup_1700	9	9	GCF_000005845.2;GCF_000006925.2;GCF_000006945.1;GCF_000009065.1;GCF_000018045.1;GCF_000025565.1;GCF_000069965.1;GCF_000240185.1;GCF_000270125.2
orthogroup_1701	9	9	GCF_000005845.2;GCF_000006925.2;GCF_000006945.1;GCF_000009065.1;GCF_000018045.1;GCF_000025565.1;GCF_000069965.1;GCF_000240185.1;GCF_000270125.2
orthogroup_1702	10	10	GCF_000005845.2;GCF_000006925.2;GCF_000006945.1;GCF_000009065.1;GCF_000018045.1;GCF_000025565.1;GCF_000069965.1;GCF_000240185.1;GCF_000270125.2;GCF_000762985.1
orthogroup_1703	8	8	GCF_000005845.2;GCF_000006925.2;GCF_000006945.1;GCF_000009065.1;GCF_000018045.1;GCF_000025565.1;GCF_000069965.1;GCF_000240185.1
orthogroup_1704	8	8	GCF_000005845.2;GCF_000006925.2;GCF_000006945.1;GCF_000009065.1;GCF_000018045.1;GCF_000025565.1;GCF_000240185.1;GCF_000270125.2
orthogroup_1705	9	9	GCF_000005845.2;GCF_000006925.2;GCF_000006945.1;GCF_000009065.1;GCF_000018045.1;GCF_000025565.1;GCF_000069965.1;GCF_000240185.1;GCF_000270125.2
orthogroup_1706	9	9	GCF_000005845.2;GCF_000006925.2;GCF_000006945.1;GCF_000009065.1;GCF_000018045.1;GCF_000025565.1;GCF_000069965.1;GCF_000240185.1;GCF_000270125.2
orthogroup_1707	9	9	GCF_000005845.2;GCF_000006925.2;GCF_000006945.1;GCF_000009065.1;GCF_000018045.1;GCF_000025565.1;GCF_000069965.1;GCF_000240185.1;GCF_000270125.2
orthogroup_1708	9	9	GCF_000005845.2;GCF_000006925.2;GCF_000006945.1;GCF_000009065.1;GCF_000018045.1;GCF_000025565.1;GCF_000069965.1;GCF_000240185.1;GCF_000270125.2
orthogroup_1709	10	10	GCF_000005845.2;GCF_000006925.2;GCF_000006945.1;GCF_000009065.1;GCF_000018045.1;GCF_000025565.1;GCF_000069965.1;GCF_000240185.1;GCF_000270125.2;GCF_000762985.1
orthogroup_1710	8	8	GCF_000005845.2;GCF_000006925.2;GCF_000006945.1;GCF_000009065.1;GCF_000018045.1;GCF_000025565.1;GCF_000069965.1;GCF_000270125.2
orthogroup_1711	10	10	GCF_000005845.2;GCF_000006925.2;GCF_000006945.1;GCF_000009065.1;GCF_000018045.1;GCF_000025565.1;GCF_000069965.1;GCF_000240185.1;GCF_000270125.2;GCF_000762985.1
orthogroup_1712	10	10	GCF_000005845.2;GCF_000006925.2;GCF_000006945.1;GCF_000009065.1;GCF_000018045.1;GCF_000025565.1;GCF_000069965.1;GCF_000240185.1;GCF_000270125.2;GCF_000762985.1
orthogroup_1713	9	9	GCF_000005845.2;GCF_000006925.2;GCF_000006945.1;GCF_000009065.1;GCF_000018045.1;GCF_000025565.1;GCF_000069965.1;GCF_000240185.1;GCF_000270125.2
orthogroup_1714	9	9	GCF_000005845.2;GCF_000006925.2;GCF_000006945.1;GCF_000009065.1;GCF_000018045.1;GCF_000025565.1;GCF_000069965.1;GCF_000240185.1;GCF_000270125.2
orthogroup_1715	9	9	GCF_000005845.2;GCF_000006925.2;GCF_000006945.1;GCF_000009065.1;GCF_000018045.1;GCF_000025565.1;GCF_000069965.1;GCF_000240185.1;GCF_000270125.2
orthogroup_1716	9	9	GCF_000005845.2;GCF_000006925.2;GCF_000006945.1;GCF_000009065.1;GCF_000018045.1;GCF_000025565.1;GCF_000069965.1;GCF_000240185.1;GCF_000270125.2
orthogroup_1717	8	8	GCF_000005845.2;GCF_000006925.2;GCF_000006945.1;GCF_000009065.1;GCF_000018045.1;GCF_000025565.1;GCF_000240185.1;GCF_000270125.2
orthogroup_1718	9	9	GCF_000005845.2;GCF_000006925.2;GCF_000006945.1;GCF_000009065.1;GCF_000018045.1;GCF_000025565.1;GCF_000069965.1;GCF_000240185.1;GCF_000270125.2
orthogroup_1719	8	8	GCF_000005845.2;GCF_000006925.2;GCF_000006945.1;GCF_000009065.1;GCF_000018045.1;GCF_000025565.1;GCF_000069965.1;GCF_000270125.2
orthogroup_1720	8	8	GCF_000005845.2;GCF_000006925.2;GCF_000006945.1;GCF_000009065.1;GCF_000018045.1;GCF_000025565.1;GCF_000240185.1;GCF_000762985.1
orthogroup_1721	8	8	GCF_000005845.2;GCF_000006925.2;GCF_000006945.1;GCF_000009065.1;GCF_000025565.1;GCF_000069965.1;GCF_000240185.1;GCF_000270125.2
orthogroup_1722	8	8	GCF_000005845.2;GCF_000006925.2;GCF_000006945.1;GCF_000018045.1;GCF_000025565.1;GCF_000069965.1;GCF_000240185.1;GCF_000270125.2
orthogroup_1723	10	10	GCF_000005845.2;GCF_000006925.2;GCF_000006945.1;GCF_000009065.1;GCF_000018045.1;GCF_000025565.1;GCF_000069965.1;GCF_000240185.1;GCF_000270125.2;GCF_000762985.1
orthogroup_1724	8	8	GCF_000005845.2;GCF_000006925.2;GCF_000006945.1;GCF_000009065.1;GCF_000018045.1;GCF_000025565.1;GCF_000240185.1;GCF_000270125.2
orthogroup_1725	8	8	GCF_000005845.2;GCF_000006925.2;GCF_000006945.1;GCF_000009065.1;GCF_000018045.1;GCF_000025565.1;GCF_000069965.1;GCF_000240185.1
orthogroup_1726	9	9	GCF_000005845.2;GCF_000006925.2;GCF_000006945.1;GCF_000009065.1;GCF_000018045.1;GCF_000025565.1;GCF_000069965.1;GCF_000240185.1;GCF_000270125.2
orthogroup_1727	10	10	GCF_000005845.2;GCF_000006925.2;GCF_000006945.1;GCF_000009065.1;GCF_000018045.1;GCF_000025565.1;GCF_000069965.1;GCF_000240185.1;GCF_000270125.2;GCF_000762985.1
orthogroup_1728	8	8	GCF_000005845.2;GCF_000006925.2;GCF_000006945.1;GCF_000009065.1;GCF_000018045.1;GCF_000025565.1;GCF_000069965.1;GCF_000240185.1
orthogroup_1729	9	9	GCF_000005845.2;GCF_000006925.2;GCF_000006945.1;GCF_000009065.1;GCF_000018045.1;GCF_000025565.1;GCF_000069965.1;GCF_000240185.1;GCF_000270125.2
orthogroup_1730	9	9	GCF_000005845.2;GCF_000006925.2;GCF_000006945.1;GCF_000009065.1;GCF_000018045.1;GCF_000025565.1;GCF_000069965.1;GCF_000240185.1;GCF_000270125.2
orthogroup_1731	8	8	GCF_000005845.2;GCF_000006925.2;GCF_000006945.1;GCF_000009065.1;GCF_000018045.1;GCF_000025565.1;GCF_000069965.1;GCF_000270125.2
orthogroup_1732	9	9	GCF_000005845.2;GCF_000006925.2;GCF_000006945.1;GCF_000009065.1;GCF_000018045.1;GCF_000025565.1;GCF_000069965.1;GCF_000240185.1;GCF_000270125.2
orthogroup_1733	9	9	GCF_000005845.2;GCF_000006925.2;GCF_000006945.1;GCF_000009065.1;GCF_000018045.1;GCF_000025565.1;GCF_000069965.1;GCF_000240185.1;GCF_000270125.2
orthogroup_1734	10	10	GCF_000005845.2;GCF_000006925.2;GCF_000006945.1;GCF_000009065.1;GCF_000018045.1;GCF_000025565.1;GCF_000069965.1;GCF_000240185.1;GCF_000270125.2;GCF_000762985.1
orthogroup_1735	8	8	GCF_000005845.2;GCF_000006925.2;GCF_000006945.1;GCF_000018045.1;GCF_000025565.1;GCF_000240185.1;GCF_000270125.2;GCF_000762985.1
orthogroup_1736	9	9	GCF_000005845.2;GCF_000006925.2;GCF_000006945.1;GCF_000009065.1;GCF_000018045.1;GCF_000025565.1;GCF_000069965.1;GCF_000240185.1;GCF_000270125.2
orthogroup_1737	9	9	GCF_000005845.2;GCF_000006925.2;GCF_000006945.1;GCF_000009065.1;GCF_000018045.1;GCF_000025565.1;GCF_000069965.1;GCF_000240185.1;GCF_000270125.2
orthogroup_1738	10	10	GCF_000005845.2;GCF_000006925.2;GCF_000006945.1;GCF_000009065.1;GCF_000018045.1;GCF_000025565.1;GCF_000069965.1;GCF_000240185.1;GCF_000270125.2;GCF_000762985.1
orthogroup_1739	9	9	GCF_000005845.2;GCF_000006925.2;GCF_000006945.1;GCF_000009065.1;GCF_000018045.1;GCF_000025565.1;GCF_000069965.1;GCF_000240185.1;GCF_000270125.2
orthogroup_1740	8	8	GCF_000005845.2;GCF_000006925.2;GCF_000006945.1;GCF_000009065.1;GCF_000018045.1;GCF_000025565.1;GCF_000240185.1;GCF_000270125.2
orthogroup_1741	9	9	GCF_000005845.2;GCF_000006925.2;GCF_000006945.1;GCF_000009065.1;GCF_000018045.1;GCF_000025565.1;GCF_000069965.1;GCF_000240185.1;GCF_000270125.2
orthogroup_1742	9	9	GCF_000005845.2;GCF_000006925.2;GCF_000006945.1;GCF_000009065.1;GCF_000018045.1;GCF_000025565.1;GCF_000069965.1;GCF_000240185.1;GCF_000270125.2
orthogroup_1743	8	8	GCF_000005845.2;GCF_000006925.2;GCF_000006945.1;GCF_000009065.1;GCF_000018045.1;GCF_000025565.1;GCF_000240185.1;GCF_000270125.2
orthogroup_1744	9	9	GCF_000005845.2;GCF_000006925.2;GCF_000006945.1;GCF_000009065.1;GCF_000018045.1;GCF_000025565.1;GCF_000069965.1;GCF_000240185.1;GCF_000270125.2
orthogroup_1745	9	9	GCF_000005845.2;GCF_000006925.2;GCF_000006945.1;GCF_000009065.1;GCF_000018045.1;GCF_000025565.1;GCF_000069965.1;GCF_000240185.1;GCF_000270125.2
orthogroup_1746	10	10	GCF_000005845.2;GCF_000006925.2;GCF_000006945.1;GCF_000009065.1;GCF_000018045.1;GCF_000025565.1;GCF_000069965.1;GCF_000240185.1;GCF_000270125.2;GCF_000762985.1
orthogroup_1747	9	9	GCF_000005845.2;GCF_000006925.2;GCF_000006945.1;GCF_000009065.1;GCF_000018045.1;GCF_000025565.1;GCF_000069965.1;GCF_000270125.2;GCF_000762985.1
orthogroup_1748	9	9	GCF_000005845.2;GCF_000006925.2;GCF_000006945.1;GCF_000009065.1;GCF_000018045.1;GCF_000025565.1;GCF_000069965.1;GCF_000240185.1;GCF_000270125.2
orthogroup_1749	10	10	GCF_000005845.2;GCF_000006925.2;GCF_000006945.1;GCF_000009065.1;GCF_000018045.1;GCF_000025565.1;GCF_000069965.1;GCF_000240185.1;GCF_000270125.2;GCF_000762985.1
orthogroup_1750	8	8	GCF_000005845.2;GCF_000006925.2;GCF_000006945.1;GCF_000009065.1;GCF_000018045.1;GCF_000025565.1;GCF_000240185.1;GCF_000270125.2
orthogroup_1751	8	8	GCF_000005845.2;GCF_000006925.2;GCF_000006945.1;GCF_000009065.1;GCF_000018045.1;GCF_000025565.1;GCF_000240185.1;GCF_000270125.2
orthogroup_1752	9	9	GCF_000005845.2;GCF_000006925.2;GCF_000006945.1;GCF_000009065.1;GCF_000018045.1;GCF_000025565.1;GCF_000069965.1;GCF_000240185.1;GCF_000270125.2
orthogroup_1753	8	8	GCF_000005845.2;GCF_000006925.2;GCF_000006945.1;GCF_000009065.1;GCF_000018045.1;GCF_000025565.1;GCF_000240185.1;GCF_000270125.2
orthogroup_1754	9	9	GCF_000005845.2;GCF_000006925.2;GCF_000006945.1;GCF_000009065.1;GCF_000018045.1;GCF_000025565.1;GCF_000069965.1;GCF_000240185.1;GCF_000762985.1
orthogroup_1755	10	10	GCF_000005845.2;GCF_000006925.2;GCF_000006945.1;GCF_000009065.1;GCF_000018045.1;GCF_000025565.1;GCF_000069965.1;GCF_000240185.1;GCF_000270125.2;GCF_000762985.1
orthogroup_1756	9	9	GCF_000005845.2;GCF_000006925.2;GCF_000006945.1;GCF_000009065.1;GCF_000018045.1;GCF_000025565.1;GCF_000069965.1;GCF_000240185.1;GCF_000270125.2
orthogroup_1757	8	8	GCF_000005845.2;GCF_000006925.2;GCF_000006945.1;GCF_000009065.1;GCF_000018045.1;GCF_000025565.1;GCF_000240185.1;GCF_000270125.2
orthogroup_1758	9	9	GCF_000005845.2;GCF_000006925.2;GCF_000006945.1;GCF_000009065.1;GCF_000018045.1;GCF_000025565.1;GCF_000069965.1;GCF_000240185.1;GCF_000270125.2
orthogroup_1759	9	9	GCF_000005845.2;GCF_000006925.2;GCF_000006945.1;GCF_000018045.1;GCF_000025565.1;GCF_000069965.1;GCF_000240185.1;GCF_000270125.2;GCF_000762985.1
orthogroup_1760	9	9	GCF_000005845.2;GCF_000006925.2;GCF_000006945.1;GCF_000009065.1;GCF_000018045.1;GCF_000025565.1;GCF_000069965.1;GCF_000270125.2;GCF_000762985.1
orthogroup_1761	10	10	GCF_000005845.2;GCF_000006925.2;GCF_000006945.1;GCF_000009065.1;GCF_000018045.1;GCF_000025565.1;GCF_000069965.1;GCF_000240185.1;GCF_000270125.2;GCF_000762985.1
orthogroup_1762	9	9	GCF_000005845.2;GCF_000006925.2;GCF_000006945.1;GCF_000009065.1;GCF_000018045.1;GCF_000025565.1;GCF_000069965.1;GCF_000240185.1;GCF_000270125.2
orthogroup_1763	9	9	GCF_000005845.2;GCF_000006925.2;GCF_000006945.1;GCF_000009065.1;GCF_000018045.1;GCF_000025565.1;GCF_000069965.1;GCF_000240185.1;GCF_000270125.2
orthogroup_1764	8	8	GCF_000005845.2;GCF_000006925.2;GCF_000006945.1;GCF_000009065.1;GCF_000018045.1;GCF_000025565.1;GCF_000240185.1;GCF_000270125.2
orthogroup_1765	9	9	GCF_000005845.2;GCF_000006925.2;GCF_000006945.1;GCF_000009065.1;GCF_000018045.1;GCF_000025565.1;GCF_000069965.1;GCF_000240185.1;GCF_000270125.2
orthogroup_1766	8	8	GCF_000005845.2;GCF_000006925.2;GCF_000006945.1;GCF_000009065.1;GCF_000018045.1;GCF_000025565.1;GCF_000240185.1;GCF_000270125.2
orthogroup_1767	8	8	GCF_000005845.2;GCF_000006925.2;GCF_000006945.1;GCF_000009065.1;GCF_000018045.1;GCF_000025565.1;GCF_000069965.1;GCF_000240185.1
orthogroup_1768	9	9	GCF_000005845.2;GCF_000006925.2;GCF_000006945.1;GCF_000009065.1;GCF_000018045.1;GCF_000025565.1;GCF_000069965.1;GCF_000240185.1;GCF_000270125.2
orthogroup_1769	9	9	GCF_000005845.2;GCF_000006925.2;GCF_000006945.1;GCF_000009065.1;GCF_000018045.1;GCF_000025565.1;GCF_000069965.1;GCF_000240185.1;GCF_000270125.2
orthogroup_1770	9	9	GCF_000005845.2;GCF_000006925.2;GCF_000006945.1;GCF_000009065.1;GCF_000018045.1;GCF_000025565.1;GCF_000069965.1;GCF_000240185.1;GCF_000270125.2
orthogroup_1771	10	10	GCF_000005845.2;GCF_000006925.2;GCF_000006945.1;GCF_000009065.1;GCF_000018045.1;GCF_000025565.1;GCF_000069965.1;GCF_000240185.1;GCF_000270125.2;GCF_000762985.1
orthogroup_1772	9	9	GCF_000005845.2;GCF_000006925.2;GCF_000006945.1;GCF_000009065.1;GCF_000018045.1;GCF_000025565.1;GCF_000069965.1;GCF_000240185.1;GCF_000270125.2
orthogroup_1773	8	8	GCF_000005845.2;GCF_000006925.2;GCF_000006945.1;GCF_000009065.1;GCF_000018045.1;GCF_000025565.1;GCF_000240185.1;GCF_000270125.2
orthogroup_1774	10	10	GCF_000005845.2;GCF_000006925.2;GCF_000006945.1;GCF_000009065.1;GCF_000018045.1;GCF_000025565.1;GCF_000069965.1;GCF_000240185.1;GCF_000270125.2;GCF_000762985.1
orthogroup_1775	8	8	GCF_000005845.2;GCF_000006945.1;GCF_000009065.1;GCF_000018045.1;GCF_000025565.1;GCF_000069965.1;GCF_000240185.1;GCF_000270125.2
orthogroup_1776	8	8	GCF_000005845.2;GCF_000006945.1;GCF_000009065.1;GCF_000018045.1;GCF_000025565.1;GCF_000069965.1;GCF_000240185.1;GCF_000270125.2
orthogroup_1777	8	8	GCF_000005845.2;GCF_000006945.1;GCF_000009065.1;GCF_000018045.1;GCF_000025565.1;GCF_000069965.1;GCF_000240185.1;GCF_000270125.2
orthogroup_1778	8	8	GCF_000005845.2;GCF_000006945.1;GCF_000009065.1;GCF_000018045.1;GCF_000025565.1;GCF_000069965.1;GCF_000240185.1;GCF_000270125.2
orthogroup_1779	8	8	GCF_000005845.2;GCF_000006945.1;GCF_000009065.1;GCF_000018045.1;GCF_000025565.1;GCF_000240185.1;GCF_000270125.2;GCF_000762985.1
orthogroup_1780	8	8	GCF_000005845.2;GCF_000006945.1;GCF_000009065.1;GCF_000018045.1;GCF_000025565.1;GCF_000069965.1;GCF_000240185.1;GCF_000270125.2
orthogroup_1781	8	8	GCF_000005845.2;GCF_000006945.1;GCF_000009065.1;GCF_000018045.1;GCF_000025565.1;GCF_000069965.1;GCF_000240185.1;GCF_000270125.2
orthogroup_1782	8	8	GCF_000005845.2;GCF_000006945.1;GCF_000009065.1;GCF_000018045.1;GCF_000025565.1;GCF_000069965.1;GCF_000240185.1;GCF_000270125.2
orthogroup_1783	8	8	GCF_000005845.2;GCF_000006945.1;GCF_000009065.1;GCF_000018045.1;GCF_000025565.1;GCF_000069965.1;GCF_000240185.1;GCF_000270125.2
orthogroup_1784	8	8	GCF_000005845.2;GCF_000006945.1;GCF_000009065.1;GCF_000018045.1;GCF_000025565.1;GCF_000069965.1;GCF_000240185.1;GCF_000270125.2
orthogroup_1785	8	8	GCF_000005845.2;GCF_000006945.1;GCF_000009065.1;GCF_000018045.1;GCF_000025565.1;GCF_000069965.1;GCF_000240185.1;GCF_000270125.2
orthogroup_1786	8	8	GCF_000005845.2;GCF_000006945.1;GCF_000009065.1;GCF_000018045.1;GCF_000025565.1;GCF_000069965.1;GCF_000270125.2;GCF_000762985.1
orthogroup_1787	8	8	GCF_000005845.2;GCF_000006945.1;GCF_000009065.1;GCF_000018045.1;GCF_000025565.1;GCF_000069965.1;GCF_000240185.1;GCF_000270125.2
orthogroup_1788	8	8	GCF_000005845.2;GCF_000006945.1;GCF_000009065.1;GCF_000018045.1;GCF_000025565.1;GCF_000069965.1;GCF_000240185.1;GCF_000270125.2
orthogroup_1789	8	8	GCF_000005845.2;GCF_000006945.1;GCF_000009065.1;GCF_000018045.1;GCF_000025565.1;GCF_000069965.1;GCF_000240185.1;GCF_000270125.2
orthogroup_1790	8	8	GCF_000005845.2;GCF_000006945.1;GCF_000009065.1;GCF_000018045.1;GCF_000025565.1;GCF_000069965.1;GCF_000240185.1;GCF_000270125.2
orthogroup_1791	8	8	GCF_000005845.2;GCF_000006945.1;GCF_000009065.1;GCF_000018045.1;GCF_000025565.1;GCF_000240185.1;GCF_000270125.2;GCF_000762985.1
orthogroup_1792	8	8	GCF_000005845.2;GCF_000006945.1;GCF_000009065.1;GCF_000018045.1;GCF_000025565.1;GCF_000069965.1;GCF_000240185.1;GCF_000270125.2
orthogroup_1793	8	8	GCF_000005845.2;GCF_000006945.1;GCF_000009065.1;GCF_000018045.1;GCF_000025565.1;GCF_000069965.1;GCF_000240185.1;GCF_000270125.2
orthogroup_1794	8	8	GCF_000005845.2;GCF_000006945.1;GCF_000009065.1;GCF_000018045.1;GCF_000025565.1;GCF_000069965.1;GCF_000240185.1;GCF_000270125.2
orthogroup_1795	8	8	GCF_000005845.2;GCF_000006945.1;GCF_000009065.1;GCF_000018045.1;GCF_000025565.1;GCF_000069965.1;GCF_000240185.1;GCF_000270125.2
orthogroup_1796	8	8	GCF_000005845.2;GCF_000006945.1;GCF_000009065.1;GCF_000018045.1;GCF_000025565.1;GCF_000069965.1;GCF_000240185.1;GCF_000270125.2
orthogroup_1797	8	8	GCF_000005845.2;GCF_000006945.1;GCF_000009065.1;GCF_000018045.1;GCF_000025565.1;GCF_000069965.1;GCF_000240185.1;GCF_000270125.2
orthogroup_1798	8	8	GCF_000005845.2;GCF_000006945.1;GCF_000009065.1;GCF_000018045.1;GCF_000025565.1;GCF_000069965.1;GCF_000240185.1;GCF_000762985.1
orthogroup_1799	9	9	GCF_000005845.2;GCF_000006945.1;GCF_000009065.1;GCF_000018045.1;GCF_000025565.1;GCF_000069965.1;GCF_000240185.1;GCF_000270125.2;GCF_000762985.1
orthogroup_1800	8	8	GCF_000005845.2;GCF_000006945.1;GCF_000009065.1;GCF_000018045.1;GCF_000025565.1;GCF_000069965.1;GCF_000240185.1;GCF_000270125.2
orthogroup_1801	8	8	GCF_000005845.2;GCF_000006945.1;GCF_000009065.1;GCF_000018045.1;GCF_000025565.1;GCF_000069965.1;GCF_000240185.1;GCF_000270125.2
orthogroup_1802	8	8	GCF_000005845.2;GCF_000006945.1;GCF_000009065.1;GCF_000018045.1;GCF_000025565.1;GCF_000069965.1;GCF_000240185.1;GCF_000270125.2
orthogroup_1803	8	8	GCF_000005845.2;GCF_000006945.1;GCF_000009065.1;GCF_000018045.1;GCF_000025565.1;GCF_000069965.1;GCF_000240185.1;GCF_000270125.2
orthogroup_1804	8	8	GCF_000005845.2;GCF_000006945.1;GCF_000009065.1;GCF_000018045.1;GCF_000025565.1;GCF_000069965.1;GCF_000240185.1;GCF_000270125.2
orthogroup_1805	9	9	GCF_000005845.2;GCF_000006945.1;GCF_000009065.1;GCF_000018045.1;GCF_000025565.1;GCF_000069965.1;GCF_000240185.1;GCF_000270125.2;GCF_000762985.1
orthogroup_1806	8	8	GCF_000005845.2;GCF_000006945.1;GCF_000009065.1;GCF_000018045.1;GCF_000025565.1;GCF_000240185.1;GCF_000270125.2;GCF_000762985.1
orthogroup_1807	8	8	GCF_000005845.2;GCF_000006945.1;GCF_000009065.1;GCF_000018045.1;GCF_000025565.1;GCF_000069965.1;GCF_000240185.1;GCF_000270125.2
orthogroup_1808	8	8	GCF_000005845.2;GCF_000006945.1;GCF_000009065.1;GCF_000018045.1;GCF_000025565.1;GCF_000069965.1;GCF_000240185.1;GCF_000762985.1
orthogroup_1809	9	9	GCF_000005845.2;GCF_000006945.1;GCF_000009065.1;GCF_000018045.1;GCF_000025565.1;GCF_000069965.1;GCF_000240185.1;GCF_000270125.2;GCF_000762985.1
orthogroup_1810	8	8	GCF_000005845.2;GCF_000006945.1;GCF_000009065.1;GCF_000018045.1;GCF_000025565.1;GCF_000069965.1;GCF_000240185.1;GCF_000270125.2
orthogroup_1811	8	8	GCF_000005845.2;GCF_000006945.1;GCF_000009065.1;GCF_000018045.1;GCF_000025565.1;GCF_000069965.1;GCF_000240185.1;GCF_000270125.2
orthogroup_1812	9	9	GCF_000005845.2;GCF_000006945.1;GCF_000009065.1;GCF_000018045.1;GCF_000025565.1;GCF_000069965.1;GCF_000240185.1;GCF_000270125.2;GCF_000762985.1
orthogroup_1813	8	8	GCF_000005845.2;GCF_000006945.1;GCF_000009065.1;GCF_000018045.1;GCF_000025565.1;GCF_000240185.1;GCF_000270125.2;GCF_000762985.1
orthogroup_1814	8	8	GCF_000005845.2;GCF_000006945.1;GCF_000009065.1;GCF_000018045.1;GCF_000025565.1;GCF_000240185.1;GCF_000270125.2;GCF_000762985.1
orthogroup_1815	8	8	GCF_000005845.2;GCF_000006945.1;GCF_000009065.1;GCF_000018045.1;GCF_000025565.1;GCF_000069965.1;GCF_000240185.1;GCF_000270125.2
orthogroup_1816	9	9	GCF_000005845.2;GCF_000006945.1;GCF_000009065.1;GCF_000018045.1;GCF_000025565.1;GCF_000069965.1;GCF_000240185.1;GCF_000270125.2;GCF_000762985.1
orthogroup_1817	8	8	GCF_000005845.2;GCF_000006945.1;GCF_000009065.1;GCF_000018045.1;GCF_000025565.1;GCF_000069965.1;GCF_000240185.1;GCF_000270125.2
orthogroup_1818	8	8	GCF_000005845.2;GCF_000006945.1;GCF_000009065.1;GCF_000018045.1;GCF_000025565.1;GCF_000069965.1;GCF_000240185.1;GCF_000270125.2
orthogroup_1819	8	8	GCF_000005845.2;GCF_000006945.1;GCF_000009065.1;GCF_000018045.1;GCF_000025565.1;GCF_000069965.1;GCF_000240185.1;GCF_000270125.2
orthogroup_1820	8	8	GCF_000005845.2;GCF_000006945.1;GCF_000009065.1;GCF_000018045.1;GCF_000025565.1;GCF_000069965.1;GCF_000240185.1;GCF_000762985.1
orthogroup_1821	8	8	GCF_000005845.2;GCF_000006945.1;GCF_000009065.1;GCF_000018045.1;GCF_000025565.1;GCF_000069965.1;GCF_000240185.1;GCF_000270125.2
orthogroup_1822	8	8	GCF_000005845.2;GCF_000006945.1;GCF_000009065.1;GCF_000018045.1;GCF_000025565.1;GCF_000069965.1;GCF_000240185.1;GCF_000270125.2
orthogroup_1823	8	8	GCF_000005845.2;GCF_000006945.1;GCF_000009065.1;GCF_000018045.1;GCF_000025565.1;GCF_000069965.1;GCF_000240185.1;GCF_000270125.2
orthogroup_1824	9	9	GCF_000005845.2;GCF_000006945.1;GCF_000009065.1;GCF_000018045.1;GCF_000025565.1;GCF_000069965.1;GCF_000240185.1;GCF_000270125.2;GCF_000762985.1
orthogroup_1825	9	9	GCF_000005845.2;GCF_000006945.1;GCF_000009065.1;GCF_000018045.1;GCF_000025565.1;GCF_000069965.1;GCF_000240185.1;GCF_000270125.2;GCF_000762985.1
orthogroup_1826	8	8	GCF_000005845.2;GCF_000006945.1;GCF_000009065.1;GCF_000018045.1;GCF_000025565.1;GCF_000069965.1;GCF_000240185.1;GCF_000270125.2
orthogroup_1827	8	8	GCF_000005845.2;GCF_000006945.1;GCF_000009065.1;GCF_000018045.1;GCF_000025565.1;GCF_000069965.1;GCF_000240185.1;GCF_000270125.2
orthogroup_1828	8	8	GCF_000005845.2;GCF_000006945.1;GCF_000009065.1;GCF_000018045.1;GCF_000025565.1;GCF_000069965.1;GCF_000240185.1;GCF_000270125.2
orthogroup_1829	8	8	GCF_000005845.2;GCF_000006945.1;GCF_000009065.1;GCF_000018045.1;GCF_000025565.1;GCF_000069965.1;GCF_000240185.1;GCF_000270125.2
orthogroup_1830	9	9	GCF_000005845.2;GCF_000006945.1;GCF_000009065.1;GCF_000018045.1;GCF_000025565.1;GCF_000069965.1;GCF_000240185.1;GCF_000270125.2;GCF_000762985.1
orthogroup_1831	8	8	GCF_000005845.2;GCF_000006945.1;GCF_000009065.1;GCF_000018045.1;GCF_000025565.1;GCF_000069965.1;GCF_000240185.1;GCF_000270125.2
orthogroup_1832	8	8	GCF_000005845.2;GCF_000006945.1;GCF_000009065.1;GCF_000018045.1;GCF_000025565.1;GCF_000069965.1;GCF_000240185.1;GCF_000270125.2
orthogroup_1833	8	8	GCF_000005845.2;GCF_000006945.1;GCF_000009065.1;GCF_000018045.1;GCF_000025565.1;GCF_000069965.1;GCF_000240185.1;GCF_000270125.2
orthogroup_1834	8	8	GCF_000005845.2;GCF_000009065.1;GCF_000018045.1;GCF_000025565.1;GCF_000069965.1;GCF_000240185.1;GCF_000270125.2;GCF_000762985.1
orthogroup_1835	8	8	GCF_000006925.2;GCF_000006945.1;GCF_000009065.1;GCF_000018045.1;GCF_000025565.1;GCF_000069965.1;GCF_000240185.1;GCF_000270125.2
orthogroup_1836	8	8	GCF_000006925.2;GCF_000006945.1;GCF_000009065.1;GCF_000018045.1;GCF_000025565.1;GCF_000069965.1;GCF_000240185.1;GCF_000762985.1
